source_url,clicks,impressions,position,mapped_target,mapping_status,top_queries,priority_score
"https://khangvuongbooking.com/kinh-hai-chuyen-ma-am-o-khach-san-grand-hyatt-dai-bac/","530","4167","10.093352531797457","/cam-nang-bay","mapping_defined_unverified","grand hyatt đài loan | grandhyatt taipei | khách sạn bên đường tại đài bắc | khách sạn đài bắc | grand hyatt taipei","534416.0664746821"
"https://khangvuongbooking.com/","154","27263","11.403220481971903","/","mapping_defined_unverified","khang vuong booking | vé máy bay mai trí vương | khang vuong | đặt vé máy bay giá rẻ | ve may bay","181498.96779518027"
"https://khangvuongbooking.com/huong-dan-doi-ngay-bay-cac-hang-hang-khong/","126","27871","7.4730364895411","/hang-bay","mapping_defined_unverified","vé máy bay có đổi ngày được không | vé máy bay có thể đổi ngày được không | mua vé máy bay có đổi ngày được không | vé máy bay có đổi được ngày không | có đổi được vé máy bay không","154146.2696351046"
"https://khangvuongbooking.com/gioi-thieu-khang-vuong-booking/","99","2277","17.63153271848924","/hang-bay","mapping_defined_unverified","khang vuong | khang vuong booking | gửi hàng đi malaysia giá rẻ uy tín | mua hanh ly eva air | đại lý flyscoot","101450.68467281511"
"https://khangvuongbooking.com/ve-may-bay-ha-noi-di-thanh-dao-son-dong/","84","9495","8.529647182727752","","needs_mapping_review","vé máy bay hà nội thanh đảo | vé máy bay đi sơn đông trung quốc | vé máy bay đi thanh đảo | vé máy bay đi thanh đảo trung quốc | hà nội thanh đảo","93759.70352817273"
"https://khangvuongbooking.com/ve-may-bay-ha-noi-di-hang-chau/","81","10254","9.87565827969573","/ve-may-bay","mapping_defined_unverified","bay từ hà nội đến hàng châu mất bao lâu | bay thẳng hà nội hàng châu | vé máy bay đi hàng châu | vé máy bay hà nội hàng châu | giá vé máy bay hà nội hàng châu","91505.24341720305"
"https://khangvuongbooking.com/ve-may-bay-ho-chi-minh-di-thanh-dao-son-dong/","78","6689","7.909104499925251","","needs_mapping_review","vé máy bay đi thanh đảo | vé máy bay đi thanh đảo trung quốc | vé máy bay đi sơn đông trung quốc | sơn đông trung quốc cách việt nam bao nhiêu km | chuyến bay tới thanh đảo","84959.90895500075"
"https://khangvuongbooking.com/ve-may-bay-ho-chi-minh-di-cap-nhi-tan/","67","5255","7.9977164605137965","/ve-may-bay","mapping_defined_unverified","chuyến bay tới cáp nhĩ tân | vé máy bay đi cáp nhĩ tân | hành lý 23kg đi cáp nhĩ tân có thể mang gì | vé máy bay cáp nhĩ tân | chuyến bay từ tp. hồ chí minh đến cáp nhĩ tân","72525.02283539486"
"https://khangvuongbooking.com/ve-may-bay-ha-noi-di-urumqi-tan-cuong/","45","4277","8.689501987374328","/ve-may-bay","mapping_defined_unverified","bay hà nội tân cương mất bao lâu | vé máy bay đi urumqi | thời tiết urumqi | chuyến bay tới ürümqi | vé máy bay hà nội thiên tân","49540.104980126256"
"https://khangvuongbooking.com/so-dien-thoai-tong-dai-china-eastern-airlines/","42","3653","10.007391185327128","/hang-bay","mapping_defined_unverified","hotline china eastern airlines | tổng đài china eastern airlines | china eastern airlines hotline | văn phòng đại diện china eastern airlines tại hà nội | dai ly china eastern airlines","45902.92608814673"
"https://khangvuongbooking.com/ve-may-bay-ho-chi-minh-di-urumqi-tan-cuong/","40","3072","9.631184895833334","/ve-may-bay","mapping_defined_unverified","vé máy bay đi tân cương | vé máy bay tân cương | vé máy bay đi urumqi | chuyến bay tới ürümqi | thời tiết urumqi","43325.688151041664"
"https://khangvuongbooking.com/dai-ly-phong-ve-starlux-airlines/","38","2659","7.480631816472358","/hang-bay","mapping_defined_unverified","văn phòng đại diện starlux airlines tại tphcm | hãng bay starlux của nước nào | văn phòng starlux airlines | starlux airlines là hãng nào | starlux airlines của nước nào","40934.19368183528"
"https://khangvuongbooking.com/booking/","33","7596","3.1276987888362298","/cam-nang-bay","mapping_defined_unverified","95h lý nam đế | khang vuong booking | site:khangvuongbooking.com | 95 lý nam đế | 95 lý nam đế hoàn kiếm hà nội","40914.72301211164"
"https://khangvuongbooking.com/so-dien-thoai-tong-dai-starlux-airlines/","37","2959","6.9635011828320375","/hang-bay","mapping_defined_unverified","starlux airlines vietnam số điện thoại | starlux airlines hotline | văn phòng starlux airlines | starlux airlines vietnam sổ điện thoại | văn phòng đại diện starlux airlines tại tphcm","40239.36498817168"
"https://khangvuongbooking.com/dich-vu-checkin-chon-cho-ngoi-hang-eva-air/","37","2844","8.075246132208157","","needs_mapping_review","eva air check in online trước báo lâu | chọn chỗ ngồi eva air | daoi ve eva air | eva check in | eva booking","40113.24753867792"
"https://khangvuongbooking.com/sanh-thuc-chau-va-chau-au-qua-nhung-chiec-banh/","39","705","12.412765957446808","/cam-nang-bay","mapping_defined_unverified","bánh âu là gì | các loại bánh âu | bánh âu | site:khangvuongbooking.com | bánh á","39930.87234042553"
"https://khangvuongbooking.com/so-dien-thoai-tong-dai-china-airlines/","30","5052","10.706650831353919","/hang-bay","mapping_defined_unverified","tổng đài china airlines | số điện thoại china airlines | văn phòng china airlines tại tphcm | so dien thoai china airlines | số điện thoại địa chỉ hãng china airlines","35294.93349168646"
"https://khangvuongbooking.com/ve-may-bay-ha-noi-di-cap-nhi-tan/","31","2657","10.181031238238615","","needs_mapping_review","bay từ hà nội đến cáp nhĩ tân bao lâu | chuyến bay tới cáp nhĩ tân | vé máy bay đi cáp nhĩ tân | vé máy bay hà nội cáp nhĩ tân | chuyến bay từ tp. hồ chí minh đến cáp nhĩ tân","33905.18968761761"
"https://khangvuongbooking.com/chuyen-bay-sai-gon-tp-hcm-di-houston-my-thang-9/","29","2847","11.153846153846153","","needs_mapping_review","vé máy bay từ houston đi tp. hồ chí minh | vé máy bay đi houston | vé máy bay từ tphcm đi houston | vé máy bay từ tp. hồ chí minh đi houston | vé máy bay từ houston về sài gòn","32085.46153846154"
"https://khangvuongbooking.com/ve-may-bay-tu-ho-chi-minh-di-trung-khanh/","26","5552","13.472442363112393","","needs_mapping_review","chuyến bay tới trùng khánh | từ thành phố hồ chí minh đến trùng khánh bao nhiêu km | vé máy bay đi trùng khánh | vé máy bay đi trùng khánh trung quốc | giá vé máy bay hải phòng trùng khánh","31767.275576368877"
"https://khangvuongbooking.com/dai-ly-phong-ve-china-eastern-airlines/","21","7927","14.428283083133595","/hang-bay","mapping_defined_unverified","văn phòng china eastern airlines tại tphcm | đại lý china eastern airlines | dai ly china eastern airlines | doi ve china eastern airlines | mua hanh ly china eastern airlines","29132.717169168664"
"https://khangvuongbooking.com/dat-mua-ve-may-bay-da-nang-di-my/","23","4741","15.271883568867327","/ve-may-bay","mapping_defined_unverified","vé máy bay đà nẵng đi mỹ | vé máy bay từ mỹ về đà nẵng | vé máy bay đi jamaica | vé máy bay ra đà nẵng | săn vé máy bay giá rẻ đi đà nẵng","27938.281164311327"
"https://khangvuongbooking.com/ve-may-bay-di-nga-gia-re-moi-nhat-2025/","21","6199","20.090175834812065","/ve-may-bay","mapping_defined_unverified","ve may bay di nga | vé máy bay đi nga | từ việt nam sang nga bao nhiêu km | vé máy bay hà nội đi nga | vé máy bay từ nga về việt nam","27348.09824165188"
"https://khangvuongbooking.com/ve-may-bay-tu-ha-noi-di-thuong-hai/","15","11490","16.480591818973018","/ve-may-bay","mapping_defined_unverified","hà nội cách thượng hải bao nhiêu km | từ hà nội đến thượng hải bao nhiêu km | vé máy bay đi thượng hải | giá vé máy bay hà nội thượng hải | giá vé máy bay từ hà nội đi thượng hải","26675.19408181027"
"https://khangvuongbooking.com/dich-vu-checkin-chon-cho-ngoi-hang-china-airlines/","24","1542","7.528534370946822","/hang-bay","mapping_defined_unverified","checkin china airlines | chon china | check-in china airlines | china checkin | check in china","25816.714656290533"
"https://khangvuongbooking.com/ve-may-bay-ha-noi-di-tay-an/","20","3271","12.644756955059615","/ve-may-bay","mapping_defined_unverified","vé máy bay đi tây an | vé máy bay đi tây an trung quốc | vé máy bay hà nội tây an | thiểm tây cách hà nội bao nhiêu km | vé máy bay đi lhasa","23494.552430449403"
"https://khangvuongbooking.com/ve-may-bay-ha-noi-di-tam-a-hai-nam/","21","1881","8.56087187666135","","needs_mapping_review","vé máy bay đi tam á | đi tam á có cần visa không | vé máy bay đi hải nam trung quốc | vé máy bay hà nội đảo hải nam | site:khangvuongbooking.com","23145.391281233387"
"https://khangvuongbooking.com/ve-may-bay-du-hoc-sinh-quang-tay/","21","1544","14.243523316062177","","needs_mapping_review","vé máy bay đi trường sa trung quốc | vé máy bay đi quế lâm | vé máy bay đi quảng tây trung quốc | sân bay quảng tây trung quốc | vé máy bay lao động du học giá rẻ","22751.56476683938"
"https://khangvuongbooking.com/ve-may-bay-tu-ha-noi-di-irkutsk/","21","961","10.398543184183142","/ve-may-bay","mapping_defined_unverified","dự báo thời tiết irkutsk | irkutsk | vé máy bay từ hà nội đi berlin | mấy tiếng","22207.014568158167"
"https://khangvuongbooking.com/chuyen-bay-ha-noi-di-washington-my-thang-9/","20","1907","5.314630309386471","/hang-bay","mapping_defined_unverified","khoảng cách từ moscow đến washington dc | từ việt nam sang mỹ bao nhiêu km | từ hà nội đến mỹ bao nhiêu km | việt nam cách mỹ bao nhiêu km | mỹ cách việt nam bao nhiêu km","22203.853696906135"
"https://khangvuongbooking.com/dich-vu-nang-hang-ve-hang-starlux-airlines/","21","689","7.795355587808418","","needs_mapping_review","doi ve stảlux airlines | hạng thương gia starlux | site:khangvuongbooking.com | starlux airlines vip | starlux vip","21961.046444121916"
"https://khangvuongbooking.com/chuyen-bay-ha-noi-di-miami-florida-my-thang-9/","20","1171","9.786507258753202","","needs_mapping_review","vé máy bay đi miami | việt nam cách hoa kỳ bao nhiêu km | chuyến bay tới miami | nước mỹ cách việt nam bao nhiêu km | mỹ cách việt nam bao xa","21423.13492741247"
"https://khangvuongbooking.com/chuyen-bay-sai-gon-tp-hcm-di-atlanta-my-thang-9/","20","1053","8.21937321937322","","needs_mapping_review","chuyến bay tới atlanta | vé máy bay đi atlanta | khách sạn tại atlanta | thuốc lá atlanta giá bao nhiêu | atlanta là ở đâu","21320.806267806267"
"https://khangvuongbooking.com/ve-may-bay-tu-ha-noi-di-vu-han/","17","3724","14.911654135338345","/ve-may-bay","mapping_defined_unverified","vé máy bay đi vũ hán | vé máy bay hà nội vũ hán | vé máy bay đi vũ hán trung quốc | chuyến bay từ hà nội đến vũ hán | vé máy bay từ hà nội đi vũ hán","20924.88345864662"
"https://khangvuongbooking.com/ve-may-bay-tu-ha-noi-di-bac-kinh/","11","9198","15.486736247010219","/ve-may-bay","mapping_defined_unverified","từ hà nội đến bắc kinh bao nhiêu km | giá vé máy bay hà nội bắc kinh | vé máy bay đi bắc kinh | giá vé máy bay bắc kinh hà nội | chuyến bay hà nội bắc kinh","20393.1326375299"
"https://khangvuongbooking.com/so-dien-thoai-tong-dai-eva-air/","11","8177","12.58004158004158","/cam-nang-bay","mapping_defined_unverified","tong dai eva air | tổng đài eva air | so dien thoai eva air | dai ly eva air | eva air vietnam số điện thoại","19401.199584199585"
"https://khangvuongbooking.com/chuyen-bay-sai-gon-tp-hcm-di-chicago-my-thang-9/","17","1636","11.18154034229829","/hang-bay","mapping_defined_unverified","vé máy bay đi chicago | chicago cách việt nam bao nhiêu tiếng | vé máy bay từ chicago về việt nam | vé máy bay từ tp hồ chí minh đi chicago | ve may bay di chicago","18874.184596577015"
"https://khangvuongbooking.com/khuyen-mai/","1","16033","4.410091685897836","/khuyen-mai","mapping_defined_unverified","khang vuong booking | site:khangvuongbooking.com | booking khuyến mại | vé máy bay đi đài bắc | vé máy bay đi canada","17338.899083141023"
"https://khangvuongbooking.com/tuyen-dung/","0","17017","3.914908620790974","/cam-nang-bay","mapping_defined_unverified","site:khangvuongbooking.com | tuyển dụng nhân viên seo | khang vuong booking | nhân viên bán vé máy bay | tuyển nhân viên seo","17327.850913792092"
"https://khangvuongbooking.com/tag/asiana-airlines/","1","15986","6.311960465407231","/hang-bay","mapping_defined_unverified","site:khangvuongbooking.com | vé máy bay đi mỹ hãng asiana airline | đổi vé máy bay asiana airlines | vé máy bay asiana airlines | vé máy bay đi mỹ asiana airlines","17272.88039534593"
"https://khangvuongbooking.com/ve-may-bay-tu-ho-chi-minh-di-vu-han/","14","2528","16.064873417721518","/ve-may-bay","mapping_defined_unverified","vé máy bay đi vũ hán | vé máy bay đi vũ hán trung quốc | vé máy bay hà nội vũ hán | vé máy bay từ hà nội đi vũ hán | vé máy bay đi wuhan / vé máy bay đi vũ hán","16717.351265822785"
"https://khangvuongbooking.com/ve-may-bay-ha-noi-di-hai-khau/","15","1226","10.12805872756933","","needs_mapping_review","chuyến bay tới hải khẩu | site:khangvuongbooking.com | sân bay hải khẩu trung quốc | 6rmb to usd | china southern airlines","16474.719412724306"
"https://khangvuongbooking.com/gioi-thieu/","9","6890","4.128592162554426","/cam-nang-bay","mapping_defined_unverified","95h lý nam đế | site:khangvuongbooking.com | khang vuong booking | khang vuong","16198.714078374456"
"https://khangvuongbooking.com/dich-vu-nang-hang-ve-hang-emirates/","15","885","8.774011299435028","","needs_mapping_review","site:khangvuongbooking.com | điểm của lưu trú.ks marriot đổi để nâng hạng bay emirates ntn | hạng thương gia emirates | văn phòng bán vé của emirates tại việt nam | emerais","16147.25988700565"
"https://khangvuongbooking.com/chuyen-bay-sai-gon-tp-hcm-di-miami-florida-my-thang-9/","14","1259","12.510722795869738","/hang-bay","mapping_defined_unverified","vé máy bay đi miami | chuyến bay tới miami | vé máy bay từ tp. hồ chí minh đi miami | chuyến đi đến miami | miami","15483.892772041303"
"https://khangvuongbooking.com/dich-vu-dat-ve-may-bay-cho-cho-meo-di-my/","14","963","9.14122533748702","","needs_mapping_review","vé máy bay cho chó | vé máy bay cho mèo | vận chuyển chó mèo đi mỹ | giá vé máy bay cho chó | chưa","15221.58774662513"
"https://khangvuongbooking.com/thong-tin-huu-ich/","0","14888","9.96258731864589","/cam-nang-bay","mapping_defined_unverified","site:khangvuongbooking.com | doi ve china eastern airlines | ve may bay eva air di my | khang vuong booking | visa trung","15138.374126813542"
"https://khangvuongbooking.com/tong-dai-so-dien-thoai-korean-air/","13","1892","10.929175475687103","/cam-nang-bay","mapping_defined_unverified","số điện thoại korean air tại tphcm | tổng đài korean air | korean air vietnam số điện thoại | phòng vé korean air đà nẵng | văn phòng đại diện korean air tại hồ chí minh","15132.70824524313"
"https://khangvuongbooking.com/ve-may-bay-ho-chi-minh-di-con-minh/","13","1290","12.212403100775195","","needs_mapping_review","vé máy bay đi côn minh | chuyến bay từ tp. hồ chí minh đến côn minh | đại lý côn minh trung quốc | vé máy bay đi kunming / vé máy bay đi côn minh | chuyến bay từ hà nội đến côn minh","14517.875968992248"
"https://khangvuongbooking.com/ve-may-bay-ho-chi-minh-di-dai-lien/","13","1262","10.398573692551505","/ve-may-bay","mapping_defined_unverified","vé máy bay đi đại lý trung quốc | vé máy bay đi đại lý | vé máy bay đi đại liên | vé máy bay đi xiamen | đại liên","14508.014263074485"
"https://khangvuongbooking.com/ve-may-bay-di-phap-gia-re-moi-nhat-2025/","9","5452","30.969369038884814","/ve-may-bay","mapping_defined_unverified","ve may bay di phap | vé máy bay đi pháp | ve1 máy bay giá rẻ | vé máy bay đi nice | vé máy bay đi bordeaux","14492.306309611153"
"https://khangvuongbooking.com/dat-ve-may-bay-sai-gon-tp-hcm-di-dallas-texas-my-thang-8/","12","1606","15.542341220423411","/ve-may-bay","mapping_defined_unverified","vé máy bay đi dallas | vé máy bay đi texas | chuyến bay tới dallas | vé máy bay đi dallas-fort worth | vé máy bay đi mỹ texas","13800.576587795766"
"https://khangvuongbooking.com/dai-ly-phong-ve-china-airlines/","11","2114","15.709082308420056","/hang-bay","mapping_defined_unverified","dai ly china air | đại lý china airlines | phòng vé china airlines | địa chỉ văn phòng hãng china airlines | van phong china airlines","13306.9091769158"
"https://khangvuongbooking.com/chuyen-bay-sai-gon-tp-hcm-di-dallas-texas-my-thang-9/","12","695","9.189928057553956","","needs_mapping_review","dallas texas mấy giờ | dallas mấy giờ | giờ dallas mỹ | ho chi minh city dallas | sân bay dfw","12953.100719424461"
"https://khangvuongbooking.com/ve-bay-vietjet-0-dong-khung-gio-vang-12h-14h-moi-ngay/","10","2682","8.902684563758388","/cam-nang-bay","mapping_defined_unverified","0đ giờ vàng | 12h rồi vietjet thôi - vé bay 0 đồng khung giờ vàng 12h-14h mỗi ngày | săn vé máy bay giá rẻ 12h | vietjet 12h | khung giờ săn vé máy bay giá rẻ vietjet","12942.973154362417"
"https://khangvuongbooking.com/meo-nho-de-nhanh-chong-qua-cua-ninh-san-bay/","11","1454","8.517193947730398","/cam-nang-bay","mapping_defined_unverified","qua cửa an ninh sân bay | đi qua cổng an ninh sân bay | cửa an ninh | cổng an ninh sân bay | cửa an ninh sân bay","12718.828060522696"
"https://khangvuongbooking.com/dat-ve-may-bay-sai-gon-tp-hcm-di-phoenix-arizona-my-thang-8/","11","841","14.810939357907253","","needs_mapping_review","vé máy bay đi phoenix | chuyến bay tới phoenix, arizona | vé máy bay từ tp. hồ chí minh đi phoenix | tuan quan phoenix az | arizona mỹ","12042.890606420928"
"https://khangvuongbooking.com/ve-may-bay-thanh-pho-ho-chi-minh-di-hang-chau/","10","1742","18.0390355912744","/ve-may-bay","mapping_defined_unverified","chuyến bay tp. hồ chí minh hàng châu | giá vé máy bay tp. hồ chí minh hàng châu | vé máy bay đi hàng châu | vé máy bay đi hangzhou | chuyến bay từ tp. hồ chí minh đến hàng châu","11911.609644087255"
"https://khangvuongbooking.com/dat-mua-ve-may-bay-sai-gon-di-my-thuong-gia/","10","1577","13.738744451490172","","needs_mapping_review","vé máy bay đi mỹ hạng thương gia | giá vé máy bay hạng thương gia đi mỹ | giá vé máy bay đi mỹ hạng thương gia | hình ảnh vé máy bay đi mỹ | vé máy bay hạng thương gia đi mỹ","11789.612555485099"
"https://khangvuongbooking.com/ve-may-bay-aeroflot/","2","9188","11.046255986068786","/ve-may-bay","mapping_defined_unverified","site:khangvuongbooking.com | dai ly aeroflot | văn phòng aeroflot | phòng vé aeroflot | đại lý aeroflot","11427.537440139313"
"https://khangvuongbooking.com/chuyen-bay-sai-gon-tp-hcm-di-honolulu-my-thang-9/","10","992","8.513104838709676","","needs_mapping_review","vé máy bay từ tp. hồ chí minh đi honolulu | từ hawaii về việt nam bao nhiêu tiếng | chuyến bay tới honolulu | vé máy bay đi honolulu | diện tích đảo hawaii","11256.868951612903"
"https://khangvuongbooking.com/chuyen-bay-sai-gon-tp-hcm-di-boston-my-thang-9/","9","1751","25.222158766419188","","needs_mapping_review","flights from ho chi minh city to boston | ho chi minh city to boston | ho chi minh city boston | sgn bos | sgn to bos","10848.778412335809"
"https://khangvuongbooking.com/ve-may-bay-di-oregon/","9","1541","25.81245944192083","/ve-may-bay","mapping_defined_unverified","vé máy bay đi portland | site:khangvuongbooking.com | ve may bay di my bao nhieu tien | vé máy bay đi mỹ california eva | oregon mỹ","10632.875405580791"
"https://khangvuongbooking.com/bamboo-airways-uu-dai-phong-cho-first-lounge-o-san-bay-noi-bai/","9","1281","11.430132708821233","/cam-nang-bay","mapping_defined_unverified","phòng chờ bamboo nội bài | first lounge by bamboo airways | first lounge | phòng chờ thương gia bamboo nội bài | bamboo lounge","10516.698672911787"
"https://khangvuongbooking.com/chuyen-bay-sai-gon-tp-hcm-di-seattle-my-thang-9/","9","881","9.059023836549375","","needs_mapping_review","vé máy bay seattle sài gòn | ho chi minh to seattle | ve may bay di seattle | chuyến bay tới seattle | site:khangvuongbooking.com","10140.409761634506"
"https://khangvuongbooking.com/chuyen-bay-sai-gon-tp-hcm-di-ohio-my-thang-9/","9","605","8.515702479338843","/hang-bay","mapping_defined_unverified","ohit.my | gửi hàng đi ohio | site:khangvuongbooking.com | vé máy bay đi cleveland | mở văn phòng ohio","9869.842975206611"
"https://khangvuongbooking.com/dat-ve-may-bay-sai-gon-tp-hcm-di-seattle-my-thang-7/","8","1567","12.139757498404595","","needs_mapping_review","ve may bay di seattle | vé máy bay đi seattle | seattle cách việt nam bao nhiêu tiếng | giờ seattle và việt nam | ho chi minh city to seattle","9795.602425015953"
"https://khangvuongbooking.com/dich-vu-nang-hang-ve-hang-eva-air/","9","453","8.812362030905078","","needs_mapping_review","site:khangvuongbooking.com | daoi ve eva air | hang eva | nâng hạng vé máy bay eva air","9714.87637969095"
"https://khangvuongbooking.com/ve-may-bay-tu-irkutsk-nga-ve-ha-noi/","9","339","14.259587020648967","/ve-may-bay","mapping_defined_unverified","giá vé máy bay từ nga về hà nội | săn vé máy bay đi nga | thành phố irkutsk | vé máy bay từ nga về hà nội","9546.404129793511"
"https://khangvuongbooking.com/chuyen-bay-sai-gon-tp-hcm-di-washington-my-thang-9/","8","1195","8.578242677824267","/hang-bay","mapping_defined_unverified","vé máy bay sài gòn washington dc | chuyến bay tới oa-xinh-tơn","9459.217573221757"
"https://khangvuongbooking.com/tag/ve-emirates/","0","8876","5.564105452906714","/cam-nang-bay","mapping_defined_unverified","site:khangvuongbooking.com","9170.358945470933"
"https://khangvuongbooking.com/ve-may-bay-ha-noi-di-dai-lien/","8","853","9.647127784290738","","needs_mapping_review","vé máy bay đi đại lý | vé máy bay đi đại liên | đại liên | quá cảnh | vé máy bay từ hà nội sang trung quốc","9106.528722157092"
"https://khangvuongbooking.com/dat-mua-ve-may-bay-vietnam-airlines-di-san-francisco/","5","3975","34.809056603773584","/ve-may-bay","mapping_defined_unverified","sfo sim card | ve may bay di san francisco | vé máy bay đi san francisco | ve may bay san francisco ve viet nam | vé máy bay từ hà nội đi san francisco","8976.909433962264"
"https://khangvuongbooking.com/chuyen-bay-sai-gon-tp-hcm-di-phoenix-arizona-my-thang-9/","8","610","10.637704918032787","/hang-bay","mapping_defined_unverified","chuyến bay tới phoenix, arizona | vé máy bay đi phoenix | sân bay arizona | vé máy bay từ tp. hồ chí minh đi phoenix | arizona","8853.622950819672"
"https://khangvuongbooking.com/ve-may-bay-di-my-gia-re-moi-nhat-2025/","2","6824","45.99252637749121","/ve-may-bay","mapping_defined_unverified","vé máy bay đi mỹ giá rẻ | vé máy bay đi mỹ | vé máy bay đi baltimore | ve may bay di my re nhat | vé máy bay đi mỹ tháng nào rẻ nhất","8824"
"https://khangvuongbooking.com/dat-mua-ve-may-bay-ha-noi-di-my-khu-hoi/","7","1512","20.05026455026455","/ve-may-bay","mapping_defined_unverified","đặt vé máy bay đi mỹ giá rẻ | vé máy bay đi mỹ khứ hồi | vé máy bay hà nội đi mỹ | vé máy bay khứ hồi đi mỹ | vé khứ hồi đi mỹ","8661.497354497355"
"https://khangvuongbooking.com/dat-mua-ve-may-bay-ha-noi-di-my-thang-9/","8","201","14.149253731343284","/ve-may-bay","mapping_defined_unverified","ve may bay di my thang 9","8409.507462686568"
"https://khangvuongbooking.com/ve-may-bay-ha-noi-di-jeju-han-quoc-gia-re/","7","1152","14.202256944444445","","needs_mapping_review","vé máy bay đi jeju | vé máy bay hà nội jeju | hà nội jeju | vé máy bay đi jeju hàn quốc | có chuyến bay thẳng hà nội jeju không","8359.977430555555"
"https://khangvuongbooking.com/tag/qatar-airways/","0","8052","7.659711872826627","/cam-nang-bay","mapping_defined_unverified","site:khangvuongbooking.com | vé máy bay đi qatar | vé máy bay qatar | vé máy bay qatar airways | qatar airways hà nội","8325.402881271733"
"https://khangvuongbooking.com/chuyen-bay-ha-noi-di-new-york-my-thang-9/","6","2012","4.556660039761431","","needs_mapping_review","khoảng cách từ hà nội đến new york | từ việt nam sang mỹ bao nhiêu km | việt nam cách mỹ bao nhiêu km | việt nam sang mỹ bao nhiêu km | mỹ cách việt nam bao nhiêu km","8316.433399602385"
"https://khangvuongbooking.com/dat-ve-may-bay-ha-noi-di-los-angeles-my-thang-8/","7","652","24.54601226993865","","needs_mapping_review","ve may bay di los angeles | vé máy bay từ hà nội đi los angeles | ve may bay di my thang 8 | vé máy bay hà nội los angeles | vé máy bay đi mỹ hãng delta","7756.539877300614"
"https://khangvuongbooking.com/dat-mua-ve-may-bay-ana-all-nippon-airways-di-houston-texas/","7","647","33.13755795981453","/ve-may-bay","mapping_defined_unverified","vé máy bay đi houston | vé máy bay từ tphcm đi houston | đại lý vé máy bay ana tại tphcm | vé máy bay đi mỹ texas | vé máy bay đi texas","7665.624420401855"
"https://khangvuongbooking.com/chuyen-bay-sai-gon-tp-hcm-di-new-york-my-thang-9/","6","1234","7.294975688816856","/hang-bay","mapping_defined_unverified","từ việt nam bay qua new york bao nhiêu tiếng | flights from ho chi minh city to new york | vé máy bay new york sài gòn | bay từ việt nam sang new york mất bao lâu | khoảng cách","7511.050243111831"
"https://khangvuongbooking.com/ve-may-bay-di-my/","5","2416","44.339817880794705","/ve-may-bay","mapping_defined_unverified","ve may bay eva air di my | ve may bay di san francisco | ve may bay di los angeles | đại lý bán vé máy bay đi mỹ | vé máy bay đi washington","7416"
"https://khangvuongbooking.com/ve-may-bay-di-thai-lan/","3","4394","41.77787892580792","/ve-may-bay","mapping_defined_unverified","vé máy bay đi thailand | vé máy bay đi thái lan | vé máy bay đi hat yai | vé máy bay đi chiang rai | vé máy bay đi bangkok","7394"
"https://khangvuongbooking.com/dat-ve-may-bay-ha-noi-di-new-york-my-thang-8/","7","217","23.88479262672811","","needs_mapping_review","ve may bay di my thang 8 | vé máy bay hà nội new york | vé máy bay từ hà nội đi new york | vé máy bay hà nội đi mỹ | vé máy bay từ hà nội đi mỹ","7328.152073732719"
"https://khangvuongbooking.com/dat-mua-ve-may-bay-starlux-airlines-di-my/","6","1091","12.493125572868928","/ve-may-bay","mapping_defined_unverified","starlux airlines đi los angeles | vé máy bay starlux | doi ve starlux airlines | đặt vé máy bay starlux | giá vé máy bay starlux","7316.068744271311"
"https://khangvuongbooking.com/tag/du-lich-phap/","0","6888","8.937282229965156","/cam-nang-bay","mapping_defined_unverified","site:khangvuongbooking.com | khang vuong booking | dulichphap","7148.6271777003485"
"https://khangvuongbooking.com/tag/khuyen-mai-emirates/","0","6851","7.386220989636549","/khuyen-mai","mapping_defined_unverified","site:khangvuongbooking.com","7127.137790103635"
"https://khangvuongbooking.com/ban-ve-sai-gon-tp-hcm-di-phoenix-arizona-my-thang-10/","6","750","13","","needs_mapping_review","vé máy bay đi phoenix | chuyến bay tới phoenix, arizona | vé máy bay từ tp. hồ chí minh đi phoenix | arizona mỹ | phoenix mỹ","6970"
"https://khangvuongbooking.com/dat-ve-may-bay-sai-gon-tp-hcm-di-san-jose-my-thang-8/","6","765","16.511111111111113","","needs_mapping_review","vé máy bay đi san jose | vé máy bay từ sài gòn đi california | giá vé máy bay từ tphcm đi california | chuyến bay tới san jose, california | thời gian san jose","6949.888888888889"
"https://khangvuongbooking.com/dich-vu-dat-ve-may-bay-cho-thu-cung-cho-meo-hang-china-airlines/","6","710","16.880281690140848","","needs_mapping_review","vé máy bay cho thú cưng | vé máy bay cho mèo | vé máy bay cho chó | dịch vụ vận chuyển chó mèo bằng máy bay | vận chuyển thú cưng bằng máy bay","6891.197183098591"
"https://khangvuongbooking.com/ve-may-bay-tu-ha-noi-di-tham-quyen/","4","2709","22.691768180140272","/ve-may-bay","mapping_defined_unverified","vé máy bay hà nội thâm quyến | giá vé máy bay hà nội thâm quyến | giá vé máy bay hà nội thẩm quyến | chuyến bay hà nội thẩm quyến | chuyến bay hà nội thâm quyến","6832.082318198597"
"https://khangvuongbooking.com/dat-mua-ve-may-bay-ha-noi-di-my-thuong-gia/","5","1618","14.407911001236094","/ve-may-bay","mapping_defined_unverified","vé máy bay đi mỹ hạng thương gia | giá vé máy bay hạng thương gia đi mỹ | giá vé máy bay đi mỹ hạng thương gia | vé máy bay hạng thương gia đi mỹ | vé thương gia đi mỹ","6823.920889987639"
"https://khangvuongbooking.com/chuyen-bay-ha-noi-di-dallas-texas-my-thang-9/","6","536","13.222014925373134","/hang-bay","mapping_defined_unverified","vé máy bay từ hà nội đi dallas | vé máy bay đi dallas | site:khangvuongbooking.com | dallas tx to | to dallas texas","6753.7798507462685"
"https://khangvuongbooking.com/vietjet-air-uu-dai-ve-may-bay-0-dong-den-nhat-ban-he-nay/","6","553","21.455696202531644","/khuyen-mai","mapping_defined_unverified","vé máy bay vietjet ưu đãi | săn vé máy bay 0 đồng | vé máy bay đi nhật vietjet | giá vé máy bay đi nhật vietjet | vé máy bay đi hokkaido","6688.443037974684"
"https://khangvuongbooking.com/aeroflot-mo-duong-bay-thang-irkutsk-nga-cam-ranh-khanh-hoa/","6","356","8.665730337078653","","needs_mapping_review","phòng vé aeroflot | aeroflot | aeroflot đánh giá | giá vé","6619.342696629214"
"https://khangvuongbooking.com/ngay-doi-1-1-vietjet-se-khien-ban-bat-ngo/","6","311","7.585209003215434","/cam-nang-bay","mapping_defined_unverified","vietjet sale 1/1","6585.147909967845"
"https://khangvuongbooking.com/4-thanh-pho-du-lich-nhat-ban/","6","455","30.27252747252747","/cam-nang-bay","mapping_defined_unverified","thành phố nhật bản | thành phố nhật | thủ đô nhật bản | thủ đô của nhật bản | thành phố ở nhật bản","6502.274725274725"
"https://khangvuongbooking.com/dat-mua-ve-miami-my-ve-ho-chi-minh-ha-noi-gia-re/","6","313","16.46964856230032","/cam-nang-bay","mapping_defined_unverified","vé máy bay đi miami | miami ve | site:khangvuongbooking.com | flights from miami to vietnam | miami to ho chi minh","6498.303514376997"
"https://khangvuongbooking.com/dich-vu-van-chuyen-thu-cung-cho-meo-bang-may-bay-di-los-angeles-my/","6","396","28.8989898989899","","needs_mapping_review","vận chuyển thú cưng đi mỹ | vận chuyển chó mèo bằng máy bay | dịch vụ vận chuyển chó | vận chuyển chó mèo đi mỹ | dịch vụ vận chuyển chó mèo bằng máy bay","6457.010101010101"
"https://khangvuongbooking.com/ve-may-bay-noi-dia/","2","4352","34.7883731617647","/ve-may-bay","mapping_defined_unverified","vé máy bay nội địa | giá vé máy bay nội địa | khang vuong booking | vé máy bay giá rẻ | vé máy bay nội địa giá rẻ","6354.116268382353"
"https://khangvuongbooking.com/tag/khang-vuong-booking/","0","5625","7.747022222222222","/cam-nang-bay","mapping_defined_unverified","site:khangvuongbooking.com | khang vuong booking","5897.529777777778"
"https://khangvuongbooking.com/tag/dai-ly-emirates/","0","5574","7.2900968783638325","/cam-nang-bay","mapping_defined_unverified","site:khangvuongbooking.com","5851.099031216361"
"https://khangvuongbooking.com/dich-vu-dat-ve-may-bay-cho-thu-cung-cho-meo-di-new-york-my/","5","447","11.774049217002236","","needs_mapping_review","sang new york | vé máy bay cho mèo | vé máy bay cho thú cưng | mua vé máy bay cho thú cưng | ve may bay eva air di my","5679.259507829977"
"https://khangvuongbooking.com/tag/singapore-airlines/","0","5374","4.822478600669892","/hang-bay","mapping_defined_unverified","site:khangvuongbooking.com","5675.775213993301"
"https://khangvuongbooking.com/gia-ve-may-bay-sai-gon-tp-hcm-di-san-francisco-sfo-my-thang-11-12/","4","1537","21.765777488614184","/ve-may-bay","mapping_defined_unverified","ve may bay di san francisco | vé máy bay đi san francisco | sgn sfo | vé máy bay từ tp. hồ chí minh đi san francisco | ve may bay san francisco ve viet nam","5669.342225113858"
"https://khangvuongbooking.com/tag/air-asia/","0","5365","6.454240447343896","/cam-nang-bay","mapping_defined_unverified","site:khangvuongbooking.com | vé máy bay air asia đi malaysia | asia air booking | vé máy bay giá rẻ air asia | vé máy bay air asia","5650.457595526561"
"https://khangvuongbooking.com/ban-ve-sai-gon-tp-hcm-di-ohio-my-thang-10/","5","405","10.469135802469136","","needs_mapping_review","gửi hàng đi ohio | vé máy bay đi cleveland | ohio mỹ | ohit.my | quá cảnh ở đâu","5650.308641975309"
"https://khangvuongbooking.com/ve-may-bay-di-montana/","5","399","10.395989974937343","/ve-may-bay","mapping_defined_unverified","site:khangvuongbooking.com | montana | sân bay mia | đặt vé máy bay đi mỹ","5645.040100250627"
"https://khangvuongbooking.com/dat-ve-may-bay-ha-noi-di-miami-florida-my-thang-7/","5","480","27.120833333333334","/ve-may-bay","mapping_defined_unverified","vé máy bay đi miami | vé máy bay đi florida mỹ | ve di my thang 7 | thời tiết miami | florida mỹ","5558.791666666667"
"https://khangvuongbooking.com/dai-ly-phong-ve-korean-air-tai-viet-nam/","5","486","29.43621399176955","/cam-nang-bay","mapping_defined_unverified","văn phòng đại diện korean air tại hồ chí minh | đại lý vé máy bay korean airlines | korean air đánh giá | đại lý vé máy bay korean air tại đà nẵng | phòng vé korean air đà nẵng","5541.6378600823045"
"https://khangvuongbooking.com/dat-mua-ve-may-bay-ha-noi-di-my-thang-10/","5","350","17.194285714285716","","needs_mapping_review","ve may bay di my thang 10 | ve di my thang 10 | vé máy bay hà nội mỹ | vé máy bay tháng 10 | giá vé máy bay tháng 10","5528.057142857143"
"https://khangvuongbooking.com/tham-quan-nhung-ngoi-chua-noi-tieng-bac-nhat-nuoc-nga/","5","287","11.365853658536585","/cam-nang-bay","mapping_defined_unverified","nhà thờ chính tòa thánh isaac | site:khangvuongbooking.com | chùa bắc nga","5523.341463414634"
"https://khangvuongbooking.com/ly-giai-nguyen-nhan-khien-ban-bi-om-khi-di-may-bay/","5","83","7.686746987951807","/cam-nang-bay","mapping_defined_unverified","","5356.1325301204815"
"https://khangvuongbooking.com/dai-ly-phong-ve-eva-air/","1","4032","20.603918650793652","/cam-nang-bay","mapping_defined_unverified","dai ly eva air | đại lý phòng vé eva air | đại lý eva air | phong ve eva air | văn phòng eva air tại hồ chí minh","5175.960813492064"
"https://khangvuongbooking.com/ve-may-bay-di-los-angeles-gia-re-moi-nhat/","4","1088","51.02389705882353","/ve-may-bay","mapping_defined_unverified","ve may bay di los angeles | vé máy bay đi los angeles | vé máy bay từ hà nội đi los angeles | vé máy bay đi mỹ california | vé máy bay hà nội los angeles","5088"
"https://khangvuongbooking.com/ve-may-bay-ho-chi-minh-di-brisbane-uc/","4","796","28.9535175879397","","needs_mapping_review","vé máy bay đi brisbane | vé máy bay từ hà nội đi brisbane | vé máy bay đi brisbane úc | vé máy bay hà nội brisbane | vé máy bay từ brisbane về việt nam","4856.464824120603"
"https://khangvuongbooking.com/ve-may-bay-di-trung-quoc/","1","3815","44.81100917431193","/ve-may-bay","mapping_defined_unverified","vé máy bay đi trung quốc | vé máy bay đi an huy trung quốc | vé máy bay khứ hồi đi trung quốc | vé máy bay đi trùng khánh | vé máy bay đi phúc kiến","4815"
"https://khangvuongbooking.com/dat-ve-may-bay-sai-gon-tp-hcm-di-honolulu-my-thang-8/","4","533","20.03377110694184","/ve-may-bay","mapping_defined_unverified","vé máy bay đi honolulu | chuyến bay tới honolulu | vé máy bay từ tp. hồ chí minh đi honolulu | vé máy bay từ sài gòn đi mỹ | giá vé máy bay sài gòn đi mỹ","4682.662288930582"
"https://khangvuongbooking.com/ve-may-bay-di-anh/","1","3647","31.768302714559912","/ve-may-bay","mapping_defined_unverified","ve may bay di anh | vé máy bay đi anh | vé máy bay đi manchester | vé máy bay đi luân đôn anh | vé máy bay đi anh quốc bao nhiêu tiền","4679.316972854401"
"https://khangvuongbooking.com/ve-may-bay-ho-chi-minh-di-tam-a-hai-nam/","4","403","9.449131513647643","","needs_mapping_review","vé máy bay đi tam á | chuyến bay tới tam á | sân bay phượng hoàng tam á","4658.508684863524"
"https://khangvuongbooking.com/dat-ve-may-bay-ha-noi-di-san-francisco-my-thang-8/","4","450","23.022222222222222","","needs_mapping_review","ve may bay di my thang 8 | ve may bay di san francisco my | ve may bay di san francisco | vé máy bay từ hà nội đi san francisco | vé máy bay đi san francisco","4569.777777777777"
"https://khangvuongbooking.com/gia-ve-may-bay-ha-noi-di-seattle-sea-my-thang-11-12/","4","384","21.385416666666668","","needs_mapping_review","ve may bay di my thang 11 | vé máy bay đi seattle | ve may bay di seattle | site:khangvuongbooking.com | vé máy bay từ hà nội đi seattle","4520.145833333333"
"https://khangvuongbooking.com/dat-mua-ve-may-bay-sai-gon-di-my-pho-thong/","4","285","20.028070175438597","","needs_mapping_review","vé máy bay từ sài gòn đi mỹ | vé máy bay sài gòn đi mỹ | vé máy bay từ sài gòn đi california | giá máy bay đi mỹ | giá vé máy bay sài gòn đi mỹ","4434.7192982456145"
"https://khangvuongbooking.com/ve-may-bay-ho-chi-minh-di-vancouver-canada/","3","1427","35.07147862648914","","needs_mapping_review","vé máy bay từ tphcm đi vancouver | vé máy bay sài gòn vancouver | vé máy bay từ tp hồ chí minh đi vancouver | vé máy bay từ hà nội đi vancouver | vé máy bay đi vancouver","4427"
"https://khangvuongbooking.com/thang-11-den-thuong-thuc-nhung-mon-truyen-thong-trong-ngay-le-ta/","4","200","13.46","/hang-bay","mapping_defined_unverified","lễ tạ ơn ăn gì | bên mỹ","4415.4"
"https://khangvuongbooking.com/dat-ve-may-bay-ha-noi-di-new-york-my-thang-7/","4","299","26.140468227424748","/ve-may-bay","mapping_defined_unverified","ve may bay di my thang 7 | vé máy bay hà nội new york | vé máy bay hà nội đi mỹ | vé máy bay từ hà nội đi new york | vé máy bay từ hà nội đi mỹ","4387.5953177257525"
"https://khangvuongbooking.com/dich-vu-dat-ve-may-bay-cho-thu-cung-cho-meo-di-seattle-my/","4","73","5.534246575342466","","needs_mapping_review","","4367.657534246575"
"https://khangvuongbooking.com/dat-mua-ve-may-bay-sai-gon-tp-hcm-di-miami-florida-my/","3","1148","21.720383275261323","/ve-may-bay","mapping_defined_unverified","vé máy bay đi miami | vé máy bay đi florida mỹ | miami cách việt nam bao nhiêu tiếng | sg miami | vé máy bay từ tp. hồ chí minh đi miami","4280.796167247387"
"https://khangvuongbooking.com/ve-may-bay-di-duc/","1","3274","54.86285888821014","/ve-may-bay","mapping_defined_unverified","vé máy bay cathay pacific | vé máy bay đi đức | site:khangvuongbooking.com | vé máy bay đi đức khứ hồi | vé máy bay hà nội đi đức","4274"
"https://khangvuongbooking.com/ban-ve-sai-gon-tp-hcm-di-san-francisco-my-thang-10/","3","947","9.815205913410772","","needs_mapping_review","sfo | sân bay sfo | vé máy bay từ tp. hồ chí minh đi san francisco | sfo là gì | sfo là sân bay nào","4198.847940865892"
"https://khangvuongbooking.com/ve-may-bay-ho-chi-minh-di-phuc-chau/","3","987","16.860182370820667","","needs_mapping_review","vé máy bay đi phúc châu | vé máy bay đi phúc kiến | vé máy bay đi fuzhou / vé máy bay đi phúc châu | sân bay phúc châu | phú châu trung quốc","4168.398176291794"
"https://khangvuongbooking.com/ve-may-bay-tu-ha-noi-di-thanh-do/","2","1993","29.534370296036126","/ve-may-bay","mapping_defined_unverified","chuyến bay thành đô hà nội | giá vé máy bay thành đô hà nội | giá vé máy bay hà nội thành đô | chuyến bay hà nội thành đô | vé máy bay đi thành đô","4047.656297039639"
"https://khangvuongbooking.com/dat-mua-ve-may-bay-ha-noi-di-my/","3","816","14.058823529411764","/ve-may-bay","mapping_defined_unverified","từ hà nội đến mỹ bao nhiêu km | vé máy bay hà nội mỹ | vé máy bay hà nội đi mỹ | vé đi mỹ giá rẻ | cách đặt vé máy bay đi mỹ","4025.4117647058824"
"https://khangvuongbooking.com/ve-may-bay-hang/","0","3732","9.65005359056806","/ve-may-bay","mapping_defined_unverified","site:khangvuongbooking.com | khang vuong booking | vé máy bay tiger air | vé máy bay saka | đạii lý tiger air","3985.4994640943196"
"https://khangvuongbooking.com/dat-ve-may-bay-sai-gon-tp-hcm-di-washington-my-thang-8/","3","913","28.07995618838992","/ve-may-bay","mapping_defined_unverified","vé máy bay đi washington | vé máy bay từ sài gòn đi mỹ | vé máy bay đi washington dc | vé máy bay sài gòn washington dc | vé máy bay washington sài gòn","3982.200438116101"
"https://khangvuongbooking.com/ban-ve-ha-noi-di-washington-my-thang-10/","3","677","10.64549483013294","/hang-bay","mapping_defined_unverified","vé máy bay từ hà nội đi washington | site:khangvuongbooking.com | ve may bay di my thang 10","3920.5450516986707"
"https://khangvuongbooking.com/dat-ve-may-bay-sai-gon-tp-hcm-di-los-angeles-my-thang-8/","3","713","21.612903225806452","","needs_mapping_review","chuyến bay tp. hồ chí minh los angeles | ve may bay di los angeles | vé máy bay sài gòn los angeles | vé máy bay từ sài gòn đi california | vé máy bay từ tphcm đi los angeles","3846.8709677419356"
"https://khangvuongbooking.com/ve-may-bay-ha-noi-di-perth-uc/","3","711","23.18424753867792","","needs_mapping_review","vé máy bay hà nội perth | vé máy bay đi perth | vé máy bay đi perth úc | sân bay perth | site:khangvuongbooking.com","3829.1575246132206"
"https://khangvuongbooking.com/tag/dai-ly-cebu-pacific/","2","1586","13.47982345523329","/cam-nang-bay","mapping_defined_unverified","dai ly cebu pacific | site:khangvuongbooking.com | đại lý cebu pacific | phong ve cebu pacific | cecbu","3801.201765447667"
"https://khangvuongbooking.com/ve-may-bay-di-nga-moscow/","0","3707","36.48907472349609","/ve-may-bay","mapping_defined_unverified","vé máy bay đi moscow | ve may bay di nga | khoảng cách từ hà nội đến moscow | vé máy bay đi nga | vé máy bay hà nội đi nga","3707"
"https://khangvuongbooking.com/nhung-dieu-ban-chua-biet-ve-thanh-pho-los-angeles/","3","615","26.652032520325204","/cam-nang-bay","mapping_defined_unverified","los angeles | thành phố los angeles | la | los angeles ở bang nào | los angeles ở nước nào","3698.479674796748"
"https://khangvuongbooking.com/ve-may-bay-ha-noi-di-vancouver-canada/","2","1689","39.32208407341622","","needs_mapping_review","khách sạn giá rẻ tại vancouver | vé máy bay từ hà nội đi vancouver | vé máy bay đi vancouver | vé máy bay hà nội canada | vé máy bay hà nội vancouver","3689"
"https://khangvuongbooking.com/gia-ve-may-bay-sai-gon-tp-hcm-di-houston-iah-my-thang-11-12/","3","602","26.727574750830566","","needs_mapping_review","vé máy bay từ houston đi tp. hồ chí minh | vé máy bay đi houston | vé máy bay từ tphcm đi houston | vé máy bay từ tp. hồ chí minh đi houston | vé máy bay từ tp hồ chí minh đi houston","3684.724252491694"
"https://khangvuongbooking.com/dat-ve-may-bay-sai-gon-tp-hcm-di-dallas-texas-my-thang-7/","3","557","24.18132854578097","","needs_mapping_review","vé máy bay đi dallas | vé máy bay đi texas | vé máy bay đi dallas-fort worth | ho chi minh city dallas | vé máy bay đi texas mỹ","3665.18671454219"
"https://khangvuongbooking.com/ban-ve-sai-gon-tp-hcm-di-honolulu-my-thang-10/","3","486","20.0761316872428","/hang-bay","mapping_defined_unverified","vé máy bay đi honolulu | khách sạn giá rẻ tại honolulu | vé máy bay từ tp. hồ chí minh đi honolulu | vé máy bay đi hawaii | honolulu","3635.238683127572"
"https://khangvuongbooking.com/ban-ve-sai-gon-tp-hcm-di-miami-florida-my-thang-10/","3","423","16.55082742316785","/hang-bay","mapping_defined_unverified","vé máy bay đi miami | vé máy bay từ tp. hồ chí minh đi miami | tp miami | du lịch bờ tây nước mỹ | miami tp","3607.4917257683214"
"https://khangvuongbooking.com/dat-ve-may-bay-sai-gon-tp-hcm-di-houston-my-thang-7/","3","464","20.85560344827586","/ve-may-bay","mapping_defined_unverified","vé máy bay đi houston | vé máy bay từ tphcm đi houston | vé máy bay từ houston về sài gòn | vé máy bay đi texas | vé máy bay houston sài gòn","3605.4439655172414"
"https://khangvuongbooking.com/chuyen-bay-ha-noi-di-chicago-my-thang-9/","3","459","20.41830065359477","/hang-bay","mapping_defined_unverified","vé máy bay từ hà nội đi chicago | vé máy bay đi chicago | vé máy bay từ chicago về việt nam | ve may bay di chicago | site:khangvuongbooking.com","3604.8169934640523"
"https://khangvuongbooking.com/dat-ve-may-bay-ha-noi-di-seattle-my-thang-7/","3","568","33.098591549295776","","needs_mapping_review","ve may bay di seattle my | vé máy bay đi seattle | ve may bay di seattle | vé máy bay seattle sài gòn | ve di my thang 7","3587.0140845070423"
"https://khangvuongbooking.com/dat-mua-ve-may-bay-sai-gon-tp-hcm-di-orlando-florida-my/","3","403","17.801488833746898","/ve-may-bay","mapping_defined_unverified","vé máy bay đi orlando | vé máy bay đi florida mỹ | giá vé máy bay đi mỹ khứ hồi 2019 orlando | thuê xe tự lái incheon | vé máy bay từ tp. hồ chí minh đi orlando","3574.985111662531"
"https://khangvuongbooking.com/ban-ve-sai-gon-tp-hcm-di-denver-my-thang-10/","3","341","15.219941348973608","","needs_mapping_review","vé máy bay đi denver","3538.800586510264"
"https://khangvuongbooking.com/ve-may-bay-ha-noi-di-ha-mon/","1","2307","18.29865626354573","","needs_mapping_review","vé máy bay hà nội hạ môn | vé tàu hà nội đi hạ môn | chuyến bay từ hà nội tới hạ môn | từ hà nội đến hạ môn | hà nội đến hạ môn","3474.013437364543"
"https://khangvuongbooking.com/dat-ve-may-bay-sai-gon-tp-hcm-di-honolulu-my-thang-7/","3","270","16.470370370370368","","needs_mapping_review","vé máy bay đi honolulu | khách sạn giá rẻ tại honolulu | vé máy bay từ hà nội đi honolulu | vé máy bay từ tp. hồ chí minh đi honolulu | vé máy bay đi hawaii","3455.2962962962965"
"https://khangvuongbooking.com/ve-may-bay-tu-ho-chi-minh-di-tay-an/","3","270","18.83703703703704","","needs_mapping_review","vé máy bay đi tây an | chuyến bay từ hà nội đến tây an | chuyến bay tới tây an | sân bay tây an","3431.6296296296296"
"https://khangvuongbooking.com/lay-dau-van-tay-du-khach-khi-xuat-nhap-canh-singapore/","3","131","9.213740458015268","/cam-nang-bay","mapping_defined_unverified","","3388.8625954198474"
"https://khangvuongbooking.com/ban-ve-sai-gon-tp-hcm-di-washington-my-thang-10/","3","274","24.51094890510949","/hang-bay","mapping_defined_unverified","ve di my thang 10 | vé máy bay đi washington | khang vuong | ve may bay di my thang 10","3378.890510948905"
"https://khangvuongbooking.com/dat-mua-ve-may-bay-ha-noi-di-seattle-my/","2","1360","55.86911764705882","/ve-may-bay","mapping_defined_unverified","vé máy bay đi seattle | vé máy bay đi mỹ | ve may bay di my | ga chống thấm | khách sạn tại seattle","3360"
"https://khangvuongbooking.com/dat-mua-ve-boston-my-ve-ho-chi-minh-ha-noi-gia-re/","3","177","18.384180790960453","/cam-nang-bay","mapping_defined_unverified","vé máy bay từ boston về việt nam | vé máy bay đi boston | boston cách việt nam bao nhiêu tiếng | vé máy bay từ hà nội đi boston","3343.1581920903955"
"https://khangvuongbooking.com/dat-mua-ve-may-bay-starlux-airlines-di-dallas-texas/","3","100","13.19","/ve-may-bay","mapping_defined_unverified","đặt vé máy bay starlux | vé máy bay đi dallas","3318.1"
"https://khangvuongbooking.com/thien-nhien-nuoc-my-5-dia-diem-ngam-canh-dep/","3","303","37.9009900990099","/cam-nang-bay","mapping_defined_unverified","cảnh đẹp nước mỹ | cảnh đẹp ở mỹ | cảnh đẹp mỹ | những cảnh đẹp ở mỹ | phong cảnh nước mỹ","3303"
"https://khangvuongbooking.com/ve-may-bay-da-nang-di-gwangju-han-quoc-gia-re/","3","137","22.138686131386862","/ve-may-bay","mapping_defined_unverified","vé máy bay đà nẵng hàn quốc | sân bay gwangju | vé máy bay đi kwangju | han yyz | vé máy bay từ đà nẵng đi hàn quốc","3265.6131386861316"
"https://khangvuongbooking.com/dat-ve-may-bay-sai-gon-tp-hcm-di-los-angeles-my-thang-7/","2","950","27.68315789473684","","needs_mapping_review","giá vé máy baytp. hồ chí minh los angeles | chuyến bay tp. hồ chí minh los angeles | ve may bay di los angeles | vé máy bay từ tphcm đi los angeles | vé máy bay từ sài gòn đi california","3023.1684210526314"
"https://khangvuongbooking.com/san-bay-quoc-te-noi-bai-han/","2","900","29.79222222222222","/cam-nang-bay","mapping_defined_unverified","sân bay han | sân bay nội bài han | sân bay hà nội | han là sân bay nào | sân bay quốc tế nội bài","2952.0777777777776"
"https://khangvuongbooking.com/ve-may-bay-tu-ho-chi-minh-di-bac-kinh/","2","905","30.8","/ve-may-bay","mapping_defined_unverified","giá vé máy bay bắc kinh tp. hồ chí minh | giá vé máy baytp. hồ chí minh bắc kinh | chuyến bay tp. hồ chí minh bắc kinh | vé máy bay đi bắc kinh | chuyến bay bắc kinh tp. hồ chí minh","2947"
"https://khangvuongbooking.com/chuyen-bay-sai-gon-tp-hcm-di-los-angeles-my-thang-9/","2","732","14.919398907103826","","needs_mapping_review","chuyến bay tp. hồ chí minh los angeles | vé máy bay từ tphcm đi los angeles | vé máy bay từ sài gòn đi california | thời gian bay từ tphcm đến los angeles | vé máy bay sài gòn los angeles","2932.8060109289618"
"https://khangvuongbooking.com/gia-ve-may-bay-sai-gon-tp-hcm-di-los-angeles-lax-my-thang-11-12/","2","825","28.28727272727273","","needs_mapping_review","giá vé máy baytp. hồ chí minh los angeles | chuyến bay tp. hồ chí minh los angeles | vé máy bay từ tphcm đi los angeles | vé máy bay từ sài gòn đi los angeles | ve may bay di los angeles","2892.1272727272726"
"https://khangvuongbooking.com/dich-vu-nang-hang-ve-hang-american-airlines/","2","604","9.544701986754967","","needs_mapping_review","site:khangvuongbooking.com | nâng hạng vé máy bay | khang vuong booking | domestic first | kiểm tra vé máy bay american đi mỹ","2858.55298013245"
"https://khangvuongbooking.com/dat-mua-ve-may-bay-sai-gon-di-san-francisco-my/","2","780","41.008974358974356","/ve-may-bay","mapping_defined_unverified","ve may bay di san francisco | vé máy bay đi san francisco | vé máy bay san francisco sài gòn | vé hồ chí minh đi san francisco | ve may bay san francisco ve viet nam","2780"
"https://khangvuongbooking.com/tag/korean-air/","0","2420","7.689669421487603","/cam-nang-bay","mapping_defined_unverified","site:khangvuongbooking.com | giá vé máy bay đi mỹ hãng korean | vé máy bay đi hàn quốc korean air | 319usd","2693.103305785124"
"https://khangvuongbooking.com/dat-mua-ve-may-bay-ha-noi-di-houston-my/","2","691","41.75397973950796","/ve-may-bay","mapping_defined_unverified","vé máy bay đi houston | vé máy bay houston sài gòn | vé may bay từ hà nội đi houston | vé máy bay đi texas | vé máy bay đi texas mỹ","2691"
"https://khangvuongbooking.com/dat-ve-may-bay-sai-gon-tp-hcm-di-san-jose-my-thang-7/","2","589","28.225806451612904","/ve-may-bay","mapping_defined_unverified","vé máy bay đi san jose | vé máy bay từ sài gòn đi california | ve di my thang 7 | ban ve may bay san jose | sân bay quốc tế san jose","2656.7419354838707"
"https://khangvuongbooking.com/ve-may-bay-ha-noi-di-uc-australia/","2","641","54.41965678627145","/ve-may-bay","mapping_defined_unverified","vé máy bay hà nội brisbane | vé máy bay từ hà nội đi úc | book vé máy bay đi úc | săn vé máy bay giá rẻ đi úc | vé máy bay hà nội đi úc","2641"
"https://khangvuongbooking.com/dat-mua-ve-may-bay-ha-noi-di-my-thang-8/","2","436","14.844036697247706","/ve-may-bay","mapping_defined_unverified","ve may bay di my thang 8 | vé máy bay hà nội đi mỹ | vé máy bay hà nội mỹ | vé máy bay từ hà nội đi new york | vé máy bay đi mỹ tháng 8","2637.559633027523"
"https://khangvuongbooking.com/dat-mua-ve-may-bay-sai-gon-di-honolulu-my/","2","622","33.643086816720256","/ve-may-bay","mapping_defined_unverified","vé máy bay đi honolulu | vé máy bay đi hawaii | vé máy bay từ hà nội đi honolulu | vé máy bay từ tp. hồ chí minh đi honolulu | vé máy bay sài gòn đi mỹ","2635.569131832797"
"https://khangvuongbooking.com/ve-may-bay-ha-noi-di-ottawa-canada/","2","598","31.745819397993312","/ve-may-bay","mapping_defined_unverified","vé máy bay đi ottawa | vé máy bay từ hà nội đi ottawa | vé máy bay hà nội canada | vé máy bay từ tp hồ chí minh đi ottawa | site:khangvuongbooking.com","2630.541806020067"
"https://khangvuongbooking.com/dat-mua-ve-may-bay-da-nang-di-san-francisco-my/","2","506","22.622529644268774","/ve-may-bay","mapping_defined_unverified","vé máy bay đà nẵng đi mỹ | hãng hàng không nào khai thác chuyến bay từ đà nẵng đến san francisco ? | da nang to sfo | nên bay hãng hàng không nào từ đà nẵng đến san francisco ? | vé máy bay đi san diego","2629.7747035573125"
"https://khangvuongbooking.com/gia-ve-may-bay-ha-noi-di-los-angeles-lax-my-thang-11/","2","405","18.34567901234568","","needs_mapping_review","vé máy bay từ hà nội đi los angeles | ve may bay di my thang 11 | ve may bay di los angeles | ve may bay di los angeles my","2571.543209876543"
"https://khangvuongbooking.com/dat-mua-ve-may-bay-japan-airlines-di-my/","2","407","19.127764127764127","/ve-may-bay","mapping_defined_unverified","vé máy bay đi mỹ hãng japan airline | vé máy bay đi mỹ hãng nhật | vé máy bay đi nhật japan airline | đặt vé japan airlines | vé máy bay japan airline","2565.722358722359"
"https://khangvuongbooking.com/ve-may-bay-da-nang-di-hang-chau/","2","324","11.876543209876543","/ve-may-bay","mapping_defined_unverified","vé máy bay đi hàng châu | chuyến bay tới hàng châu","2555.2345679012346"
"https://khangvuongbooking.com/chuyen-bay-ha-noi-di-san-francisco-my-thang-9/","2","275","7.341818181818182","","needs_mapping_review","vé máy bay từ hà nội đi san francisco | hãng hàng không nào khai thác chuyến bay từ hà nội đến san francisco ?","2551.581818181818"
"https://khangvuongbooking.com/ve-may-bay-di-wyoming/","2","357","15.65266106442577","/ve-may-bay","mapping_defined_unverified","site:khangvuongbooking.com | vé máy bay alaska hà nội giá rẻ | đi mỹ bao nhiêu tiền","2550.4733893557423"
"https://khangvuongbooking.com/ve-may-bay-tu-ha-noi-di-quang-chau/","1","1550","39.380645161290325","/ve-may-bay","mapping_defined_unverified","giá vé máy bay hà nội quảng châu | chuyến bay hà nội quảng châu | vé máy bay đi quảng châu | vé máy bay hà nội quảng châu | giá vé máy bay quảng châu hà nội","2550"
"https://khangvuongbooking.com/ve-may-bay-da-nang-di-quang-chau/","2","336","14.211309523809524","/ve-may-bay","mapping_defined_unverified","vé máy bay đà nẵng quảng châu | giá vé đi quảng châu trung quốc | vé máy bay đi quảng châu | quang châu đà nẵng | site:khangvuongbooking.com","2543.8869047619046"
"https://khangvuongbooking.com/ban-ve-ha-noi-di-dallas-texas-my-thang-10/","2","383","20.295039164490863","/hang-bay","mapping_defined_unverified","vé máy bay đi dallas | vé máy bay từ hà nội đi dallas | dallas thuộc bang nào của mỹ | thời tiết dallas | việt mỹ","2530.0496083550916"
"https://khangvuongbooking.com/bang-gia-ve-ha-noi-di-my-thang-10-11-12/","2","259","8.525096525096526","","needs_mapping_review","giá vé máy bay đi mỹ khứ hồi 2024 | delta valley bình thuận | giá vé hạng thương gia đi mỹ","2523.7490347490348"
"https://khangvuongbooking.com/dich-vu-nang-hang-ve-hang-etihad-airways/","2","248","9.27016129032258","","needs_mapping_review","etihad airways","2505.298387096774"
"https://khangvuongbooking.com/dat-ve-may-bay-sai-gon-tp-hcm-di-boston-my-thang-7/","2","426","27.91549295774648","/ve-may-bay","mapping_defined_unverified","vé máy bay đi boston | vé máy bay từ hà nội đi boston | vé máy bay sài gòn boston | ho chi minh city boston | sân bay quốc tế boston","2496.845070422535"
"https://khangvuongbooking.com/ban-ve-ha-noi-di-ohio-my-thang-10/","2","279","13.526881720430108","","needs_mapping_review","vé máy bay đi cleveland | vé máy bay từ hà nội đi cleveland | ohio mỹ | ""vé sớm"" | site:khangvuongbooking.com","2493.7311827956987"
"https://khangvuongbooking.com/chiem-nguong-cong-trinh-kien-truc-lau-doi-nhat-o-berlin-duc/","2","236","9.754237288135593","/cam-nang-bay","mapping_defined_unverified","lâu đài charlottenburg | kiến trúc đức | nhà thờ berlin | nhà thờ lớn berlin","2488.4576271186443"
"https://khangvuongbooking.com/dat-ve-may-bay-sai-gon-tp-hcm-di-ohio-my-thang-8/","2","256","12.06640625","","needs_mapping_review","vé máy bay đi cleveland | gửi hàng đi ohio | vé máy bay geneva sài gòn | vé máy bay đi columbus","2485.3359375"
"https://khangvuongbooking.com/ve-may-bay-ho-chi-minh-di-hai-khau/","2","245","12.457142857142857","","needs_mapping_review","chuyến bay tới hải khẩu | site:khangvuongbooking.com | sân bay hải khẩu","2470.4285714285716"
"https://khangvuongbooking.com/chuyen-bay-sai-gon-tp-hcm-di-orlando-florida-my-thang-9/","2","243","12.823045267489713","","needs_mapping_review","vé máy bay đi orlando | giá vé máy bay đi mỹ khứ hồi 2019 orlando | site:khangvuongbooking.com | vé máy bay từ tp. hồ chí minh đi orlando","2464.769547325103"
"https://khangvuongbooking.com/quy-dinh-dich-vu-dac-biet-hang-hang-khong-vietjet-air/","2","203","9.67487684729064","/hang-bay","mapping_defined_unverified","điều kiện vé vietjet | quy định bay nội địa vietjet | dịch vụ xe lăn vietjet | vietjet","2456.2512315270938"
"https://khangvuongbooking.com/thu-tuc-giay-to-danh-cho-ba-bau-di-may-bay-vietjet-air/","2","456","35.4078947368421","/cam-nang-bay","mapping_defined_unverified","giấy xác nhận sức khỏe de đi máy bay vietjet | quy định phụ nữ mang thai đi máy bay vietjet | bầu đi máy bay cần giấy tờ gì | quy định đi máy bay cho bà bầu | giấy khám sức khoẻ cho bà bầu đi máy bay","2456"
"https://khangvuongbooking.com/gia-ve-may-bay-sai-gon-tp-hcm-di-atlanta-atl-my-thang-11-12/","2","307","20.299674267100976","","needs_mapping_review","vé máy bay đi atlanta | atl 11 | bang atlanta | vé máy bay từ atlanta về việt nam","2454.00325732899"
"https://khangvuongbooking.com/ban-ve-sai-gon-tp-hcm-di-atlanta-my-thang-10/","2","261","16.191570881226056","","needs_mapping_review","vé máy bay đi atlanta | site:khangvuongbooking.com | vé máy bay đi georgia | tp atlanta","2449.0842911877394"
"https://khangvuongbooking.com/dat-mua-ve-may-bay-ha-noi-di-san-francisco-my/","2","431","39.13457076566125","/ve-may-bay","mapping_defined_unverified","ve may bay di san francisco | vé máy bay từ hà nội đi san francisco | vé hà nội đi san francisco | vé máy bay đi san francisco | vé máy bay hà nội đi mỹ","2431"
"https://khangvuongbooking.com/ban-ve-ha-noi-di-seattle-my-thang-10/","2","223","14.251121076233185","","needs_mapping_review","site:khangvuongbooking.com | vé máy bay từ hà nội đi seattle | ""starlux"" | ve may bay di seattle | ve may bay di seattle my","2430.4887892376682"
"https://khangvuongbooking.com/dat-mua-ve-may-bay-sai-gon-di-my-thang-8/","2","334","26.353293413173652","/ve-may-bay","mapping_defined_unverified","ve may bay di my thang 8 | vé máy bay từ sài gòn đi california | vé máy bay sài gòn los angeles | vé máy bay đi mỹ tháng 8 | vé máy bay san francisco sài gòn","2420.4670658682635"
"https://khangvuongbooking.com/gia-ve-may-bay-sai-gon-tp-hcm-di-boston-bos-my-thang-11-12/","2","330","28.303030303030305","","needs_mapping_review","sgn bos | vé máy bay đi boston | vé máy bay đi boston mỹ | vé máy bay sài gòn boston | bos sgn","2396.969696969697"
"https://khangvuongbooking.com/dich-vu-nang-hang-ve-hang-china-airlines/","2","115","7.773913043478261","","needs_mapping_review","khang vuong booking","2387.2608695652175"
"https://khangvuongbooking.com/nhung-thu-duoc-tang-khi-di-may-bay-ban-can-biet/","2","92","7.445652173913044","/cam-nang-bay","mapping_defined_unverified","","2367.5434782608695"
"https://khangvuongbooking.com/dat-mua-ve-may-bay-nippon-airways-di-my/","2","196","18.091836734693878","/ve-may-bay","mapping_defined_unverified","phòng vé nippon airways | đại lý nippon airways | số điện thoại văn phòng hãng nippon airways | vé máy bay đi mỹ hãng nhật","2365.081632653061"
"https://khangvuongbooking.com/vietnam-airlines-uu-dai-bay-thang-di-chlb-duc/","2","132","12.696969696969697","/khuyen-mai","mapping_defined_unverified","site:khangvuongbooking.com | giá vé máy bay đi đức của vietnam airline | vé máy bay việt nam đức","2355.030303030303"
"https://khangvuongbooking.com/tag/qatar-airways-km-ve-chi-tu-19-900-000-d/","2","52","8","/cam-nang-bay","mapping_defined_unverified","19.900.000 | qatar airways","2322"
"https://khangvuongbooking.com/dat-mua-ve-may-bay-sai-gon-di-my-thang-9/","2","188","22.43617021276596","/ve-may-bay","mapping_defined_unverified","ve may bay di my thang 9 | vé máy bay từ sài gòn đi mỹ | giá vé máy bay sài gòn đi mỹ | vé máy bay đi mỹ tháng 9 | cách đặt vé máy bay đi mỹ","2313.6382978723404"
"https://khangvuongbooking.com/ve-may-bay-air-china/","2","125","16.375999999999998","/ve-may-bay","mapping_defined_unverified","site:khangvuongbooking.com | hàng không air china | hãng hàng không air china | khang vuong booking","2311.24"
"https://khangvuongbooking.com/ve-may-bay-du-hoc-sinh-trung-khanh/","2","244","28.2827868852459","","needs_mapping_review","giá vé máy bay trùng khánh hà nội | vé máy bay du học sinh trung quốc | vé máy bay đi trùng khánh trung quốc | site:khangvuongbooking.com | vé máy bay hà nội trùng khánh","2311.172131147541"
"https://khangvuongbooking.com/ban-ve-ha-noi-di-new-york-my-thang-10/","2","225","27.013333333333332","","needs_mapping_review","vé máy bay từ hà nội đi new york | hà nội new york | khoảng cách từ hà nội đến new york | ve may bay di new york | vé máy bay hà nội new york","2304.866666666667"
"https://khangvuongbooking.com/chuyen-bay-ha-noi-di-ohio-my-thang-9/","2","67","13.26865671641791","/hang-bay","mapping_defined_unverified","ve may bay di my thang 9 | gửi hàng đi ohio","2284.313432835821"
"https://khangvuongbooking.com/dat-mua-ve-may-bay-ha-noi-di-my-thang-11/","2","193","27.05699481865285","","needs_mapping_review","vé máy bay hà nội đi mỹ | giá vé máy bay từ hà nội đi mỹ | vé máy bay từ hà nội đi mỹ","2272.4300518134714"
"https://khangvuongbooking.com/dat-ve-may-bay-ha-noi-di-washington-my-thang-8/","2","143","24.013986013986013","/ve-may-bay","mapping_defined_unverified","vé máy bay đi washington | ve may bay di my thang 8 | vé máy bay đi mỹ tháng 8 | vé máy bay đi washington arlington | site:khangvuongbooking.com","2252.86013986014"
"https://khangvuongbooking.com/ve-may-bay-ha-noi-di-adelaide-uc/","2","218","32.77981651376147","","needs_mapping_review","vé máy bay đi adelaide | sân bay adelaide | du lịch adelaide úc | sân bay quốc tế adelaide | du lịch adelai úc","2240.201834862385"
"https://khangvuongbooking.com/doi-ngay-ve-may-bay-china-airlines-di-santa-ana-my/","2","228","36.925438596491226","","needs_mapping_review","ve may bay china airlines di my | doi ve china airlines | vé máy bay lễ | doi ngay china airlines | ana manage booking","2228"
"https://khangvuongbooking.com/dat-mua-ve-may-bay-japan-airlines-di-los-angeles/","2","201","33.07960199004975","/ve-may-bay","mapping_defined_unverified","vé máy bay đi mỹ hãng japan airline | vé máy bay đi nhật japan airline | jal los angeles | site:khangvuongbooking.com | ho chi minh to los angeles","2220.2039800995026"
"https://khangvuongbooking.com/dat-mua-ve-may-bay-eva-air-di-dallas-texas/","2","172","42.43023255813954","/ve-may-bay","mapping_defined_unverified","vé máy bay đi dallas | ve may bay eva air | vé máy bay đi dallas-fort worth | site:khangvuongbooking.com | daoi ve eva air","2172"
"https://khangvuongbooking.com/dat-mua-ve-may-bay-starlux-airlines-di-chicago/","2","164","37.920731707317074","/ve-may-bay","mapping_defined_unverified","vé máy bay từ hà nội đi chicago | vé máy bay từ chicago về việt nam | vé máy bay đi chicago | starlux chicago | vé máy bay từ tp hồ chí minh đi chicago","2164"
"https://khangvuongbooking.com/ve-may-bay-ha-noi-di-toronto-canada/","1","1154","35.33015597920277","","needs_mapping_review","vé máy bay từ hà nội đi toronto | vé máy bay hà nội canada | vé máy bay hà nội toronto | vé máy bay đi toronto giá rẻ | giá vé máy bay từ hà nội đi canada","2154"
"https://khangvuongbooking.com/dat-mua-ve-may-bay-air-china-di-new-york/","2","118","34.42372881355932","/ve-may-bay","mapping_defined_unverified","vé máy bay từ hà nội đi new york | site:khangvuongbooking.com | vé máy bay hà nội new york | 19006695 | ve may bay di new york","2123.762711864407"
"https://khangvuongbooking.com/ve-may-bay-ho-chi-minh-di-dai-bac-dai-loan-gia-re/","1","1066","48.21669793621013","","needs_mapping_review","giá vé máy bay tp. hồ chí minh đài bắc | chuyến bay tp. hồ chí minh đài bắc | giá vé máy bay hồ chí minh đài bắc | vé máy bay giá rẻ đi đài loan | vé máy bay từ hà nội đi đài bắc","2066"
"https://khangvuongbooking.com/ve-may-bay-ha-noi-di-hong-kong/","0","2057","34.872143898881866","","needs_mapping_review","vé máy bay hà nội hong kong | vé máy bay từ hà nội đi hồng kông | vé máy bay hà nội hongkong | vé máy bay hong kong hà nội | giá vé máy bay hà nội hong kong","2058.2785610111814"
"https://khangvuongbooking.com/tuyen-dung-nhan-vien-ban-ve-may-bay-lien-tuc/","2","58","44.46551724137931","/ve-may-bay","mapping_defined_unverified","site:khangvuongbooking.com | làm thêm bán vé máy bay | nghề bán vé máy bay | việc làm bán vé máy bay","2058"
"https://khangvuongbooking.com/vietnam-airlines-mo-bay-thang-tu-ha-noi-di-melbourne/","2","28","36.892857142857146","/hang-bay","mapping_defined_unverified","hà nội melbourne | bay từ hà nội đến melbourne mất bao lâu | vietnam melbourne | vé máy bay hà nội melbourne | vé máy bay từ hà nội đi melbourne","2028"
"https://khangvuongbooking.com/ve-may-bay-tu-ho-chi-minh-di-quang-chau/","0","1948","36.898870636550306","/ve-may-bay","mapping_defined_unverified","vé máy bay đi quảng châu | chuyến bay tp. hồ chí minh quảng châu | giá vé máy bay tp. hồ chí minh quảng châu | giá vé máy bayquảng châu tp. hồ chí minh | vé máy bay khứ hồi đi quảng châu","1948"
"https://khangvuongbooking.com/tag/ve-may-bay-ha-noi-di-bangkok/","1","706","10.902266288951841","/ve-may-bay","mapping_defined_unverified","vé máy bay hà nội bangkok | vé máy bay hanoi bangkok | giá vé máy bay hà nội bangkok | chuyến bay hà nội bangkok | vé máy bay hà nội bangkok khứ hồi","1946.9773371104816"
"https://khangvuongbooking.com/dat-mua-ve-may-bay-ha-noi-di-honolulu-my/","1","849","28.85630153121319","/ve-may-bay","mapping_defined_unverified","vé máy bay đi honolulu | vé máy bay đi hawaii | vé máy bay từ hà nội đi honolulu | khách sạn giá rẻ tại honolulu | sân bay honolulu","1910.436984687868"
"https://khangvuongbooking.com/ve-may-bay-tu-ho-chi-minh-di-ha-mon/","1","875","37.616","","needs_mapping_review","vé máy bay đi hạ môn | vé máy bay hà nội hạ môn | hà nội đến hạ môn | chuyến bay từ hà nội tới hạ môn | từ hà nội đến hạ môn","1875"
"https://khangvuongbooking.com/dat-ve-may-bay-sai-gon-tp-hcm-di-san-francisco-my-thang-8/","1","667","17.055472263868065","","needs_mapping_review","ve may bay di my thang 8 | ve may bay di san francisco | vé máy bay đi san francisco | vé máy bay từ tp. hồ chí minh đi san francisco | vé máy bay từ sài gòn đi mỹ","1846.4452773613193"
"https://khangvuongbooking.com/dat-mua-ve-may-bay-sai-gon-di-my/","1","749","25.805073431241656","/ve-may-bay","mapping_defined_unverified","vé máy bay từ sài gòn đi mỹ | vé máy bay sài gòn đi mỹ | vé máy bay new york sài gòn | vé máy bay sài gòn los angeles | vé máy bay los angeles sài gòn","1840.9492656875834"
"https://khangvuongbooking.com/dat-ve-may-bay-sai-gon-tp-hcm-di-san-francisco-my-thang-7/","1","764","31.43979057591623","","needs_mapping_review","ve may bay di san francisco | vé máy bay đi san francisco | vé máy bay từ sài gòn đi california | vé máy bay san francisco sài gòn | ve may bay san francisco ve viet nam","1799.6020942408377"
"https://khangvuongbooking.com/ve-may-bay-ha-noi-di-con-minh/","1","614","19.490228013029316","","needs_mapping_review","vé máy bay đi côn minh | chuyến bay từ hà nội đến côn minh | vé máy bay hà nội kunming | bay hà nội côn minh | vé máy bay côn minh hà nội","1769.097719869707"
"https://khangvuongbooking.com/ve-may-bay-di-phap/","1","707","74.86421499292787","/ve-may-bay","mapping_defined_unverified","vé máy bay đi pháp | vé máy bay đi pháp khứ hồi | vé máy bay đi pháp giá rẻ | vé máy bay đi pháp bao nhiêu tiền | mua vé máy bay đi pháp","1707"
"https://khangvuongbooking.com/ban-ve-sai-gon-tp-hcm-di-san-jose-my-thang-10/","1","529","17.92249527410208","","needs_mapping_review","vé máy bay đi san jose | nhà cho thuê san jose bao tháng mõ | ban ve may bay san jose | nha ban o san jose","1699.7750472589792"
"https://khangvuongbooking.com/ban-ve-sai-gon-tp-hcm-di-orlando-florida-my-thang-10/","1","487","15.901437371663244","/hang-bay","mapping_defined_unverified","vé máy bay đi orlando | giá vé máy bay đi mỹ khứ hồi 2019 orlando | nhà hàng tại orlando | site:khangvuongbooking.com | vé máy bay từ tp. hồ chí minh đi orlando","1677.9856262833675"
"https://khangvuongbooking.com/san-bay-quoc-te-tan-son-nhat-thanh-pho-ho-chi-minh-sgn/","0","1661","40.85791691751957","/cam-nang-bay","mapping_defined_unverified","sân bay tân sơn nhất | sân bay quốc tế tân sơn nhất | hình ảnh của sân bay quốc tế tân sơn nhất | sân bay sgn | tân sơn nhất","1661"
"https://khangvuongbooking.com/dat-mua-ve-may-bay-starlux-airlines-di-los-angeles/","1","583","27.32418524871355","/ve-may-bay","mapping_defined_unverified","starlux airlines đi los angeles | khách sạn gần sân bay quốc tế los angeles | vé máy bay từ hà nội đi los angeles | vé máy bay từ tp hồ chí minh đi los angeles | vé máy bay sài gòn los angeles","1659.7581475128645"
"https://khangvuongbooking.com/ve-may-bay-jetstar/","0","1481","21.49358541525996","/ve-may-bay","mapping_defined_unverified","site:khangvuongbooking.com | đặt vé máy bay giá rẻ jetstar | đặt vé máy bay hãng jetstar | vé máy bay giá rẻ jetstar | vé máy bay jetstar","1616.0641458474004"
"https://khangvuongbooking.com/dat-mua-ve-may-bay-ha-noi-di-new-york-my/","1","477","22.38364779874214","/ve-may-bay","mapping_defined_unverified","vé máy bay hà nội new york | vé máy bay từ hà nội đi new york | ve may bay di new york | vé máy bay đi new york | khoảng cách từ hà nội đến new york","1603.1635220125786"
"https://khangvuongbooking.com/dat-mua-ve-chicago-my-ve-ho-chi-minh-ha-noi-gia-re/","1","411","17.530413625304135","/cam-nang-bay","mapping_defined_unverified","vé máy bay từ chicago về việt nam | vé máy bay đi chicago | chicago my | vé máy bay từ tp. hồ chí minh đi chicago | book flight to chicago","1585.6958637469586"
"https://khangvuongbooking.com/dat-mua-ve-california-my-ve-ho-chi-minh-ha-noi-gia-re/","1","326","9.582822085889571","","needs_mapping_review","mua vé từ mỹ về vietnam | vé máy bay từ california về việt nam | chuyến bay từ california về việt nam hôm nay | vé máy bay từ los angeles về việt nam","1580.1717791411043"
"https://khangvuongbooking.com/dat-mua-ve-may-bay-ha-noi-di-los-angeles-my/","1","494","28.12753036437247","/ve-may-bay","mapping_defined_unverified","ve may bay di los angeles | vé máy bay từ hà nội đi los angeles | vé máy bay đi los angeles | vé máy bay hà nội đi mỹ | vé máy bay hà nội los angeles","1562.7246963562752"
"https://khangvuongbooking.com/dat-ve-may-bay-sai-gon-tp-hcm-di-washington-my-thang-7/","1","558","36.586021505376344","","needs_mapping_review","vé máy bay đi washington | vé máy bay đi washington dc | vé máy bay washington sài gòn | vé máy bay đi washington arlington | vé máy bay từ sài gòn đi mỹ","1558"
"https://khangvuongbooking.com/dat-mua-ve-may-bay-sai-gon-di-my-1-chieu/","1","402","19.4726368159204","/ve-may-bay","mapping_defined_unverified","giá vé máy bay đi mỹ 1 chiều | vé máy bay đi mỹ 1 chiều | vé máy bay sài gòn đi mỹ | vé máy bay từ sài gòn đi mỹ | vé máy bay đi mỹ một chiều","1557.273631840796"
"https://khangvuongbooking.com/dat-mua-ve-houston-my-ve-ho-chi-minh-ha-noi-gia-re/","1","343","14.553935860058308","/cam-nang-bay","mapping_defined_unverified","vé máy bay đi houston | vé máy bay houston về vietnam | vé máy bay từ houston về việt nam | vé máy bay từ houston đi tp. hồ chí minh | mua máy bay","1547.460641399417"
"https://khangvuongbooking.com/ban-ve-ha-noi-di-chicago-my-thang-10/","1","393","20.29262086513995","","needs_mapping_review","vé máy bay từ hà nội đi chicago | vé máy bay đi chicago | ""vé sớm"" | ve may bay di chicago | có","1540.0737913486005"
"https://khangvuongbooking.com/ban-ve-sai-gon-tp-hcm-di-seattle-my-thang-10/","1","334","14.955089820359282","","needs_mapping_review","vé máy bay đi seattle | ho chi minh to seattle","1534.4491017964071"
"https://khangvuongbooking.com/dat-mua-ve-los-angeles-my-ve-ho-chi-minh-ha-noi-gia-re/","1","283","11.565371024734983","","needs_mapping_review","vé máy bay từ los angeles về việt nam | han lax | mua máy bay | từ los angeles đến việt nam mất bao lâu | ve may bay di los angeles","1517.3462897526501"
"https://khangvuongbooking.com/bang-gia-ve-ho-chi-minh-di-an-do-thang-4-5-6/","1","382","21.81413612565445","","needs_mapping_review","vé máy bay đi ấn độ bao nhiêu | vé máy bay đi ấn độ | giá vé đi ấn độ | vé máy bay đi ấn độ từ hồ chí minh | site:khangvuongbooking.com","1513.8586387434555"
"https://khangvuongbooking.com/dat-ve-may-bay-sai-gon-tp-hcm-di-orlando-florida-my-thang-7/","1","326","16.47546012269939","","needs_mapping_review","vé máy bay đi orlando | giá vé máy bay đi mỹ khứ hồi 2019 orlando | ve di my thang 7 | thuê xe tự lái boston | vé máy bay từ tp. hồ chí minh đi orlando","1511.2453987730062"
"https://khangvuongbooking.com/dat-mua-ve-may-bay-da-nang-di-my-1-chieu/","1","388","25.280927835051546","/ve-may-bay","mapping_defined_unverified","vé máy bay đà nẵng đi mỹ | vé máy bay từ mỹ về đà nẵng | site:khangvuongbooking.com | vé máy bay đi mỹmột chiều | vé đi mỹ giá bao nhiêu","1485.1907216494847"
"https://khangvuongbooking.com/dat-mua-ve-may-bay-da-nang-di-my-thang-8/","1","202","7.034653465346534","/ve-may-bay","mapping_defined_unverified","vé máy bay đi mỹ tháng 8","1481.6534653465346"
"https://khangvuongbooking.com/tag/emirates/","1","163","4.269938650306749","/cam-nang-bay","mapping_defined_unverified","site:khangvuongbooking.com | booking emirates","1470.3006134969326"
"https://khangvuongbooking.com/mua-them-hanh-ly-china-airlines-di-boston-my/","1","180","6.466666666666667","","needs_mapping_review","china airlines | site:khangvuongbooking.com | mua hanh ly china airlines | mua thêm hành lý ký gửi china airlines | mua thêm hành lý china airlines","1465.3333333333333"
"https://khangvuongbooking.com/chuyen-bay-sai-gon-tp-hcm-di-san-jose-my-thang-9/","1","211","11.014218009478673","/hang-bay","mapping_defined_unverified","vé máy bay đi san jose | sân bay quốc tế san jose","1450.8578199052133"
"https://khangvuongbooking.com/sieu-re-ve-hang-nhat-etihad-airways-chi-tu-2668-usd-khu-hoi/","1","146","6.664383561643835","/hang-bay","mapping_defined_unverified","2668 usd","1429.3561643835617"
"https://khangvuongbooking.com/ban-ve-sai-gon-tp-hcm-di-dallas-texas-my-thang-10/","1","265","18.890566037735848","/hang-bay","mapping_defined_unverified","vé máy bay đi dallas | site:khangvuongbooking.com","1426.0943396226414"
"https://khangvuongbooking.com/dat-ve-may-bay-ha-noi-di-boston-my-thang-8/","1","246","17.617886178861788","","needs_mapping_review","vé máy bay đi boston | site:khangvuongbooking.com | ve di my thang 8 | vé máy bay từ hà nội đi boston | bao nhiêu km","1419.821138211382"
"https://khangvuongbooking.com/ban-ve-sai-gon-tp-hcm-di-new-york-my-thang-10/","1","255","18.564705882352943","","needs_mapping_review","vé máy bay sài gòn new york | vé máy bay từ sài gòn đi mỹ | vé máy bay từ tp hồ chí minh đi new york","1419.3529411764705"
"https://khangvuongbooking.com/vietjet-air-giam-50-gia-ve-eco-nhan-dip-dai-le-30-4/","1","234","17.064102564102566","/cam-nang-bay","mapping_defined_unverified","vé eco vietjet là gì | vé máy bay đi singapore vietjetair | khuyến mãi vé máy bay vietjet | hạng vé eco của vietjet là gì | hạng vé eco vietjet là gì","1413.3589743589744"
"https://khangvuongbooking.com/dat-ve-may-bay-sai-gon-tp-hcm-di-atlanta-my-thang-7/","1","278","22.003597122302157","/ve-may-bay","mapping_defined_unverified","vé máy bay đi atlanta | site:khangvuongbooking.com","1407.9640287769785"
"https://khangvuongbooking.com/dat-ve-may-bay-ha-noi-di-washington-my-thang-7/","1","339","29.04424778761062","","needs_mapping_review","vé máy bay đi washington | vé máy bay đi washington dc | vé máy bay đi baltimore | vé máy bay washington sài gòn | vé máy bay đi mỹ tháng 7","1398.5575221238937"
"https://khangvuongbooking.com/ban-ve-ha-noi-di-phoenix-arizona-my-thang-10/","1","229","18.23580786026201","","needs_mapping_review","vé máy bay đi phoenix | chuyến bay tới phoenix, arizona | site:khangvuongbooking.com | vé máy bay từ hà nội đi phoenix | phoenix hà my","1396.64192139738"
"https://khangvuongbooking.com/ve-may-bay-da-nang-di-thanh-do/","1","255","21.231372549019607","/ve-may-bay","mapping_defined_unverified","vé máy bay đi thành đô | vé máy bay đà nẵng trung quốc | vé máy bay đà nẵng đi mỹ | vé máy bay từ đà nẵng đi thái lan","1392.686274509804"
"https://khangvuongbooking.com/nhung-luu-y-du-lich-da-lat-an-toan-mua-mua/","1","307","26.680781758957654","","needs_mapping_review","mùa mưa đà lạt | đà lạt mùa mưa | mùa mưa ở đà lạt | đi đà lạt giờ có an toàn | site:khangvuongbooking.com","1390.1921824104234"
"https://khangvuongbooking.com/dat-mua-ve-may-bay-sai-gon-di-my-khu-hoi/","1","379","33.96042216358839","/ve-may-bay","mapping_defined_unverified","vé máy bay đi mỹ khứ hồi | vé máy bay từ sài gòn đi mỹ | vé đi mỹ khứ hồi | vé máy bay sài gòn đi mỹ | ve may bay khu hoi di my","1389.395778364116"
"https://khangvuongbooking.com/dat-ve-may-bay-sai-gon-tp-hcm-di-denver-my-thang-7/","1","294","25.799319727891156","","needs_mapping_review","vé máy bay đi denver | sân bay denver | site:khangvuongbooking.com | giá vé máy bay sài gòn đi mỹ | vé máy bay từ tp. hồ chí minh đi denver","1386.0068027210884"
"https://khangvuongbooking.com/mua-them-hanh-ly-china-airlines-di-texas-my/","1","61","3.262295081967213","","needs_mapping_review","mua hanh ly china airlines | mua thêm hành lý china airlines | mua thêm kiện hành lý china airlines","1378.377049180328"
"https://khangvuongbooking.com/chuyen-bay-ha-noi-di-orlando-florida-my-thang-9/","1","168","14.029761904761905","/hang-bay","mapping_defined_unverified","vé máy bay đi orlando | site:khangvuongbooking.com | vé máy bay từ hà nội đi orlando","1377.702380952381"
"https://khangvuongbooking.com/chang-bay-tp-hcm-di-an-do-thang-7-8-9/","1","125","10.056","","needs_mapping_review","bay đi ấn độ bao nhiêu tiếng","1374.44"
"https://khangvuongbooking.com/dat-mua-ve-may-bay-sai-gon-di-san-jose-my/","1","280","25.860714285714284","","needs_mapping_review","vé máy bay đi san jose | sân bay quốc tế san jose | vé máy bay từ sài gòn đi california | ban ve may bay san jose | booking san josé","1371.392857142857"
"https://khangvuongbooking.com/quy-dinh-cua-jetstar-doi-voi-ba-bau-di-may-bay/","1","92","7.195652173913044","/cam-nang-bay","mapping_defined_unverified","jetstar pregnancy","1370.0434782608695"
"https://khangvuongbooking.com/dat-mua-ve-1-chieu-ha-noi-di-chennai/","1","118","9.94915254237288","","needs_mapping_review","site:khangvuongbooking.com","1368.5084745762713"
"https://khangvuongbooking.com/chuyen-bay-ha-noi-di-honolulu-my-thang-9/","1","125","10.864","","needs_mapping_review","vé máy bay từ hà nội đi honolulu | vé máy bay đi hawaii | vé máy bay đi honolulu","1366.36"
"https://khangvuongbooking.com/dat-mua-ve-may-bay-sai-gon-di-my-thang-11/","1","191","18.151832460732983","","needs_mapping_review","vé máy bay sài gòn los angeles | ve may bay di my thang 11 | vé máy bay sài gòn hà nội tháng 11 | vé máy bay từ sài gòn đi california","1359.4816753926702"
"https://khangvuongbooking.com/dat-mua-ve-may-bay-sai-gon-di-my-thang-12/","1","169","16.272189349112423","","needs_mapping_review","vé máy bay từ sài gòn đi mỹ | vé máy bay đi mỹ tháng 12 | giá vé máy bay sài gòn đi mỹ | vé máy bay sài gòn đi mỹ | giá vé máy bay sài gòn hà nội tháng 12","1356.2781065088757"
"https://khangvuongbooking.com/dat-mua-ve-atlanta-my-ve-ho-chi-minh-ha-noi-gia-re/","1","175","17.142857142857142","/cam-nang-bay","mapping_defined_unverified","vé máy bay từ atlanta về việt nam | mua atlanta | vé máy bay đi atlanta","1353.5714285714287"
"https://khangvuongbooking.com/dat-mua-ve-may-bay-da-nang-di-washington-my/","1","162","16.080246913580247","/ve-may-bay","mapping_defined_unverified","vé máy bay đi washington | vé máy bay đi washington dc | vé máy bay đi washington arlington | vé máy bay đà nẵng đi mỹ","1351.1975308641975"
"https://khangvuongbooking.com/dat-ve-may-bay-sai-gon-tp-hcm-di-denver-my-thang-8/","1","186","18.521505376344088","","needs_mapping_review","vé máy bay đi denver | vé máy bay sài gòn đi mỹ | vé máy bay từ sài gòn đi mỹ | 745 usd to vnd | chuyen bay sai gon hai phong","1350.784946236559"
"https://khangvuongbooking.com/dat-mua-ve-may-bay-ha-noi-di-my-thang-12/","1","198","19.752525252525253","","needs_mapping_review","vé máy bay đi mỹ tháng 12 | ve may bay di mỹ thang 12 | vé máy bay hà nội đi mỹ | vé máy bay từ hà nội đi mỹ","1350.4747474747473"
"https://khangvuongbooking.com/gia-ve-ha-noi-di-my-thang-1-2-3/","1","101","10.128712871287128","","needs_mapping_review","khang vuong booking | giá vé đi mỹ bao nhiêu tiền | eva airline vé máy bay đi mỹ california rẻ | giá vé hạng thương gia đi mỹ | giá vé máy bay đi mỹ khứ hồi 2024","1349.7128712871288"
"https://khangvuongbooking.com/tag/ve-may-bay-88-000-d-cua-jetstar/","1","84","8.464285714285715","/ve-may-bay","mapping_defined_unverified","maybay88 | site:khangvuongbooking.com","1349.357142857143"
"https://khangvuongbooking.com/dat-ve-may-bay-ha-noi-di-seattle-my-thang-8/","1","166","17.066265060240966","","needs_mapping_review","vé máy bay đi seattle | ve may bay di my thang 8 | ve may bay di seattle","1345.3373493975903"
"https://khangvuongbooking.com/dam-chim-trong-thien-duong-banh-ngot-cua-nuoc-phap/","1","78","8.974358974358974","/cam-nang-bay","mapping_defined_unverified","thiên đường bánh ngọt","1338.2564102564102"
"https://khangvuongbooking.com/chuyen-bay-ha-noi-di-seattle-my-thang-9/","1","107","12.504672897196262","","needs_mapping_review","ve may bay di seattle | site:khangvuongbooking.com | ve may bay di seattle my | vé máy bay đi seattle","1331.9532710280373"
"https://khangvuongbooking.com/tag/vietjet-air-km-ve-tu-880-000d/","1","1","2","/cam-nang-bay","mapping_defined_unverified","","1331"
"https://khangvuongbooking.com/ve-may-bay-da-nang-di-dai-loan-gia-re/","1","287","30.64808362369338","","needs_mapping_review","vé máy bay đà nẵng đi đài loan | vé máy bay đà nẵng đài loan | vé máy bay từ đà nẵng đi đài bắc | vé máy bay đài loan đà nẵng | vé máy bay đà nẵng đi đài trung","1330.5191637630662"
"https://khangvuongbooking.com/vna-uu-dai-7000-ve-noi-dia-giam-20-ky-niem-ngay-thuong-binh-liet-sy/","1","46","7.260869565217392","/khuyen-mai","mapping_defined_unverified","","1323.391304347826"
"https://khangvuongbooking.com/ve-may-bay-ho-chi-minh-di-gwangju-han-quoc-gia-re/","1","98","13.540816326530612","","needs_mapping_review","vé máy bay đi kwangju | sân bay gwangju","1312.591836734694"
"https://khangvuongbooking.com/chang-bay-tp-hcm-di-my-thang-1-2-3/","1","62","10.17741935483871","","needs_mapping_review","","1310.225806451613"
"https://khangvuongbooking.com/dat-mua-ve-may-bay-starlux-airlines-di-seattle/","1","297","33.81144781144781","/ve-may-bay","mapping_defined_unverified","vé máy bay đi seattle | ve may bay di seattle | chuyến bay tới seattle","1308.885521885522"
"https://khangvuongbooking.com/mua-ve-khu-hoi-ho-chi-minh-di-my-thang-10-11-12/","1","32","7.71875","","needs_mapping_review","giá vé máy bay đi mỹ khứ hồi 2024","1304.8125"
"https://khangvuongbooking.com/ve-may-bay-ho-chi-minh-di-toronto-canada/","1","287","33.29616724738676","","needs_mapping_review","vé máy bay từ tp hồ chí minh đi toronto | vé máy bay từ sài gòn đi toronto | vé máy bay từ hà nội đi toronto | ho chi minh city toronto | vé máy bay đi toronto","1304.0383275261324"
"https://khangvuongbooking.com/kinh-nghiem-xuong-san-bay-nuoc-ngoai-lan-dau/","1","88","13.454545454545455","/cam-nang-bay","mapping_defined_unverified","cách đi sân bay quốc tế | kinh nghiệm lần đầu đi máy bay ra nước ngoài | site:khangvuongbooking.com | xuống sân bay","1303.4545454545455"
"https://khangvuongbooking.com/bung-no-23-000-ve-may-bay-co-vu-u23-viet-nam-gia-chi-tu-23-000d-cung-vietjet-air/","1","31","7.967741935483871","/ve-may-bay","mapping_defined_unverified","","1301.3225806451612"
"https://khangvuongbooking.com/ve-may-bay-di-nhat-ban-gia-re/","0","1300","52.98153846153846","/ve-may-bay","mapping_defined_unverified","vé máy bay đi nhật | vé máy bay đi nhật bản | vé máy bay đi nhật khứ hồi | vé máy bay đi nhật giá rẻ | giá vé máy bay đi nhật","1300"
"https://khangvuongbooking.com/tan-huong-uu-dai-hang-thuong-gia-cung-ve-qatar-chi-tu-187-trieu-khu-hoi/","1","23","7.869565217391305","/khuyen-mai","mapping_defined_unverified","","1294.304347826087"
"https://khangvuongbooking.com/dat-mua-ve-may-bay-china-eastern-airlines-di-my/","1","107","16.476635514018692","/ve-may-bay","mapping_defined_unverified","doi ve china eastern airlines | ve may bay china airlines di my | vé máy bay china eastern airlines | mua hanh ly china eastern","1292.233644859813"
"https://khangvuongbooking.com/tag/ha-noi-new-delhi/","1","2","6","/cam-nang-bay","mapping_defined_unverified","","1292"
"https://khangvuongbooking.com/dat-mua-ve-may-bay-sai-gon-di-dallas-texas-my/","1","246","30.670731707317074","/ve-may-bay","mapping_defined_unverified","vé máy bay đi dallas | vé máy bay đi texas mỹ | vé máy bay đi dallas-fort worth | khách sạn giá rẻ tại texas | vé máy bay đi mỹ texas","1289.2926829268292"
"https://khangvuongbooking.com/dat-ve-may-bay-ha-noi-di-orlando-florida-my-thang-8/","1","146","20.828767123287673","","needs_mapping_review","vé máy bay đi orlando | vé máy bay từ hà nội đi orlando | vé máy bay đi florida mỹ | vé máy bay hà nội đi mỹ","1287.7123287671234"
"https://khangvuongbooking.com/kinh-nghiem-san-ve-ha-noi-han-di-bangalore/","1","51","11.431372549019608","","needs_mapping_review","site:khangvuongbooking.com","1286.686274509804"
"https://khangvuongbooking.com/ban-ve-sai-gon-tp-hcm-di-austin-my-thang-10/","1","143","20.90909090909091","","needs_mapping_review","vé máy bay đi austin | vé máy bay từ tp. hồ chí minh đi austin | ""china airlines""","1283.909090909091"
"https://khangvuongbooking.com/dat-mua-ve-may-bay-sai-gon-di-my-thang-7/","1","82","14.902439024390244","","needs_mapping_review","","1282.9756097560976"
"https://khangvuongbooking.com/mua-them-hanh-ly-china-airlines-di-seattle-my/","1","29","9.689655172413794","","needs_mapping_review","mua hanh ly china airlines | mua thêm hành lý china airlines","1282.103448275862"
"https://khangvuongbooking.com/toi-can-nhung-gi-de-check-khi-di-may-bay-tai-san-bay/","1","281","74.26334519572954","/cam-nang-bay","mapping_defined_unverified","check in máy bay | check in sân bay | thủ tục check in tại sân bay | check in sân bay là gì | thủ tục lên máy bay","1281"
"https://khangvuongbooking.com/mung-sinh-nhat-lan-thu-8-vietnam-airlines-uu-dai-giam-10-nhieu-hanh-trinh/","1","11","8","/khuyen-mai","mapping_defined_unverified","","1281"
"https://khangvuongbooking.com/vietjet-air-giam-gia-ve-bay-di-uc-skyboss-va-skyboss-business/","1","63","13.396825396825397","/khuyen-mai","mapping_defined_unverified","vé deluxe vietjet đi úc","1279.031746031746"
"https://khangvuongbooking.com/dat-mua-ve-may-bay-china-airlines-di-san-francisco/","1","112","18.303571428571427","/ve-may-bay","mapping_defined_unverified","ve may bay china airlines di my | chuyến bay 611 của china airlines | cách di chuyển trong sân bay san francisco","1278.9642857142858"
"https://khangvuongbooking.com/nhung-dich-vu-tai-san-bay-noi-bai-co-the-ban-chua-biet/","1","12","8.5","/cam-nang-bay","mapping_defined_unverified","","1277"
"https://khangvuongbooking.com/doi-ngay-ve-may-bay-china-airlines-di-atlanta-my/","1","58","13.155172413793103","","needs_mapping_review","ve may bay china airlines di my | doi ngay china airlines | đổi vé máy bay china airlines","1276.4482758620688"
"https://khangvuongbooking.com/tag/ve-may-bay-tphcm-di-yangon/","1","41","11.463414634146341","/ve-may-bay","mapping_defined_unverified","","1276.3658536585367"
"https://khangvuongbooking.com/chuyen-bay-ha-noi-di-atlanta-my-thang-9/","1","63","14.031746031746032","","needs_mapping_review","vé máy bay đi atlanta | vé máy bay từ hà nội đi atlanta","1272.6825396825398"
"https://khangvuongbooking.com/vietjet-mach-nho-meo-xep-do-sieu-gon-khi-di-du-lich/","1","28","10.714285714285714","/cam-nang-bay","mapping_defined_unverified","để quên đồ trên máy bay vietjet","1270.857142857143"
"https://khangvuongbooking.com/ve-may-bay-du-hoc-sinh-thuong-hai/","1","51","13.058823529411764","","needs_mapping_review","vé máy bay từ thượng hải đi hà nội","1270.4117647058824"
"https://khangvuongbooking.com/chuyen-bay-sai-gon-tp-hcm-di-denver-my-thang-9/","1","91","17.153846153846153","","needs_mapping_review","vé máy bay đi denver | ana (all nippon airways) | vé máy bay từ tp. hồ chí minh đi denver","1269.4615384615386"
"https://khangvuongbooking.com/ve-may-bay-nha-trang-di-dai-loan-gia-re/","1","266","40.409774436090224","","needs_mapping_review","vé khứ hồi đài loan | vé máy bay đi đài loan giá rẻ | vé khứ hồi đi đài loan | giá vé máy bay khứ hồi đi đài loan | kinh nghiệm mua vé máy bay đi đài loan","1266"
"https://khangvuongbooking.com/tag/ve-may-bay-di-sai-gon-gia-re/","1","20","10.45","/ve-may-bay","mapping_defined_unverified","ve sai gon","1265.5"
"https://khangvuongbooking.com/ve-may-bay-di-idaho/","1","92","19.706521739130434","/ve-may-bay","mapping_defined_unverified","vé máy bay madrid sài gòn | site:khangvuongbooking.com | vé máy bay đi mỹ hãng asiana airline","1244.9347826086957"
"https://khangvuongbooking.com/ve-may-bay-ha-noi-di-nam-kinh/","1","152","25.914473684210527","","needs_mapping_review","vé máy bay hà nội nam kinh | vé máy bay đi nam kinh | vé máy bay đi an huy trung quốc","1242.8552631578948"
"https://khangvuongbooking.com/dat-ve-may-bay-sai-gon-tp-hcm-di-austin-my-thang-8/","1","140","25.057142857142857","","needs_mapping_review","vé máy bay đi austin | vé máy bay từ tp. hồ chí minh đi austin","1239.4285714285713"
"https://khangvuongbooking.com/ban-ve-ha-noi-di-atlanta-my-thang-10/","1","152","26.375","","needs_mapping_review","hội chợ mùa thu atlanta 2025 | site:khangvuongbooking.com | vé máy bay đi atlanta | lễ hội mùa thu atlanta 2025","1238.25"
"https://khangvuongbooking.com/dat-mua-ve-may-bay-china-eastern-airlines-di-san-francisco/","1","97","20.948453608247423","/ve-may-bay","mapping_defined_unverified","vé máy bay đi san francisco | giá vé máy bay đi california","1237.5154639175257"
"https://khangvuongbooking.com/dat-mua-ve-may-bay-nippon-airways-di-boston/","1","236","38.898305084745765","/ve-may-bay","mapping_defined_unverified","vé máy bay đi boston | boston cách việt nam bao nhiêu tiếng | phòng vé nippon airways | vé máy bay từ hà nội đi boston | vé máy bay đi boston mỹ","1236"
"https://khangvuongbooking.com/dat-mua-ve-may-bay-ha-noi-di-my-thang-7/","1","83","19.93975903614458","","needs_mapping_review","vé máy bay đi mỹ tháng 7 | vé máy bay hà nội mỹ","1233.6024096385543"
"https://khangvuongbooking.com/ve-may-bay-quoc-te/ve-may-bay-di-nga-gia-re/","1","233","53.107296137339056","/ve-may-bay","mapping_defined_unverified","vé máy bay đi nga | vé máy bay hà nội đi nga | ve may bay di nga | vé máy bay đi nga giá rẻ | giá vé máy bay hà nội đi nga","1233"
"https://khangvuongbooking.com/ve-may-bay-ho-chi-minh-di-montreal-canada/","1","224","34.424107142857146","/ve-may-bay","mapping_defined_unverified","vé máy bay đi montreal | vé máy bay từ tp hồ chí minh đi montreal | vé máy bay từ hà nội đi montreal | site:khangvuongbooking.com | vé máy bay đi montreal canada","1229.7589285714284"
"https://khangvuongbooking.com/ve-may-bay-ho-chi-minh-di-calgary-canada/","1","146","26.643835616438356","/ve-may-bay","mapping_defined_unverified","vé máy bay từ tphcm đi calgary | vé máy bay từ tp hồ chí minh đi calgary | vé máy bay đi calgary","1229.5616438356165"
"https://khangvuongbooking.com/dat-ve-may-bay-ha-noi-di-honolulu-my-thang-8/","1","84","21.142857142857142","/ve-may-bay","mapping_defined_unverified","vé máy bay từ hà nội đi honolulu | vé máy bay đi honolulu | vé máy bay đi hawaii","1222.5714285714287"
"https://khangvuongbooking.com/dat-mua-ve-may-bay-sai-gon-di-my-thang-10/","1","65","19.26153846153846","","needs_mapping_review","vé máy bay từ sài gòn đi mỹ | vé máy bay sài gòn los angeles","1222.3846153846155"
"https://khangvuongbooking.com/ve-may-bay-ha-noi-di-trung-khanh/","0","1104","24.143115942028984","","needs_mapping_review","vé máy bay hà nội trùng khánh | giá vé máy bay trùng khánh hà nội | vé máy bay đi trùng khánh trung quốc | chuyến bay trùng khánh hà nội | vé máy bay đi trùng khánh","1212.5688405797102"
"https://khangvuongbooking.com/dat-ve-may-bay-ha-noi-di-houston-my-thang-8/","1","104","24.682692307692307","","needs_mapping_review","vé may bay từ hà nội đi houston | vé máy bay đi texas | vé máy bay đi houston | vé máy bay đi texas mỹ | vé máy bay houston sài gòn khứ hồi vietnam airlines","1207.173076923077"
"https://khangvuongbooking.com/dat-mua-ve-may-bay-starlux-airlines-di-new-york/","1","127","27.4251968503937","/ve-may-bay","mapping_defined_unverified","giá vé máy bay starlux | ve may bay di new york | giá vé máy bay đi new york | starlux new york | vé máy bay đi new york","1202.748031496063"
"https://khangvuongbooking.com/dat-mua-ve-may-bay-nippon-airways-di-new-york/","1","181","32.911602209944746","/ve-may-bay","mapping_defined_unverified","phòng vé nippon airways | đại lý vé máy bay ana tại tphcm | vé máy bay từ hà nội đi new york | vé máy bay hà nội new york | vé máy bay đi mỹ hãng ana","1201.8839779005525"
"https://khangvuongbooking.com/ban-ve-ha-noi-di-denver-my-thang-10/","1","89","23.719101123595507","","needs_mapping_review","vé máy bay đi denver | site:khangvuongbooking.com | vé máy bay từ hà nội đi denver | ""vé sớm""","1201.808988764045"
"https://khangvuongbooking.com/bay-qatar-airways-o-ha-noi-khong-can-voi-ve-khu-hoi-di-chau-au-chi-tu-17-600-000-d-sieu-tiet-kiem/","1","109","26.871559633027523","/cam-nang-bay","mapping_defined_unverified","vé máy bay đi qatar | giá vé máy bay đi châu âu | qatar airways hà nội | giá vé máy bay khứ hồi đi đức | vé máy bay qatar","1190.2844036697247"
"https://khangvuongbooking.com/dat-mua-ve-may-bay-ha-noi-di-dallas-texas-my/","1","116","27.594827586206897","/ve-may-bay","mapping_defined_unverified","vé máy bay từ hà nội đi dallas | vé máy bay đi texas mỹ | vé máy bay đi dallas | chuyến bay đến dallas | ticket to dallas","1190.051724137931"
"https://khangvuongbooking.com/vietnam-airlines-giam-gia-ve-may-bay-duc-ve-viet-nam/","1","190","44.642105263157895","/khuyen-mai","mapping_defined_unverified","đặt vé máy bay từ đức về việt nam | vé máy bay đức về việt nam | giá vé máy bay đức về việt nam | vé máy bay từ đức về việt nam | vé máy bay từ đức sang việt nam","1190"
"https://khangvuongbooking.com/ghe-tham-nhung-dia-danh-ma-noi-tieng-trong-phim/","1","47","21.085106382978722","/cam-nang-bay","mapping_defined_unverified","những căn phòng ma ám","1186.148936170213"
"https://khangvuongbooking.com/cho-giang-sinh-o-duc/","1","65","22.93846153846154","/cam-nang-bay","mapping_defined_unverified","chợ giáng sinh | site:khangvuongbooking.com | chợ giáng sinh ở đức | giáng sinh ở đức","1185.6153846153845"
"https://khangvuongbooking.com/doi-ngay-ve-may-bay-china-airlines-di-san-diego-my/","1","36","20.88888888888889","/ve-may-bay","mapping_defined_unverified","ve may bay china airlines di my | đổi vé máy bay china airlines","1177.111111111111"
"https://khangvuongbooking.com/vietnam-airlines-uu-dai-ve-may-bay-khu-hoi-di-paris/","1","176","58.44886363636363","/khuyen-mai","mapping_defined_unverified","giá vé máy bay khứ hồi hà nội - paris | ve may bay tu ha noi di paris | vé máy bay hà nội đi paris | vé máy bay hà nội paris khứ hồi | vé đi pháp khứ hồi","1176"
"https://khangvuongbooking.com/dat-ve-may-bay-sai-gon-tp-hcm-di-boston-my-thang-8/","1","149","32.51006711409396","","needs_mapping_review","sgn bos | vé máy bay đi boston | bos sgn | vé máy bay sài gòn đi mỹ","1173.8993288590605"
"https://khangvuongbooking.com/dat-mua-ve-may-bay-japan-airlines-di-orlando-florida/","1","171","39.83625730994152","/ve-may-bay","mapping_defined_unverified","vé máy bay đi orlando | doi ve japan airlines | vé máy bay đi florida mỹ | site:khangvuongbooking.com","1171"
"https://khangvuongbooking.com/ban-ve-ha-noi-di-austin-my-thang-10/","1","73","26.10958904109589","","needs_mapping_review","site:khangvuongbooking.com | vé máy bay đi austin","1161.9041095890411"
"https://khangvuongbooking.com/mua-them-hanh-ly-china-airlines-di-new-york-my/","1","24","22.083333333333332","","needs_mapping_review","mua hanh ly china airlines","1153.1666666666667"
"https://khangvuongbooking.com/dat-mua-ve-may-bay-eva-air-di-houston-texas/","1","146","43.65068493150685","/ve-may-bay","mapping_defined_unverified","vé máy bay đi texas | ve may bay eva air | vé máy bay từ houston đi tp. hồ chí minh | vé máy bay từ tp hồ chí minh đi houston | máy bay eva air","1146"
"https://khangvuongbooking.com/ve-may-bay-du-hoc-sinh-vu-han/","1","124","32.89516129032258","","needs_mapping_review","vé máy bay đi vũ hán | vé máy bay hà nội vũ hán | vé máy bay du học sinh | vé máy bay lao động du học giá rẻ","1145.0483870967741"
"https://khangvuongbooking.com/dich-vu-hang-khong/page/3/","1","15","22.133333333333333","","needs_mapping_review","","1143.6666666666667"
"https://khangvuongbooking.com/top-4-canh-dep-nuoc-phap-chac-chan-ban-chua-biet/","1","91","29.791208791208792","/cam-nang-bay","mapping_defined_unverified","cảnh đẹp nước pháp | cảnh đẹp ở pháp | phong cảnh pháp | cảnh đẹp pháp | site:khangvuongbooking.com","1143.0879120879122"
"https://khangvuongbooking.com/cebu-pacific-khuyen-mai-ve-di-philippines-dat-ngay-bay-som-chi-tu-1-678-000d/","1","117","60.34188034188034","/khuyen-mai","mapping_defined_unverified","vé máy bay đi boracay | vé máy bay đi cebu | vé máy bay đi kalibo - boracay | vé máy bay đi philippines cebu pacific | vé máy bay đi caticlan/boracay","1117"
"https://khangvuongbooking.com/thu-5-ruc-ro-vietnam-airlines-khuyen-mai-chi-tu-578-000-vnd/","1","14","26.357142857142858","/khuyen-mai","mapping_defined_unverified","thứ 5 rực rỡ","1100.4285714285713"
"https://khangvuongbooking.com/5-ngoi-chua-tai-sai-gon-cau-gi-duoc-nay-ban-nen-den-dip-dau-xuan/","1","84","34.94047619047619","/cam-nang-bay","mapping_defined_unverified","chùa cầu may ở sài gòn | chùa cầu an ở sài gòn | cầu gì được nấy | chùa cầu làm ăn ở sài gòn","1084.595238095238"
"https://khangvuongbooking.com/vietnam-airlines-uu-dai-khai-truong-duong-bay-thang-ha-noi-milan/","1","78","40.243589743589745","/khuyen-mai","mapping_defined_unverified","vé máy bay đi milan | vé máy bay từ hà nội đi milan","1078"
"https://khangvuongbooking.com/tag/san-bay-quoc-te-tan-son-nhat/","1","42","44.833333333333336","/cam-nang-bay","mapping_defined_unverified","sân bay quốc tế tân sơn nhất | sân bay tân sơn nhất ở quận máy | san bay tan son nhat | sân bay tân sơn nhất | sân bay tân sơn nhất quốc tế","1042"
"https://khangvuongbooking.com/tuyen-dung-nhan-vien-di-link-forum-mxh/","1","42","73.61904761904762","/cam-nang-bay","mapping_defined_unverified","forum tuyển dụng","1042"
"https://khangvuongbooking.com/san-bay-quoc-te-da-nang-dad/","0","863","18.662804171494784","/cam-nang-bay","mapping_defined_unverified","dad là sân bay nào | sân bay dad | dad là đâu | sân bay quốc tế đà nẵng | dad là cảng nào","1026.3719582850522"
"https://khangvuongbooking.com/uu-dai-bay-khap-gioi-voi-ve-emirates-khu-hoi-chi-tu-7-094-000d/","1","15","47.4","/khuyen-mai","mapping_defined_unverified","site:khangvuongbooking.com","1015"
"https://khangvuongbooking.com/ve-may-bay-tu-ho-chi-minh-di-thuong-hai/","0","940","39.314893617021276","/ve-may-bay","mapping_defined_unverified","giá vé máy bay thượng hải tp. hồ chí minh | giá vé máy bay tp. hồ chí minh thượng hải | vé máy bay hà nội thượng hải hồng kiều | giá vé máy bay từ tphcm đi thượng hải | vé máy bay đi thượng hải hồng kiều","940"
"https://khangvuongbooking.com/dat-mua-ve-may-bay-sai-gon-di-houston-my/","0","938","38.23240938166311","/ve-may-bay","mapping_defined_unverified","vé máy bay đi houston | vé máy bay từ houston đi tp. hồ chí minh | vé máy bay từ tphcm đi houston | vé máy bay từ houston về sài gòn | vé máy bay houston sài gòn","938"
"https://khangvuongbooking.com/dat-mua-ve-may-bay-vietnam-airlines-di-chicago/","0","929","43.63401506996771","/ve-may-bay","mapping_defined_unverified","vé máy bay đi chicago | vé máy bay từ hà nội đi chicago | vé máy bay từ chicago về việt nam | vé máy bay từ tp hồ chí minh đi chicago | ve may bay di chicago","929"
"https://khangvuongbooking.com/ve-may-bay-ho-chi-minh-di-uc-australia/","0","919","63.64961915125136","","needs_mapping_review","vé máy bay đi gold coast | đặt vé máy bay đi úc | săn vé máy bay giá rẻ đi úc | kinh nghiệm mua vé máy bay đi úc | giá vé máy bay khứ hồi đi úc","919"
"https://khangvuongbooking.com/dat-mua-ve-may-bay-china-airlines-di-my/","0","705","20.78014184397163","/ve-may-bay","mapping_defined_unverified","ve may bay china airlines di my | giá vé china airlines | site:khangvuongbooking.com | vé máy bay china airlines","847.1985815602836"
"https://khangvuongbooking.com/https-khangvuongbooking-com-p23914previewtrue/","0","575","10.005217391304347","","needs_mapping_review","site:khangvuongbooking.com","824.9478260869565"
"https://khangvuongbooking.com/ve-may-bay-di-dai-loan-gia-re/","0","822","42.43065693430657","/ve-may-bay","mapping_defined_unverified","vé máy bay đi đài loan | vé máy bay đi đài loan giá rẻ | giá vé máy bay đi đài loan | vé máy bay đài loan | vé máy bay giá rẻ đi đài loan","822"
"https://khangvuongbooking.com/ve-may-bay-ha-noi-di-seoul-han-quoc-gia-re/","0","804","33.657960199004975","/ve-may-bay","mapping_defined_unverified","giá vé máy bay hà nội seoul | chuyến bay hà nội seoul | vé máy bay đi seoul hàn quốc | vé máy bay hà nội hàn quốc | giá vé máy bay seoul hà nội","817.4203980099503"
"https://khangvuongbooking.com/ve-may-bay-ha-noi-di-melbourne-uc/","0","790","32.332911392405066","","needs_mapping_review","vé máy bay hà nội melbourne | vé máy bay từ hà nội đi melbourne | vé máy bay melbourne về hà nội | giá vé máy bay hà nội melbourne | vé máy bay đi úc melbourne","816.6708860759493"
"https://khangvuongbooking.com/dat-ve-may-bay-sai-gon-tp-hcm-di-new-york-my-thang-8/","0","698","24.964183381088827","","needs_mapping_review","vé máy bay từ tphcm đi new york | vé máy bay từ sài gòn đi mỹ | vé máy bay từ tp hồ chí minh đi new york | nhang trầm hương nyo | vé máy bay new york sài gòn","798.3581661891117"
"https://khangvuongbooking.com/ve-may-bay-ha-noi-di-phuc-chau/","0","532","13.171052631578947","","needs_mapping_review","vé máy bay đi phúc châu | vé máy bay đi phúc kiến | vé máy bay đi tuyền châu | sân bay phúc châu | ""phòng vé máy bay linh thơm"" ""vĩnh tường"" ""vĩnh phúc""","750.2894736842105"
"https://khangvuongbooking.com/ve-may-bay-tu-ho-chi-minh-di-thanh-do/","0","679","30.34020618556701","/ve-may-bay","mapping_defined_unverified","giá vé máy bay tp. hồ chí minh thành đô | chuyến bay tp. hồ chí minh thành đô | vé máy bay đi thành đô | chuyến bay từ tp. hồ chí minh đến thành đô | giá vé máy bay thành đô hà nội","725.5979381443299"
"https://khangvuongbooking.com/ve-may-bay-di-singapore/","0","721","63.04854368932039","/ve-may-bay","mapping_defined_unverified","vé máy bay đi singapore | giá vé máy bay đi singapore | vé máy bay đi singapore khứ hồi | vé máy bay khứ hồi hà nội singapore | site:khangvuongbooking.com","721"
"https://khangvuongbooking.com/ve-may-bay-ha-noi-di-dai-bac-dai-loan-gia-re/","0","701","39.5435092724679","","needs_mapping_review","giá vé máy bay hà nội đài bắc | chuyến bay hà nội đài bắc | vé máy bay hà nội đài loan | vé máy bay hà nội đài bắc | giá vé máy bay hà nội taipei","701"
"https://khangvuongbooking.com/dat-mua-ve-may-bay-da-nang-di-my-khu-hoi/","0","582","23.745704467353953","/ve-may-bay","mapping_defined_unverified","vé máy bay đà nẵng đi mỹ | vé máy bay đi mỹ | vé khứ hồi đi mỹ | vé đi mỹ khứ hồi | vé máy bay đà nẵng sài gòn khứ hồi","694.5429553264605"
"https://khangvuongbooking.com/dat-mua-ve-may-bay-vietnam-airlines-di-my/","0","689","47.0522496371553","/ve-may-bay","mapping_defined_unverified","giá vé máy bay đi mỹ của vietnam airline | khai tên mua vé máy bay đi mỹ | vé máy bay đi mỹ vietnam airline | gia ve may bay di my cua vietnam airline | vé máy bay đi mỹ của vietnam airline","689"
"https://khangvuongbooking.com/du-lich-lao-mua-nao-dep-nhat-lao-co-gi-dep/","0","489","15.128834355828221","/cam-nang-bay","mapping_defined_unverified","du lịch lào tháng nào đẹp nhất | lào có gì đẹp | du lịch lào mùa nào đẹp nhất | đi lào mùa nào đẹp nhất | đi lào tháng mấy đẹp","687.7116564417178"
"https://khangvuongbooking.com/ve-may-bay-di-uc/","0","681","49.57562408223201","/ve-may-bay","mapping_defined_unverified","site:khangvuongbooking.com | vé máy bay úc | vé máy bay đi úc traveltop | vé máy bay đi úc | ve may bay di uc","681"
"https://khangvuongbooking.com/ve-may-bay-ho-chi-minh-di-dai-trung-dai-loan-gia-re/","0","630","30.323809523809523","","needs_mapping_review","vé máy bay đi đài trung | đặt vé máy bay đi đài trung | vé máy bay đi đài trung đài loan | vé máy bay đi taichung / vé máy bay đi đài trung | vé máy bay hồ chí minh đi đài loan","676.7619047619048"
"https://khangvuongbooking.com/dat-ve-may-bay-sai-gon-tp-hcm-di-new-york-my-thang-7/","0","648","32.49074074074074","/ve-may-bay","mapping_defined_unverified","vé máy bay từ tphcm đi new york | vé máy bay new york sài gòn | vé máy bay từ tp hồ chí minh đi new york | ve may bay di new york | vé máy bay từ sài gòn đi mỹ","673.0925925925926"
"https://khangvuongbooking.com/ve-may-bay-di-cao-hung-dai-loan/","0","672","40.5","","needs_mapping_review","vé máy bay đi cao hùng | vé máy bay hà nội cao hùng | giá vé máy bay đi cao hùng đài loan | vé máy bay đi cao hùng đài loan | giá vé máy bay cao hùng hà nội","672"
"https://khangvuongbooking.com/top-5-mon-an-han-quoc-noi-tieng-ai-cung-biet/","0","501","19.684630738522955","/cam-nang-bay","mapping_defined_unverified","kimbap tam giác | bibimbap là món ăn nổi tiếng của nước nào dưới đây? | món ăn hàn quốc nổi tiếng | bibimbap là món ăn nổi tiếng của nước nào | các món ăn hàn quốc nổi tiếng","654.1536926147704"
"https://khangvuongbooking.com/ve-may-bay-du-hoc-sinh-chiet-giang/","0","434","13.26036866359447","","needs_mapping_review","vé máy bay đi chiết giang | vé máy bay hà nội chiết giang | vé máy bay lao động du học giá rẻ | chiết giang cách việt nam bao xa | sân bay chiết giang","651.3963133640552"
"https://khangvuongbooking.com/ve-may-bay-di-an-do-gia-re/","0","565","27.41592920353982","","needs_mapping_review","site:khangvuongbooking.com | vé máy bay đi ấn độ | vé máy bay đi ấn độ bao nhiêu | bay ấn độ mấy tiếng | vé đi ấn độ","640.8407079646017"
"https://khangvuongbooking.com/dat-mua-ve-may-bay-ha-noi-di-my-1-chieu/","0","593","30.468802698145026","/ve-may-bay","mapping_defined_unverified","vé máy bay hà nội đi mỹ | vé máy bay đi mỹ một chiều | giá vé máy bay đi mỹ 1 chiều | vé máy bay từ hà nội đi new york | vé máy bay đi washington dc","638.3119730185497"
"https://khangvuongbooking.com/dat-mua-ve-may-bay-da-nang-di-seattle-my-thuong-gia/","0","427","14.442622950819672","","needs_mapping_review","vé máy bay đi seattle | ve may bay di seattle | ve may bay di seattle my","632.5737704918033"
"https://khangvuongbooking.com/chuyen-bay-ha-noi-han-di-new-delhi/","0","375","9.613333333333333","","needs_mapping_review","site:khangvuongbooking.com | han delhi | han to del","628.8666666666667"
"https://khangvuongbooking.com/tag/dai-ly-qatar-airways/","0","361","8.614958448753463","/cam-nang-bay","mapping_defined_unverified","dai ly qatar airways","624.8504155124654"
"https://khangvuongbooking.com/ve-may-bay-da-nang-di-busan-han-quoc-gia-re/","0","494","21.975708502024293","/ve-may-bay","mapping_defined_unverified","giá vé máy bay đà nẵng busan | chuyến bay đà nẵng busan | vé máy bay đà nẵng busan | chuyến bay từ đà nẵng đến busan | vé máy bay busan đà nẵng","624.2429149797571"
"https://khangvuongbooking.com/ban-ve-sai-gon-tp-hcm-di-houston-my-thang-10/","0","469","20.722814498933904","","needs_mapping_review","vé máy bay từ houston đi tp. hồ chí minh | vé máy bay từ tphcm đi houston | vé máy bay đi houston | vé máy bay từ houston về sài gòn | vé máy bay từ tp hồ chí minh đi houston","611.7718550106609"
"https://khangvuongbooking.com/dat-ve-ho-chi-minh-di-my-gia-re-thang-4-5-6/","0","306","6.7254901960784315","","needs_mapping_review","khang vuong booking","588.7450980392157"
"https://khangvuongbooking.com/ve-may-bay-ho-chi-minh-di-edmonton-canada/","0","538","30.897769516728623","","needs_mapping_review","vé máy bay đi edmonton | vé máy bay đi edmonton canada | sân bay edmonton | edmonton to ho chi minh","579.0223048327138"
"https://khangvuongbooking.com/ve-may-bay-ho-chi-minh-di-nam-kinh/","0","516","28.93798449612403","","needs_mapping_review","vé máy bay đi nam kinh | vé máy bay hà nội nam kinh | chuyến bay từ tp. hồ chí minh đến nam kinh | chuyến bay hà nội nam kinh | giá vé máy bay hà nội nam kinh","576.6201550387597"
"https://khangvuongbooking.com/tag/ve-may-bay-emirates-gia-re/","0","305","8.304918032786885","/ve-may-bay","mapping_defined_unverified","giá vé máy bay emirates | giá vé emirates | vé máy bay emirates | giá vé hạng thương gia emirates | vé emirates","571.9508196721312"
"https://khangvuongbooking.com/dat-mua-ve-may-bay-da-nang-di-seattle-my/","0","476","25.964285714285715","/ve-may-bay","mapping_defined_unverified","vé máy bay seattle sài gòn | vé máy bay đà nẵng đi mỹ | vé máy bay đi seattle | ve may bay di seattle my | site:khangvuongbooking.com","566.3571428571429"
"https://khangvuongbooking.com/ve-may-bay-ho-chi-minh-di-ottawa-canada/","0","554","43.29602888086642","/ve-may-bay","mapping_defined_unverified","vé máy bay đi ottawa | vé máy bay từ tp hồ chí minh đi ottawa | vé máy bay từ hà nội đi ottawa | vé máy bay từ tp hồ chí minh đi montreal | kinh nghiệm mua vé máy bay đi canada","554"
"https://khangvuongbooking.com/ve-may-bay-ha-noi-di-sydney-uc/","0","552","48.48731884057971","","needs_mapping_review","vé máy bay hà nội sydney | vé máy bay từ hà nội đi sydney | giá vé máy bay hà nội sydney | vé máy bay hà nội đi sydney | vé máy bay từ hà nội đến sydney","552"
"https://khangvuongbooking.com/ve-may-bay-di-hong-kong/","0","528","74.55871212121212","/ve-may-bay","mapping_defined_unverified","vé máy bay hà nội hongkong | vé máy bay từ hà nội đi hồng kông | vé máy bay đi hong kong | vé máy bay từ hà nội đi hong kong | vé máy bay đi hồng kông","528"
"https://khangvuongbooking.com/dat-mua-ve-may-bay-ha-noi-di-orlando-florida-my/","0","423","24.61465721040189","/ve-may-bay","mapping_defined_unverified","vé máy bay đi orlando | vé máy bay từ hà nội đi orlando | vé máy bay đi florida mỹ | giá vé máy bay đi mỹ khứ hồi 2019 orlando | florida mỹ","526.8534278959811"
"https://khangvuongbooking.com/ve-may-bay-di-quang-chau/","0","523","50.250478011472275","/ve-may-bay","mapping_defined_unverified","vé máy bay đi quảng châu | vé máy bay đi quảng đông | vé máy bay khứ hồi đi quảng châu | giá vé máy bay từ hà nội đến quảng châu | giá vé đi quảng châu trung quốc","523"
"https://khangvuongbooking.com/mua-them-hanh-ly-china-airlines-di-washington-my/","0","209","3.851674641148325","","needs_mapping_review","mua hanh ly china airlines | site:khangvuongbooking.com | mua thêm hành lý china airlines","520.4832535885167"
"https://khangvuongbooking.com/co-nen-dat-chuyen-bay-ban-dem-khong/","0","283","11.385159010600706","/cam-nang-bay","mapping_defined_unverified","đi máy bay ban đêm | máy bay ban đêm | máy bay đêm | sân bay ban đêm","519.148409893993"
"https://khangvuongbooking.com/ve-may-bay-tu-ho-chi-minh-di-domodedovo-moscow-nga/","0","383","23.85378590078329","/ve-may-bay","mapping_defined_unverified","vé máy bay đi moscow domodedovo | domodedovo | giá vé máy bay moscow tp. hồ chí minh | chuyến bay moscow tp. hồ chí minh | vé máy bay đi moscow","494.46214099216706"
"https://khangvuongbooking.com/ve-may-bay-ho-chi-minh-di-seoul-han-quoc-gia-re/","0","490","43.65714285714286","","needs_mapping_review","giá vé máy bay tp. hồ chí minh seoul | vé máy bay đi seoul hàn quốc | vé máy bay sài gòn seoul | giá vé máy bay từ tphcm đi hàn quốc | chuyến bay tp. hồ chí minh seoul","490"
"https://khangvuongbooking.com/lao-airlines-tang-cac-chuyen-bay-giua-luang-prabang-va-ha-noi/","0","490","54.124489795918365","/hang-bay","mapping_defined_unverified","vé máy bay luang prabang hà nội | vé máy bay đi luang prabang | vé máy bay từ luang prabang đi hà nội | vé máy bay từ hà nội đi luang prabang | vé máy bay hà nội luang prabang","490"
"https://khangvuongbooking.com/ve-may-bay-ha-noi-di-brisbane-uc/","0","471","33.67091295116773","","needs_mapping_review","vé máy bay hà nội brisbane | vé máy bay đi brisbane | vé máy bay từ hà nội đi brisbane | vé máy bay đi brisbane úc | bne là sân bay nào","484.2908704883227"
"https://khangvuongbooking.com/dat-mua-ve-may-bay-sai-gon-di-seattle-my/","0","484","35.46694214876033","/ve-may-bay","mapping_defined_unverified","vé máy bay đi seattle | vé máy bay seattle sài gòn | thuê xe tự lái seattle | vé máy bay washington sài gòn | ve may bay di seattle my","484"
"https://khangvuongbooking.com/ve-may-bay-tiger-airways/","0","477","51.737945492662476","/ve-may-bay","mapping_defined_unverified","vé máy bay tiger air | đạii lý tiger air | đại lý tiger air | hành lý tiger air | tiger airways","477"
"https://khangvuongbooking.com/dat-mua-ve-san-francisco-my-ve-ho-chi-minh-ha-noi-gia-re/","0","244","12.245901639344263","","needs_mapping_review","ve may bay san francisco ve viet nam | ve may bay di san francisco | hãng hàng không nào khai thác chuyến bay từ san francisco đến hà nội? | khang vuong booking | nên bay hãng hàng không nào từ san francisco đến hà nội?","471.5409836065574"
"https://khangvuongbooking.com/dat-mua-ve-may-bay-japan-airlines-di-san-jose/","0","459","39.431372549019606","/ve-may-bay","mapping_defined_unverified","vé máy bay đi san jose | vé máy bay đi costa rica | vé máy bay đi nhật japan airline | ban ve may bay san jose | japan airlines đặt vé","459"
"https://khangvuongbooking.com/ve-may-bay-ha-noi-di-calgary-canada/","0","450","35.553333333333335","/ve-may-bay","mapping_defined_unverified","vé máy bay đi calgary | vé máy bay từ tp hồ chí minh đi calgary | vé máy bay từ hà nội đi calgary | sân bay calgary | vé máy bay từ hà nội đi toronto","450"
"https://khangvuongbooking.com/chuyen-bay-ha-noi-di-an-do-thang-1-2-3/","0","199","10.93467336683417","","needs_mapping_review","từ vn bay qua ấn độ bao nhiêu tiếng | bay từ hà nội đi ấn độ mất bao lâu | máy bay phú yên | máy bay ấn độ","439.6532663316583"
"https://khangvuongbooking.com/ban-ve-sai-gon-tp-hcm-di-boston-my-thang-10/","0","227","14.066079295154186","","needs_mapping_review","vé máy bay sài gòn boston | sgn bos | vé máy bay đi boston | tp boston","436.33920704845815"
"https://khangvuongbooking.com/dat-ve-may-bay-sai-gon-tp-hcm-di-seattle-my-thang-8/","0","252","17.063492063492063","","needs_mapping_review","vé máy bay seattle sài gòn | -site:facebook.com -site:fb.me -site:youtube.com -site:youtu.be -site:youtube.be -site:twitter.com -site:instagram.com -site:tiktok.com -site:vm.tiktok.com -site:t.co -site:x.com -site:reddit.com ""king county metro"" | thuê xe tự lái seattle | vé máy bay đi seattle | ve may bay di seattle","431.3650793650794"
"https://khangvuongbooking.com/dat-ve-may-bay-ha-noi-di-honolulu-my-thang-7/","0","402","32.159203980099505","/ve-may-bay","mapping_defined_unverified","vé máy bay đi honolulu | vé máy bay đi hawaii | vé máy bay từ hà nội đi honolulu | ve may bay di my thang 7","430.40796019900495"
"https://khangvuongbooking.com/dich-vu-chon-cho-ngoi-tren-chuyen-bay-cua-cac-hang-hang-khong/","0","423","54.40425531914894","/hang-bay","mapping_defined_unverified","chọn ghế máy bay | chọn chỗ ngồi trên máy bay | vị trí ghế ngồi trên máy bay vietjet | chỗ ngồi trên máy bay | số ghế trên máy bay vietjet","423"
"https://khangvuongbooking.com/chuyen-bay-ha-noi-di-houston-my-thang-9/","0","189","11.724867724867725","","needs_mapping_review","vé may bay từ hà nội đi houston | vé máy bay từ hà nội đi houston","421.75132275132273"
"https://khangvuongbooking.com/ve-may-bay-ho-chi-minh-di-hong-kong/","0","416","52.37259615384615","","needs_mapping_review","vé máy bay sài gòn hong kong | vé máy bay hong kong sài gòn | vé máy bay từ hà nội đi hồng kông | vé máy bay hà nội hongkong | giá vé đi hong kong","416"
"https://khangvuongbooking.com/ve-may-bay-ho-chi-minh-di-melbourne-uc/","0","413","38.743341404358354","","needs_mapping_review","vé máy bay đi melbourne | vé máy bay đi úc melbourne | vé máy bay đi victoria | vé máy bay sài gòn melbourne | vé máy bay đi úc melbourne giá rẻ","413"
"https://khangvuongbooking.com/ve-may-bay-tu-ha-noi-di-domodedovo-moscow-vietnam-airlines/","0","361","29.897506925207757","/ve-may-bay","mapping_defined_unverified","giá vé máy bay hà nội moscow | chuyến bay hà nội moscow | vé máy bay hà nội moscow | vé máy bay đi moscow domodedovo | từ hà nội đến moscow bao nhiêu km","412.02493074792244"
"https://khangvuongbooking.com/dat-mua-ve-may-bay-da-nang-di-miami-florida-my/","0","268","20.73507462686567","","needs_mapping_review","vé máy bay đi miami | da nang miami | danang miami | vé máy bay đi florida mỹ | florida mỹ","410.64925373134326"
"https://khangvuongbooking.com/giam-15-moi-thu-3-bay-quoc-te-cung-vietnam-airlines/","0","165","10.636363636363637","/hang-bay","mapping_defined_unverified","thu3quada | site:khangvuongbooking.com","408.6363636363636"
"https://khangvuongbooking.com/dat-mua-ve-may-bay-eva-air-di-my/","0","403","38.25062034739454","/ve-may-bay","mapping_defined_unverified","ve may bay eva air di my | vé máy bay eva đi mỹ | eva airline vé máy bay đi mỹ california rẻ | vé máy bay đi mỹ california eva | ve may bay di my cua hang eva","403"
"https://khangvuongbooking.com/dat-mua-ve-may-bay-da-nang-di-san-jose-my/","0","150","9.9","","needs_mapping_review","vé máy bay đi san jose","401"
"https://khangvuongbooking.com/dat-mua-ve-may-bay-da-nang-di-my-pho-thong/","0","221","17.3710407239819","","needs_mapping_review","vé máy bay đà nẵng đi mỹ | vé máy bay đi mỹ california","397.289592760181"
"https://khangvuongbooking.com/tron-goi-khu-hoi-hang-thuong-gia-vietnam-airlines-di-thuong-hai-chi-tu-682-usd/","0","396","62.89393939393939","/hang-bay","mapping_defined_unverified","vé máy bay hạng thương gia | vé máy bay thương gia | giá vé máy bay hạng thương gia | giá vé máy bay hạng thương gia vietnam airline | vé hạng thương gia","396"
"https://khangvuongbooking.com/dat-ve-may-bay-ha-noi-di-chicago-my-thang-8/","0","230","18.839130434782607","","needs_mapping_review","vé máy bay từ hà nội đi chicago | vé máy bay đi chicago | vé máy bay từ chicago về việt nam | vé máy bay đi mỹ tháng 8 | 8h chicago","391.60869565217394"
"https://khangvuongbooking.com/dat-ve-may-bay-ha-noi-di-denver-my-thang-7/","0","389","36.7840616966581","","needs_mapping_review","vé máy bay đi denver | sân bay denver | vé máy bay từ hà nội đi denver | my denver","389"
"https://khangvuongbooking.com/gia-ve-may-bay-sai-gon-tp-hcm-di-seattle-sea-my-thang-11-12/","0","277","24.28158844765343","","needs_mapping_review","vé máy bay đi seattle | ve may bay di seattle my | ve may bay di seattle | ho chi minh to seattle","384.1841155234657"
"https://khangvuongbooking.com/ve-may-bay-ha-noi-di-edmonton-canada/","0","384","41.796875","","needs_mapping_review","vé máy bay đi edmonton | vé máy bay đi edmonton canada | sân bay edmonton | vé máy bay từ hà nội đi calgary | nhiệt độ edmonton","384"
"https://khangvuongbooking.com/dat-mua-ve-may-bay-vietnam-airlines-di-seattle/","0","361","32.73407202216066","/ve-may-bay","mapping_defined_unverified","vé máy bay đi seattle | seattle cách việt nam bao nhiêu tiếng | ve may bay di seattle | vietnam airlines seattle","383.6592797783934"
"https://khangvuongbooking.com/dat-mua-ve-may-bay-ha-noi-di-san-jose-my/","0","227","20.24229074889868","","needs_mapping_review","vé máy bay đi san jose | sân bay san jose","374.57709251101323"
"https://khangvuongbooking.com/dat-ve-may-bay-ha-noi-di-dallas-texas-my-thang-7/","0","374","35.22727272727273","","needs_mapping_review","vé máy bay đi dallas | vé máy bay đi mỹ texas | vé máy bay đi texas | vé máy bay đi dallas-fort worth | vé máy bay từ hà nội đi dallas","374"
"https://khangvuongbooking.com/ve-may-bay-da-nang-di-tham-quyen/","0","306","28.395424836601308","/ve-may-bay","mapping_defined_unverified","vé máy bay đà nẵng trung quốc | vé máy bay đi thâm quyến | trung tâm dịch vụ visa trung quốc tại đà nẵng","372.0457516339869"
"https://khangvuongbooking.com/ve-may-bay-vietjet-air/","0","185","16.308108108108108","/ve-may-bay","mapping_defined_unverified","site:khangvuongbooking.com | hotline vietjet | đại lý vé máy bay vietjet tại vĩnh long | booking vietjet air | vietjet hotline","371.9189189189189"
"https://khangvuongbooking.com/ve-may-bay-da-nang-di-tay-an/","0","144","12.319444444444445","/ve-may-bay","mapping_defined_unverified","vé máy bay đi tây an","370.80555555555554"
"https://khangvuongbooking.com/tre-em-di-may-bay-vietnam-airlines-va-nhung-dieu-can-biet/","0","155","13.425806451612903","/hang-bay","mapping_defined_unverified","vé máy bay vietnam airline trẻ em | trẻ em dưới 2 tuổi đi máy bay vietnam airline | thủ tục cho trẻ em đi máy bay vietnam airline | trẻ em dưới 12 tuổi đi máy bay vietnam airline | giá vé máy bay trẻ em của vietnam airline","370.741935483871"
"https://khangvuongbooking.com/tag/cebu-pacific/","0","63","4.317460317460318","/cam-nang-bay","mapping_defined_unverified","site:khangvuongbooking.com | cebupaccific","369.82539682539687"
"https://khangvuongbooking.com/huong-dan-san-ve-ha-noi-han-di-an-do-thang-4-5-6/","0","110","9.190909090909091","","needs_mapping_review","từ việt nam sang ấn độ bao nhiêu tiếng","368.09090909090907"
"https://khangvuongbooking.com/ve-may-bay-ha-noi-di-cao-hung-dai-loan-gia-re/","0","364","39.5467032967033","","needs_mapping_review","vé máy bay đi cao hùng | vé máy bay hà nội cao hùng | vé máy bay từ hà nội đi cao hùng | giá vé máy bay cao hùng hà nội | chuyến bay cao hùng hà nội","364"
"https://khangvuongbooking.com/ve-may-bay-ha-noi-di-gwangju-han-quoc-gia-re/","0","121","10.710743801652892","/ve-may-bay","mapping_defined_unverified","sân bay gwangju | vé máy bay đi kwangju","363.89256198347107"
"https://khangvuongbooking.com/dat-ve-may-bay-ha-noi-di-los-angeles-my-thang-7/","0","289","27.629757785467127","","needs_mapping_review","vé máy bay từ hà nội đi los angeles | ve di my thang 7 | vé máy bay hà nội los angeles | site:khangvuongbooking.com | ve may bay di mỹ thang 7","362.70242214532874"
"https://khangvuongbooking.com/dat-mua-ve-may-bay-da-nang-di-my-thang-9/","0","225","21.746666666666666","/ve-may-bay","mapping_defined_unverified","vé máy bay đà nẵng đi mỹ | vé máy bay từ mỹ về đà nẵng | vé máy bay đà nẵng hà nội tháng 9","357.5333333333333"
"https://khangvuongbooking.com/dat-ve-may-bay-sai-gon-tp-hcm-di-phoenix-arizona-my-thang-7/","0","287","27.99651567944251","","needs_mapping_review","vé máy bay đi phoenix | bảo hiểm y tế ở arizona | vé máy bay từ tp. hồ chí minh đi phoenix | chuyến bay tới phoenix, arizona","357.03484320557493"
"https://khangvuongbooking.com/chuyen-bay-sai-gon-tp-hcm-di-san-francisco-my-thang-9/","0","155","14.883870967741936","","needs_mapping_review","ve may bay san francisco ve viet nam | site:khangvuongbooking.com | vé máy bay san francisco sài gòn","356.16129032258067"
"https://khangvuongbooking.com/dat-ve-may-bay-sai-gon-tp-hcm-di-miami-florida-my-thang-7/","0","222","21.666666666666668","/ve-may-bay","mapping_defined_unverified","vé máy bay đi miami | vé máy bay đi havana | vé máy bay từ mỹ đi cuba | vé máy bay đi florida mỹ | florida mỹ","355.3333333333333"
"https://khangvuongbooking.com/ve-may-bay-da-nang-di-trung-khanh/","0","170","16.517647058823528","/ve-may-bay","mapping_defined_unverified","site:khangvuongbooking.com | vé máy bay đà nẵng trung quốc","354.82352941176475"
"https://khangvuongbooking.com/dat-ve-may-bay-ha-noi-di-ohio-my-thang-8/","0","139","13.66906474820144","","needs_mapping_review","site:khangvuongbooking.com | vé máy bay từ hà nội đi cleveland | từ sân bay hà nội | vé máy bay đi cleveland","352.30935251798564"
"https://khangvuongbooking.com/dat-mua-ve-may-bay-da-nang-di-my-thang-7/","0","166","16.457831325301207","","needs_mapping_review","ve di my thang 7","351.4216867469879"
"https://khangvuongbooking.com/ban-ve-sai-gon-tp-hcm-di-chicago-my-thang-10/","0","158","15.689873417721518","","needs_mapping_review","vé máy bay từ tp hồ chí minh đi chicago | vé máy bay từ chicago về việt nam | vé máy bay đi chicago","351.10126582278485"
"https://khangvuongbooking.com/dat-ve-may-bay-ha-noi-di-houston-my-thang-7/","0","351","36.1965811965812","","needs_mapping_review","vé máy bay đi houston | vé máy bay đi texas | vé may bay từ hà nội đi houston | vé máy bay đi mỹ texas | vé máy bay houston sài gòn khứ hồi vietnam airlines","351"
"https://khangvuongbooking.com/dat-mua-ve-may-bay-da-nang-di-my-thang-10/","0","222","22.283783783783782","","needs_mapping_review","vé máy bay từ mỹ về đà nẵng","349.1621621621622"
"https://khangvuongbooking.com/tai-sao-ban-phai-that-day-an-toan-khi-co-den-bao-tren-may-bay/","0","73","7.561643835616438","/cam-nang-bay","mapping_defined_unverified","","347.3835616438356"
"https://khangvuongbooking.com/dat-mua-ve-may-bay-da-nang-di-my-thang-12/","0","148","15.182432432432432","","needs_mapping_review","ve may bay di mỹ thang 12 | vé máy bay đà nẵng hà nội tháng 12","346.1756756756757"
"https://khangvuongbooking.com/tag/http-khangvuongbooking-com/","0","73","7.890410958904109","/cam-nang-bay","mapping_defined_unverified","site:khangvuongbooking.com | khang vuong booking","344.09589041095893"
"https://khangvuongbooking.com/ve-may-bay-cebu-pacific/","0","344","53.758720930232556","/ve-may-bay","mapping_defined_unverified","vé máy bay đi cebu | phong ve cebu pacific | phòng vé cebu pacific | vé máy bay đi philippines cebu pacific | dai ly cebu pacific","344"
"https://khangvuongbooking.com/dat-mua-ve-may-bay-nippon-airways-di-san-jose/","0","341","35.64222873900293","/ve-may-bay","mapping_defined_unverified","vé máy bay đi san jose | vé máy bay đi costa rica | ""chất lượng bay ổn định""","341"
"https://khangvuongbooking.com/doi-ve-may-bay-eva-air/)","0","1","1","","needs_mapping_review","phí đổi vé eva air","341"
"https://khangvuongbooking.com/tong-dai-so-dien-thoai-starlux-airlines/","0","1","1","","needs_mapping_review","","341"
"https://khangvuongbooking.com/goi-y-nhung-dia-diem-mua-sam-ly-tuong-khi-di-du-lich-duc/","0","78","9","/cam-nang-bay","mapping_defined_unverified","","338"
"https://khangvuongbooking.com/dat-mua-ve-may-bay-da-nang-di-los-angeles-my/","0","295","31.071186440677966","/ve-may-bay","mapping_defined_unverified","vé máy bay từ mỹ về đà nẵng | vé máy bay đà nẵng đi mỹ | ve may bay di los angeles | da nang to los angeles","334.2881355932203"
"https://khangvuongbooking.com/gia-ve-may-bay-ha-noi-di-denver-den-my-thang-11-12/","0","249","26.53012048192771","","needs_mapping_review","vé máy bay đi denver | vé máy bay từ hà nội đi denver | ve may bay di my thang 11","333.69879518072287"
"https://khangvuongbooking.com/ve-may-bay-ho-chi-minh-di-dai-loan-gia-re/","0","333","37.573573573573576","","needs_mapping_review","vé máy bay sài gòn đài loan | vé máy bay đi từ sài gòn đến taipei | vé máy bay đi đài loan giá rẻ | vé máy bay hcm đi đài loan | vé máy bay hồ chí minh đi đài loan","333"
"https://khangvuongbooking.com/v","0","18","3.611111111111111","","needs_mapping_review","site:khangvuongbooking.com | vé máy bay airasia","331.8888888888889"
"https://khangvuongbooking.com/dat-mua-ve-new-york-my-ve-ho-chi-minh-ha-noi-gia-re/","0","103","12.145631067961165","","needs_mapping_review","vé máy bay từ hà nội đi new york","331.54368932038835"
"https://khangvuongbooking.com/chuyen-bay-ha-noi-di-boston-my-thang-9/","0","123","14.146341463414634","","needs_mapping_review","vé máy bay đi boston | vé máy bay từ hà nội đi boston | vé máy bay hà nội đi mỹ","331.5365853658536"
"https://khangvuongbooking.com/huong-dan-mua-them-hanh-ly-cac-hang-hang-kong/","0","1","2","","needs_mapping_review","","331"
"https://khangvuongbooking.com/mua-them-hanh-ly-china-eastern-airlines.html","0","1","2","","needs_mapping_review","mua hanh ly china eastern","331"
"https://khangvuongbooking.com/mua-them-hanh-ly-hongkong-airlines/)","0","1","2","","needs_mapping_review","","331"
"https://khangvuongbooking.com/mua-them-hanh-ly-ky-gui-air-china/","0","1","2","","needs_mapping_review","","331"
"https://khangvuongbooking.com/ve-may-bay-da-nang-di-jeju-han-quoc-gia-re/","0","167","19.017964071856287","","needs_mapping_review","vé máy bay đà nẵng jeju | vé máy bay đi đảo jeju hàn quốc | tour du lịch đảo jeju từ đà nẵng | giá vé đi đảo jeju hàn quốc","326.82035928143716"
"https://khangvuongbooking.com/ki-niem-20-nam-qatar-chieu-dai-dai-tiec-ve-khu-hoi-chi-tu-40-900-000-vnd-hap-dan/","0","61","8.508196721311474","/cam-nang-bay","mapping_defined_unverified","","325.91803278688525"
"https://khangvuongbooking.com/tag/qatar-airwqays-km-ve-khu-hoi-tu-3200000-vnd/","0","68","9.294117647058824","/cam-nang-bay","mapping_defined_unverified","3200000 | 3,200,000 | 3200000 vnd | 3200000vnd | ¥3,200,000","325.0588235294117"
"https://khangvuongbooking.com/ve-may-bay-quoc-te/ve-may-bay-di-duc-gia-re/","0","325","48.08","/ve-may-bay","mapping_defined_unverified","vé máy bay đi đức | vé máy bay hà nội đi đức | ve may bay di duc | vé máy bay đi đức giá bao nhiêu | vé máy bay đi đức khứ hồi","325"
"https://khangvuongbooking.com/dich-vu-dat-ve-may-bay-cho-thu-cung-cho-meo-di-san-francisco-my/","0","35","6.057142857142857","","needs_mapping_review","""vé sớm""","324.42857142857144"
"https://khangvuongbooking.com/ve-may-bay-di-my-gia-re/","0","324","56.55864197530864","/ve-may-bay","mapping_defined_unverified","ve may di my gia re | mua vé máy bay giá rẻ đi mỹ | mua vé máy bay đi mỹ giá rẻ | vé đi mỹ giá rẻ | máy bay đi mỹ giá rẻ","324"
"https://khangvuongbooking.com/dat-mua-ve-may-bay-eva-air-di-chicago/","0","323","61.1702786377709","/ve-may-bay","mapping_defined_unverified","vé máy bay đi chicago | vé máy bay từ hà nội đi chicago | mua vé máy bay đi mỹ hãng eva | ve may bay eva air | vé máy bay từ chicago về việt nam","323"
"https://khangvuongbooking.com/ve-may-bay-ho-chi-minh-di-daegu-han-quoc-gia-re/","0","130","15.753846153846155","","needs_mapping_review","vé máy bay đi daegu | sân bay daegu","322.46153846153845"
"https://khangvuongbooking.com/huong-dan-san-ve-ha-noi-han-di-my-thang-4-5-6/","0","53","8.075471698113208","","needs_mapping_review","","322.2452830188679"
"https://khangvuongbooking.com/quy-dinh-tre-em-di-may-bay-vietjet-air-ban-can-biet/","0","322","37.63354037267081","/cam-nang-bay","mapping_defined_unverified","trẻ em trên 2 tuổi đi máy bay vietjet | bao nhiêu tuổi được đi máy bay 1 mình | vé máy bay trẻ em dưới 12 tuổi vietjet | vé trẻ em vietjet | vé máy bay trẻ em vietjet","322"
"https://khangvuongbooking.com/bang-gia-ve-ho-chi-minh-di-bangalore/","0","73","10.10958904109589","","needs_mapping_review","site:khangvuongbooking.com","321.9041095890411"
"https://khangvuongbooking.com/mua-them-hanh-ly-cac-hang-hang-khong/","0","1","3","","needs_mapping_review","","321"
"https://khangvuongbooking.com/wp-content/uploads/2018/07/bangkok-thailand-2880x1800.jpg","0","1","3","","needs_mapping_review","","321"
"https://khangvuongbooking.com/ve-may-bay-ho-chi-minh-di-busan-han-quoc-gia-re/","0","319","43.3448275862069","/ve-may-bay","mapping_defined_unverified","vé máy bay đi busan | giá vé máy bay tp. hồ chí minh busan | giá vé máy bay đi busan hàn quốc | vé máy bay sài gòn busan | vé máy bay đi busan hàn quốc","319"
"https://khangvuongbooking.com/ve-may-bay-ha-noi-di-montreal-canada/","0","177","21.06779661016949","","needs_mapping_review","vé máy bay đi montreal | vé máy bay từ hà nội đi montreal | site:khangvuongbooking.com | vé máy bay đi montreal canada | giá vé máy bay từ hà nội đi canada","316.3220338983051"
"https://khangvuongbooking.com/ban-ve-ha-noi-di-miami-florida-my-thang-10/","0","159","19.29559748427673","/hang-bay","mapping_defined_unverified","vé máy bay đi miami","316.0440251572327"
"https://khangvuongbooking.com/ve-may-bay-da-nang-di-ha-mon/","0","97","13.11340206185567","/ve-may-bay","mapping_defined_unverified","vé máy bay hà nội hạ môn","315.8659793814433"
"https://khangvuongbooking.com/dat-ve-may-bay-sai-gon-tp-hcm-di-miami-florida-my-thang-8/","0","169","20.37869822485207","","needs_mapping_review","vé máy bay đi miami | vé máy bay đi florida mỹ | vé máy bay từ tp. hồ chí minh đi miami | sg miami | florida mỹ","315.2130177514793"
"https://khangvuongbooking.com/dat-ve-may-bay-ha-noi-di-san-francisco-my-thang-7/","0","191","22.69633507853403","/ve-may-bay","mapping_defined_unverified","vé máy bay từ hà nội đi san francisco | ve may bay di san francisco | vé máy bay từ san francisco đi hà nội | ve may bay di san francisco my","314.0366492146597"
"https://khangvuongbooking.com/ve-may-bay-ho-chi-minh-di-jeju-han-quoc-gia-re/","0","239","27.640167364016737","","needs_mapping_review","vé máy bay đi jeju | vé máy bay đi jeju hàn quốc | chuyến bay thẳng từ hcm đến jeju | vé máy bay từ seoul đi jeju | vé máy bay đi đảo jeju hàn quốc","312.59832635983264"
"https://khangvuongbooking.com/chuyen-bay-ha-noi-di-los-angeles-my-thang-9/","0","132","17.03030303030303","","needs_mapping_review","han lax | vé máy bay từ hà nội đi los angeles | vé máy bay hà nội los angeles | ve may bay di los angeles | ve may bay di my thang 9","311.6969696969697"
"https://khangvuongbooking.com/dat-mua-ve-may-bay-air-china-di-my/","0","113","15.256637168141593","/ve-may-bay","mapping_defined_unverified","air china de | china ac","310.43362831858406"
"https://khangvuongbooking.com/mua-them-hanh-ly-china-airlines-di-san-francisco/","0","24","6.541666666666667","","needs_mapping_review","mua thêm hành lý china airlines","308.5833333333333"
"https://khangvuongbooking.com/dat-ve-may-bay-sai-gon-tp-hcm-di-houston-my-thang-8/","0","289","33.055363321799305","","needs_mapping_review","vé máy bay từ houston đi tp. hồ chí minh | vé máy bay từ tphcm đi houston | vé máy bay đi houston | vé máy bay houston sài gòn | vé máy bay từ houston về sài gòn","308.446366782007"
"https://khangvuongbooking.com/truy-tim-3-cung-dien-hoang-gia-thai-lan-noi-tieng/","0","307","71.63192182410424","/cam-nang-bay","mapping_defined_unverified","cung điện hoàng gia thái lan | cung điện thái lan | cung điện hoàng gia | cung điện ở bangkok | cung điện chitralada","307"
"https://khangvuongbooking.com/tag/ve-may-bay-ha-noi-di-yangon/","0","57","10.035087719298245","/ve-may-bay","mapping_defined_unverified","","306.64912280701753"
"https://khangvuongbooking.com/dat-mua-ve-dallas-my-ve-ho-chi-minh-ha-noi-gia-re/","0","132","17.53787878787879","/cam-nang-bay","mapping_defined_unverified","vé máy bay từ dallas về việt nam | vé máy bay đi dallas | flight from dallas to ho chi minh | khang vuong booking | dallas to ho chi minh","306.6212121212121"
"https://khangvuongbooking.com/ban-ve-ha-noi-di-honolulu-my-thang-10/","0","231","27.463203463203463","/hang-bay","mapping_defined_unverified","vé máy bay đi honolulu | vé máy bay từ hà nội đi honolulu | site:khangvuongbooking.com","306.3679653679654"
"https://khangvuongbooking.com/ve-may-bay-cac-hang-hang-khong/","0","114","15.859649122807017","/ve-may-bay","mapping_defined_unverified","khang vuong booking | vé máy bay | phòng vé máy bay huỳnh sang booking | vé máy bay các hãng | etihad airways của nước nào","305.40350877192986"
"https://khangvuongbooking.com/tag/phong-ve-khang-vuong-booking/","0","93","13.78494623655914","/cam-nang-bay","mapping_defined_unverified","khang vuong booking | site:khangvuongbooking.com | tổng đài booking","305.1505376344086"
"https://khangvuongbooking.com/ve-may-bay-ha-noi-di-busan-han-quoc-gia-re/","0","304","38.661184210526315","","needs_mapping_review","vé máy bay đi busan | vé máy bay hà nội busan | vé máy bay đi busan hàn quốc | vé máy bay đà nẵng busan | giá vé máy bay đi busan hàn quốc","304"
"https://khangvuongbooking.com/dat-mua-ve-may-bay-eva-air-di-san-francisco/","0","194","24.15979381443299","/ve-may-bay","mapping_defined_unverified","vé máy bay đi mỹ california eva | eva airline vé máy bay đi mỹ california rẻ | vé máy bay đi san francisco | vé máy bay đi mỹ giá rẻ eva air | vé máy bay đi mỹ eva air","302.4020618556701"
"https://khangvuongbooking.com/tag/van-phong-khang-vuong-booking/","0","4","5.25","","needs_mapping_review","khang vuong booking","301.5"
"https://khangvuongbooking.com/dat-mua-ve-may-bay-starlux-airlines-di-san-francisco/","0","93","14.21505376344086","/ve-may-bay","mapping_defined_unverified","vé máy bay đi san francisco | ve may bay di san francisco","300.8494623655914"
"https://khangvuongbooking.com/dat-ve-may-bay-ha-noi-di-san-jose-my-thang-8/","0","229","27.8646288209607","","needs_mapping_review","vé máy bay đi san jose | ve may bay di my thang 8 | sân bay quốc tế san jose | vé máy bay hà nội đi mỹ | vé máy bay đi mỹ tháng 8","300.353711790393"
"https://khangvuongbooking.com/dat-ve-may-bay-sai-gon-tp-hcm-di-chicago-my-thang-8/","0","128","17.9609375","","needs_mapping_review","khách sạn tại chicago | vé máy bay từ chicago về việt nam | vé máy bay từ tp. hồ chí minh đi chicago | vé máy bay đi chicago | vé máy bay từ tp hồ chí minh đi chicago","298.390625"
"https://khangvuongbooking.com/ve-may-bay-qatar-airways/","0","298","61.26845637583892","/ve-may-bay","mapping_defined_unverified","vé máy bay đi qatar | vé máy bay đi doha | vé máy bay việt nam qatar | vé máy bay đi kuwait | vé máy bay qatar","298"
"https://khangvuongbooking.com/doi-ve-may-bay-china-airlines-di-new-york/","0","69","12.130434782608695","","needs_mapping_review","doi ve china airlines | đổi vé máy bay china airlines","297.69565217391306"
"https://khangvuongbooking.com/dat-mua-ve-may-bay-da-nang-di-orlando-florida-my/","0","169","22.224852071005916","/ve-may-bay","mapping_defined_unverified","vé máy bay đi orlando | vé máy bay từ hà nội đi orlando","296.75147928994085"
"https://khangvuongbooking.com/vietnam-airlines-uu-dai-20-gia-ve-hang-thuong-gia/","0","295","51.122033898305084","/khuyen-mai","mapping_defined_unverified","giá vé máy bay hạng thương gia vietnam airline | vé máy bay vietnam airline hạng thương gia | vé máy bay hạng thương gia vietnam airline | vé máy bay thương gia vietnam airline | giá vé hạng thương gia sài gòn hà nội","295"
"https://khangvuongbooking.com/gia-ve-may-bay-ha-noi-di-san-francisco-sfo-my-thang-11-12/","0","227","28.378854625550662","","needs_mapping_review","ve may bay di san francisco | vé máy bay từ hà nội đi san francisco | hà nội","293.2114537444934"
"https://khangvuongbooking.com/dat-ve-may-bay-ha-noi-di-san-jose-my-thang-7/","0","161","22.11801242236025","","needs_mapping_review","ve di my thang 7","289.8198757763975"
"https://khangvuongbooking.com/ve-may-bay-da-nang-di-seoul-han-quoc-gia-re/","0","227","28.779735682819382","","needs_mapping_review","vé máy bay đà nẵng seoul | vé máy bay đà nẵng hàn quốc | vé máy bay đà nẵng incheon | vé máy bay từ đà nẵng đi hàn quốc | vé máy bay đà nẵng đi hàn quốc","289.2026431718062"
"https://khangvuongbooking.com/kinh-nghiem-mua-ve-ha-noi-di-an-do-thang-10-11-12/","0","74","13.783783783783784","","needs_mapping_review","site:khangvuongbooking.com | tàu điện","286.1621621621622"
"https://khangvuongbooking.com/doi-ve-may-bay-china-airlines-di-seattle/","0","52","11.634615384615385","","needs_mapping_review","doi ve china eastern airlines","285.65384615384613"
"https://khangvuongbooking.com/tim-ve-re-ho-chi-minh-sgn-di-chennai/","0","106","17.056603773584907","","needs_mapping_review","sgn to maa | vietnam to chennai flight | ho chi minh to chennai | site:khangvuongbooking.com | vietnam to chennai","285.4339622641509"
"https://khangvuongbooking.com/dat-mua-ve-may-bay-nippon-airways-di-orlando-florida/","0","285","36.30877192982456","/ve-may-bay","mapping_defined_unverified","vé máy bay đi orlando | vé máy bay từ hà nội đi orlando | phòng vé nippon airways | vé máy bay đi florida mỹ","285"
"https://khangvuongbooking.com/ve-may-bay-da-nang-di-hong-kong/","0","281","35.487544483985765","","needs_mapping_review","vé máy bay hong kong đà nẵng | vé máy bay đà nẵng hong kong | vé máy bay đà nẵng quảng châu | da nang to hong kong","281"
"https://khangvuongbooking.com/wp-content/uploads/2023/06/Kimbap-tam-giac-Han-Quoc-duoc-gioi-tre-ua-chuong.webp","0","1","7","","needs_mapping_review","","281"
"https://khangvuongbooking.com/dat-ve-ho-chi-minh-di-new-delhi/","0","46","11.782608695652174","","needs_mapping_review","site:khangvuongbooking.com | vé máy bay đi delhi","278.17391304347825"
"https://khangvuongbooking.com/ve-may-bay-di-domodedovo-moscow-nga-vietnam-airlines/","0","80","15.225","/ve-may-bay","mapping_defined_unverified","vé máy bay đi moscow domodedovo | vé máy bay đi moscow | vé máy bay moscow hà nội","277.75"
"https://khangvuongbooking.com/dat-mua-ve-may-bay-da-nang-di-new-york-my/","0","156","22.897435897435898","","needs_mapping_review","vé máy bay từ mỹ về đà nẵng | site:khangvuongbooking.com | ve may bay di new york","277.025641025641"
"https://khangvuongbooking.com/tag/nhung-quy-dinh-ba-bau-di-may-bay-vietjet-air/","0","92","16.5","/cam-nang-bay","mapping_defined_unverified","quy định bay vietjet cho bà bầu | quy định phụ nữ mang thai đi máy bay vietjet | site:khangvuongbooking.com","277"
"https://khangvuongbooking.com/tag/ve-may-bay-di-thai-lan-gia-re/page/1/","0","2","7.5","","needs_mapping_review","","277"
"https://khangvuongbooking.com/dat-mua-ve-may-bay-ha-noi-di-my-pho-thong/","0","275","42.86909090909091","","needs_mapping_review","vé máy bay hà nội đi mỹ | giá vé máy bay từ hà nội đi mỹ | site:khangvuongbooking.com | may bay di my | vé máy bay từ hà nội đi mỹ","275"
"https://khangvuongbooking.com/ve-may-bay-da-nang-di-daegu-han-quoc-gia-re/","0","151","22.62251655629139","","needs_mapping_review","vé máy bay đi daegu | vé máy bay đà nẵng hàn quốc | vé máy bay từ đà nẵng đi hàn quốc | vé máy bay đà nẵng đi hàn quốc | daegu cách seoul bao xa","274.7748344370861"
"https://khangvuongbooking.com/dat-ve-may-bay-ha-noi-di-phoenix-arizona-my-thang-7/","0","236","31.139830508474578","","needs_mapping_review","vé máy bay đi phoenix | khách sạn gần nhà ga amsterdam rai | vé máy bay từ hà nội đi phoenix | hà my phonenix","274.6016949152542"
"https://khangvuongbooking.com/doi-ngay-ve-may-bay-china-airlines-di-portland-oregon-my/","0","16","9.1875","","needs_mapping_review","doi ngay china airlines | vé máy bay đi portland","274.125"
"https://khangvuongbooking.com/dat-ve-may-bay-ha-noi-di-austin-my-thang-8/","0","210","28.69047619047619","","needs_mapping_review","vé máy bay đi austin | ve may bay di my thang 8 | site:khangvuongbooking.com | vé máy bay hà nội đi mỹ","273.0952380952381"
"https://khangvuongbooking.com/dat-ve-may-bay-ha-noi-di-atlanta-my-thang-7/","0","273","38.0989010989011","/ve-may-bay","mapping_defined_unverified","vé máy bay đi atlanta | coca cola việt nam | lyft atlanta transportation","273"
"https://khangvuongbooking.com/ve-may-bay-ho-chi-minh-di-adelaide-uc/","0","270","34.714814814814815","","needs_mapping_review","vé máy bay đi adelaide | sân bay adelaide | sân bay quốc tế adelaide | vé máy bay từ tphcm đi adelaide | vé máy bay từ adelaide về việt nam","272.85185185185185"
"https://khangvuongbooking.com/ve-may-bay-da-nang-di-con-minh/","0","267","34.445692883895134","","needs_mapping_review","vé máy bay đi côn minh trung quốc | vé máy bay đi côn minh | vé máy bay đi kunming | vé máy bay hà nội kunming | vé máy bay đà nẵng đi côn đảo","272.54307116104866"
"https://khangvuongbooking.com/dat-ve-may-bay-ha-noi-di-miami-florida-my-thang-8/","0","122","19.991803278688526","","needs_mapping_review","vé máy bay đi florida mỹ | vé máy bay đi miami | thuê xe tự lái miami | vé máy bay hà nội đi mỹ","272.08196721311475"
"https://khangvuongbooking.com/ve-may-bay-quoc-te/ve-may-bay-di-my-gia-re/page/1/","0","1","8","","needs_mapping_review","","271"
"https://khangvuongbooking.com/mua-ve-khu-hoi-ha-noi-han-di-an-do-thang-7-8-9/","0","86","16.558139534883722","","needs_mapping_review","","270.4186046511628"
"https://khangvuongbooking.com/bay-dang-cap-cung-qatar-ve-khu-hoi-cuc-thap-tu-3200000-vnd-trong-2-ngay/","0","58","13.810344827586206","/cam-nang-bay","mapping_defined_unverified","3,200,000 | 3200000 | ¥3,200,000 | 3,200,000 vnd | 3200000 vnd","269.8965517241379"
"https://khangvuongbooking.com/chuyen-bay-ha-noi-di-phoenix-arizona-my-thang-9/","0","28","10.821428571428571","","needs_mapping_review","vé máy bay đi phoenix | phoenix hà my","269.78571428571433"
"https://khangvuongbooking.com/ban-ve-sai-gon-tp-hcm-di-los-angeles-my-thang-10/","0","108","18.925925925925927","/hang-bay","mapping_defined_unverified","vé máy bay từ tphcm đi los angeles | ve may bay di my thang 10 | vé máy bay từ tp hồ chí minh đi los angeles","268.74074074074076"
"https://khangvuongbooking.com/ban-ve-ha-noi-di-boston-my-thang-10/","0","150","23.226666666666667","","needs_mapping_review","vé máy bay từ hà nội đi boston | vé máy bay đi boston mỹ","267.73333333333335"
"https://khangvuongbooking.com/dat-mua-ve-may-bay-ha-noi-di-miami-florida-my/","0","150","23.226666666666667","/ve-may-bay","mapping_defined_unverified","vé máy bay đi miami | vé máy bay đi florida mỹ | miami thuộc nước nào | sân bay miami | tiểu bang miami","267.73333333333335"
"https://khangvuongbooking.com/dat-mua-ve-may-bay-eva-air-di-new-york/","0","267","50.3183520599251","/ve-may-bay","mapping_defined_unverified","ve may bay eva air di my | vé máy bay đi mỹ giá rẻ eva air | giá vé máy bay đi mỹ hãng eva | giá vé máy bay eva đi mỹ | giá vé máy bay hãng eva đi mỹ","267"
"https://khangvuongbooking.com/tag/dai-ly-qatar-airwqays/","0","78","16.128205128205128","/cam-nang-bay","mapping_defined_unverified","dai ly qatar airways","266.71794871794873"
"https://khangvuongbooking.com/dat-mua-ve-may-bay-eva-air-di-boston/","0","266","45.661654135338345","/ve-may-bay","mapping_defined_unverified","vé máy bay đi boston | boston cách việt nam bao nhiều tiếng | vé máy bay từ hà nội đi boston | boston cách việt nam bao nhiêu tiếng | vé máy bay đi boston mỹ","266"
"https://khangvuongbooking.com/tim-ve-re-tp-hcm-di-an-do-thang-10-11-12/","0","11","9.818181818181818","","needs_mapping_review","","262.8181818181818"
"https://khangvuongbooking.com/tag/ve-may-bay-asiana-gia-re/","0","66","15.409090909090908","/ve-may-bay","mapping_defined_unverified","vé máy bay đi mỹ hãng asiana airline | đại lý vé máy bay asiana airlines | đặt vé máy bay asiana airlines | 574usd | 543usd","261.90909090909093"
"https://khangvuongbooking.com/chuyen-bay-sai-gon-tp-hcm-di-austin-my-thang-9/","0","126","21.476190476190474","/hang-bay","mapping_defined_unverified","vé máy bay đi austin | vé máy bay từ tp. hồ chí minh đi austin","261.23809523809524"
"https://khangvuongbooking.com/dat-mua-ve-may-bay-nippon-airways-di-dallas-texas/","0","261","48.86206896551724","/ve-may-bay","mapping_defined_unverified","vé máy bay đi dallas | vé máy bay đi mỹ texas | vé máy bay đi dallas-fort worth | vé máy bay đi texas mỹ | vé máy bay đi texas","261"
"https://khangvuongbooking.com/wp-content/uploads/2018/02/Tan_Son_Nhat1.jpg","0","1","9","","needs_mapping_review","","261"
"https://khangvuongbooking.com/dat-ve-may-bay-ha-noi-di-austin-my-thang-7/","0","244","33.459016393442624","","needs_mapping_review","vé máy bay đi austin | vé máy bay hà nội đi mỹ | site:khangvuongbooking.com | my austin và bà nội","259.40983606557376"
"https://khangvuongbooking.com/china-airlines-giam-gia-len-den-25-chuyen-bay-di-dai-bac/","0","184","27.46195652173913","/khuyen-mai","mapping_defined_unverified","china airlines đi đài bắc | ci786 | dai ly china air","259.38043478260875"
"https://khangvuongbooking.com/ve-may-bay-ho-chi-minh-di-sydney-uc/","0","258","49.13565891472868","","needs_mapping_review","vé máy bay tphcm đi sydney | vé máy bay đi úc sydney | vé máy bay đi từ sài gòn đến sydney | giá vé máy bay từ sài gòn đi sydney | vé máy bay sài gòn sydney","258"
"https://khangvuongbooking.com/mua-ve-khu-hoi-ha-noi-han-di-mumbai/","0","21","11.476190476190476","","needs_mapping_review","","256.23809523809524"
"https://khangvuongbooking.com/dat-mua-ve-may-bay-da-nang-di-dallas-texas-my/","0","81","17.59259259259259","/ve-may-bay","mapping_defined_unverified","vé máy bay đi dallas | vé máy bay đi texas mỹ | vé máy bay đi dallas-fort worth","255.07407407407408"
"https://khangvuongbooking.com/ve-may-bay-di-anh-gia-re-moi-nhat-2025/","0","254","59.27165354330709","/ve-may-bay","mapping_defined_unverified","vé máy bay đi birmingham | vé máy bay đi anh giá rẻ | vé máy bay đi anh | vé máy bay sang anh | vé máy bay đi london gatwick","254"
"https://khangvuongbooking.com/ban-ve-ha-noi-di-houston-my-thang-10/","0","158","25.481012658227847","","needs_mapping_review","vé máy bay đi houston | vé may bay từ hà nội đi houston | thủ phủ texas | từ cần điền","253.18987341772151"
"https://khangvuongbooking.com/dat-mua-ve-may-bay-china-airlines-di-seattle/","0","55","15.218181818181819","/ve-may-bay","mapping_defined_unverified","site:khangvuongbooking.com | ve may bay china airlines di my","252.8181818181818"
"https://khangvuongbooking.com/dat-ve-may-bay-ha-noi-di-dallas-texas-my-thang-8/","0","161","25.850931677018632","/ve-may-bay","mapping_defined_unverified","vé máy bay đi dallas | vé máy bay từ hà nội đi dallas | vé máy bay đi texas mỹ | korean air | vé máy bay đi mỹ texas","252.49068322981367"
"https://khangvuongbooking.com/mua-them-hanh-ly-china-airlines-di-los-angeles/","0","83","18.16867469879518","","needs_mapping_review","mua hanh ly china airlines | mua thêm hành lý china airlines | mua thêm kiện hành lý china airlines | site:khangvuongbooking.com","251.31325301204822"
"https://khangvuongbooking.com/tag/quy-dinh-cua-jetstar-doi-voi-ba-bau-di-may-bay/","0","1","10","","needs_mapping_review","","251"
"https://khangvuongbooking.com/ve-may-bay-di-canada-gia-re/b","0","1","10","","needs_mapping_review","","251"
"https://khangvuongbooking.com/ve-may-bay-ha-noi-di-dai-trung-dai-loan-gia-re/","0","250","43.584","","needs_mapping_review","vé máy bay đi đài trung | giá vé máy bay từ hà nội đi đài loan | vé máy bay từ hà nội đi đài loan | vé máy bay đi đài trung đài loan | vé máy bay hà nội đài trung","250"
"https://khangvuongbooking.com/mua-them-hanh-ly-china-airlines-di-orlando-my/","0","7","10.857142857142858","","needs_mapping_review","mua hanh ly china airlines","248.42857142857142"
"https://khangvuongbooking.com/dat-ve-may-bay-ha-noi-di-orlando-florida-my-thang-7/","0","129","23.093023255813954","/ve-may-bay","mapping_defined_unverified","vé máy bay từ hà nội đi orlando | vé máy bay đi orlando | vé máy bay đi florida mỹ | o to orlando moi","248.06976744186045"
"https://khangvuongbooking.com/dat-mua-ve-may-bay-japan-airlines-di-chicago/","0","246","48.22357723577236","/ve-may-bay","mapping_defined_unverified","vé máy bay đi chicago | vé máy bay từ hà nội đi chicago | vé máy bay từ tp hồ chí minh đi chicago | vé máy bay đi nhật japan airline","246"
"https://khangvuongbooking.com/ban-ve-ha-noi-di-san-francisco-my-thang-10/","0","65","17.184615384615384","/hang-bay","mapping_defined_unverified","vé máy bay từ hà nội đi san francisco | ve may bay di my thang 10","243.15384615384616"
"https://khangvuongbooking.com/khuyen-mai/page/102/","0","1","11","","needs_mapping_review","","241"
"https://khangvuongbooking.com/dat-mua-ve-may-bay-eva-air-di-seattle/","0","99","20.8989898989899","/ve-may-bay","mapping_defined_unverified","ve may bay eva air di my | eva seattle | thảm eva near=thuận an -wiki -youtube -tiktok -amazon -""made-in-china"" -alibaba","240.010101010101"
"https://khangvuongbooking.com/dat-mua-ve-may-bay-china-airlines-di-boston/","0","240","37","/ve-may-bay","mapping_defined_unverified","vé máy bay đi boston | boston cách việt nam bao nhiêu tiếng | china boston | ve may bay china airlines di my | vé máy bay từ hà nội đi boston","240"
"https://khangvuongbooking.com/dat-mua-ve-may-bay-eva-air-di-washington/","0","240","51.979166666666664","/ve-may-bay","mapping_defined_unverified","ve may bay eva air di my | vé máy bay đi washington | vé máy bay đi washington dc | vé máy bay đi mỹ giá rẻ eva air | giá vé máy bay eva đi mỹ","240"
"https://khangvuongbooking.com/dat-ve-may-bay-ha-noi-di-phoenix-arizona-my-thang-8/","0","45","15.577777777777778","","needs_mapping_review","vé máy bay đi phoenix","239.22222222222223"
"https://khangvuongbooking.com/dich-vu-dat-ve-may-bay-cho-thu-cung-cho-meo-di-washington-dc-my/","0","20","13.25","","needs_mapping_review","","237.5"
"https://khangvuongbooking.com/huong-dan-san-ve-ho-chi-minh-di-mumbai/","0","83","19.927710843373493","","needs_mapping_review","vé máy bay đi mumbai | mumbai là gì | vé máy bay từ mumbai đi tp. hồ chí minh","233.72289156626508"
"https://khangvuongbooking.com/ve-may-bay-di-my-gia-re/page/3/","0","105","22.19047619047619","/ve-may-bay","mapping_defined_unverified","ve may bay china airlines di my","233.0952380952381"
"https://khangvuongbooking.com/dat-mua-ve-may-bay-da-nang-di-my-thang-11/","0","202","31.980198019801982","","needs_mapping_review","vé máy bay đà nẵng hà nội tháng 11 | site:khangvuongbooking.com | vé máy bay hà nội đà nẵng tháng 11 | vé máy bay đà nẵng đi hàn quốc | vé máy bay đà nẵng đi mỹ","232.1980198019802"
"https://khangvuongbooking.com/thu-nam-ruc-ro-uu-dai-bat-ngo-tu-vietnam-airlines/","0","80","19.8125","/khuyen-mai","mapping_defined_unverified","thứ năm rực rỡ | site:khangvuongbooking.com | thứ 5 rực rỡ vietnam airline | thứ 5 rực rỡ","231.875"
"https://khangvuongbooking.com/ve-may-bay-eva-air/","0","228","58.32017543859649","/ve-may-bay","mapping_defined_unverified","dai ly eva air | ve may bay eva air | đại lý eva air | vé máy bay eva đi đài loan | vé máy bay đi đài loan eva","228"
"https://khangvuongbooking.com/ve-may-bay-di-tp-hcm/","0","227","62.54625550660793","/ve-may-bay","mapping_defined_unverified","vé máy bay đi tphcm | vé máy bay đi hcm | vé máy bay đi hồ chí minh | vé máy bay thành phố hồ chí minh | ve may bay saigon nha trang","227"
"https://khangvuongbooking.com/chuyen-bay-ha-noi-di-san-jose-my-thang-9/","0","76","20.05263157894737","/hang-bay","mapping_defined_unverified","vé máy bay đi san jose | site:khangvuongbooking.com | sân bay quốc tế san jose","225.4736842105263"
"https://khangvuongbooking.com/dat-mua-ve-may-bay-ha-noi-di-washington-my/","0","203","32.92118226600985","/ve-may-bay","mapping_defined_unverified","vé máy bay đi washington | vé máy bay đi washington dc | vé máy bay washington sài gòn | vé máy bay đi washington arlington","223.7881773399015"
"https://khangvuongbooking.com/ve-may-bay-du-hoc-sinh-quang-chau/","0","89","21.685393258426966","","needs_mapping_review","giá vé máy bay tp. hồ chí minh quảng châu | giá vé máy bayquảng châu tp. hồ chí minh | chuyến bay quảng châu hà nội | vé máy bay khứ hồi đi quảng châu | chuyến bay quảng châu tp. hồ chí minh","222.14606741573033"
"https://khangvuongbooking.com/ve-may-bay-ha-noi-di-daegu-han-quoc-gia-re/","0","105","23.333333333333332","/ve-may-bay","mapping_defined_unverified","vé máy bay đi daegu | sân bay daegu","221.66666666666669"
"https://khangvuongbooking.com/vietjet-air-mo-duong-bay-thang-tu-ho-chi-minh-di-nagoya-fukuoka/","0","219","36.054794520547944","/hang-bay","mapping_defined_unverified","vé máy bay đi nagoya | vé máy bay đi nagoya nhật bản | chuyến bay tp. hồ chí minh nagoya | giá vé máy bay tp. hồ chí minh nagoya","219"
"https://khangvuongbooking.com/dat-mua-ve-may-bay-japan-airlines-di-dallas-texas/","0","215","49.03720930232558","/ve-may-bay","mapping_defined_unverified","vé máy bay đi dallas | vé máy bay đi mỹ texas | vé máy bay đi dallas-fort worth | japan to texas | xin tên","215"
"https://khangvuongbooking.com/ve-may-bay-da-nang-di-dai-bac-dai-loan-gia-re/","0","213","41.82629107981221","","needs_mapping_review","vé máy bay đà nẵng đi đài loan | vé máy bay đà nẵng đài loan | vé máy bay từ đà nẵng đi đài bắc | vé máy bay đài loan đà nẵng | vé máy bay đà nẵng đi đài loan vé máy bay đi đài bắc","213"
"https://khangvuongbooking.com/wp-content/uploads/2018/07/1450202_586194808118709_388579283_n-1-Copy.jpg","0","2","14","","needs_mapping_review","photo giấy tờ","212"
"https://khangvuongbooking.com/dat-ve-may-bay-ha-noi-di-boston-my-thang-7/","0","211","43.40284360189573","/ve-may-bay","mapping_defined_unverified","vé máy bay đi boston | vé máy bay từ hà nội đi boston | site:khangvuongbooking.com","211"
"https://khangvuongbooking.com/vietjet-air-mo-ban-2-trieu-ve-0-dong-phuc-vu-duong-bay-mua/","0","208","65.3125","/cam-nang-bay","mapping_defined_unverified","vé máy bay 0 đồng | vietjet 0 đồng | săn vé 0 đồng | vé 0 đồng vietjet | vietjet vé 0 đồng","208"
"https://khangvuongbooking.com/dat-ve-may-bay-sai-gon-tp-hcm-di-austin-my-thang-7/","0","152","29.43421052631579","","needs_mapping_review","vé máy bay đi austin","207.65789473684208"
"https://khangvuongbooking.com/ve-may-bay-di-dai-trung-dai-loan/","0","205","42.71707317073171","","needs_mapping_review","đặt vé máy bay đi đài trung | vé máy bay đi đài trung | hình ảnh vé máy bay đi đài loan | vé máy bay đi đài trung đài loan | vé máy bay đi đài loan bao nhiêu tiền","205"
"https://khangvuongbooking.com/ve-may-bay-ho-chi-minh-di-perth-uc/","0","197","39.40609137055838","","needs_mapping_review","vé máy bay đi perth | vé máy bay đi perth úc | vé máy bay hà nội perth | vé máy bay perth sài gòn | sân bay perth","197"
"https://khangvuongbooking.com/gia-ve-may-bay-ha-noi-di-houston-iah-my-thang-11-12/","0","151","30.543046357615893","","needs_mapping_review","vé máy bay đi houston | vé may bay từ hà nội đi houston | vé máy bay đi texas | sân bay houston texas | vé máy bay từ houston về việt nam","195.56953642384107"
"https://khangvuongbooking.com/dat-ve-may-bay-sai-gon-tp-hcm-di-atlanta-my-thang-8/","0","80","23.625","","needs_mapping_review","vé máy bay đi atlanta | atlanta | ve di my thang 8","193.75"
"https://khangvuongbooking.com/dat-mua-ve-may-bay-sai-gon-di-los-angeles-my/","0","140","29.764285714285716","/ve-may-bay","mapping_defined_unverified","vé máy bay đi los angeles | vé máy bay sài gòn los angeles | vé máy bay los angeles sài gòn | vé máy bay đi mỹ california | ve may bay di los angeles","192.35714285714283"
"https://khangvuongbooking.com/dich-vu-dat-ve-may-bay-cho-thu-cung-cho-meo-di-detroit-michigan-my/","0","9","17.11111111111111","","needs_mapping_review","","187.88888888888889"
"https://khangvuongbooking.com/gia-ve-may-bay-ha-noi-di-boston-bos-my-thang-11-12/","0","149","31.38255033557047","","needs_mapping_review","vé máy bay đi boston | vé máy bay đi boston mỹ | vé máy bay từ hà nội đi boston","185.1744966442953"
"https://khangvuongbooking.com/vietnam-airlines-mo-ban-lai-chang-bay-giua-viet-nam-va-trung-quoc/","0","95","26.189473684210526","/hang-bay","mapping_defined_unverified","chuyến bay từ việt nam sang trung quốc | site:khangvuongbooking.com | giá vé máy bay đi trung quốc vietnam airline | vn522 | vn523","183.10526315789474"
"https://khangvuongbooking.com/dat-mua-ve-may-bay-china-airlines-di-san-jose/","0","181","39.32044198895028","/ve-may-bay","mapping_defined_unverified","vé máy bay đi san jose | vé máy bay đi costa rica | ban ve may bay san jose | ve may bay china airlines di my","181"
"https://khangvuongbooking.com/wp-content/uploads/2025/09/Long-van-chuyen-cho-meo-di-may-bay_1.jpg","0","1","17","","needs_mapping_review","","181"
"https://khangvuongbooking.com/doi-ngay-ve-may-bay-china-airlines-di-miami-my/","0","93","26.258064516129032","/ve-may-bay","mapping_defined_unverified","ve may bay china airlines di my | site:khangvuongbooking.com","180.4193548387097"
"https://khangvuongbooking.com/ve-may-bay-di-ca-mau/","0","176","87.69886363636364","/ve-may-bay","mapping_defined_unverified","đại lý vé máy bay vietnam tại cà mau | giá vé máy bay từ hà nội đi cà mau | sân chim chà là | site:khangvuongbooking.com | vé máy bay hà nội đi cà mau","176"
"https://khangvuongbooking.com/dat-ve-may-bay-sai-gon-tp-hcm-di-orlando-florida-my-thang-8/","0","59","23.372881355932204","","needs_mapping_review","vé máy bay đi orlando","175.27118644067795"
"https://khangvuongbooking.com/gia-ve-may-bay-ha-noi-di-atlanta-atl-my-thang-11-12/","0","151","32.58278145695364","","needs_mapping_review","vé máy bay đi atlanta","175.1721854304636"
"https://khangvuongbooking.com/dat-mua-ve-may-bay-japan-airlines-di-washington/","0","90","26.555555555555557","/ve-may-bay","mapping_defined_unverified","vé máy bay đi washington | vé máy bay đi washington dc | vé máy bay đi mỹ hãng japan airline","174.44444444444443"
"https://khangvuongbooking.com/doi-ngay-ve-may-bay-china-airlines-di-las-vegas-my/","0","42","21.761904761904763","","needs_mapping_review","ve may bay china airlines di my | sân bay las vegas","174.38095238095238"
"https://khangvuongbooking.com/wp-content/uploads/2025/09/Ghe-hang-thuong-gia-hang-STARLUX-Airlines.png","0","1","18","","needs_mapping_review","","171"
"https://khangvuongbooking.com/quy-dinh-ba-bau-di-may-bay-vietnam-airlines/","0","63","24.49206349206349","/hang-bay","mapping_defined_unverified","vietnam airlines pregnancy policy | quy định bay cho bà bầu vietnam airline | bà bầu đi máy bay có được ưu tiên không | bà bầu đi máy bay vietnam airlines cần giấy to gì | bầu đi máy bay vietnam airlines","168.0793650793651"
"https://khangvuongbooking.com/dat-mua-ve-may-bay-air-china-di-san-francisco/","0","168","61.660714285714285","/ve-may-bay","mapping_defined_unverified","vé máy bay đi san francisco | vé máy bay từ hà nội đi san francisco | vé máy bay từ tp hồ chí minh đi san francisco | vé máy bay air china | doi ve air china","168"
"https://khangvuongbooking.com/tag/ve-may-bay-tet-khuyen-mai/","0","166","45.89156626506024","/khuyen-mai","mapping_defined_unverified","vé máy bay giá rẻ tết 2023 | khuyến mãi vé máy bay tết | vé máy bay tết 2023 | săn vé máy bay giá rẻ tết 2021 | giá vé máy bay tết 2023","166"
"https://khangvuongbooking.com/hao-huc-co-vu-u23-viet-nam-voi-4-mon-an-ngon-tai-thuong-chau/","0","56","24.035714285714285","/cam-nang-bay","mapping_defined_unverified","site:khangvuongbooking.com | món ăn truyền thống của trung quốc","165.64285714285717"
"https://khangvuongbooking.com/dat-mua-ve-may-bay-eva-air-di-los-angeles/","0","164","41.03658536585366","/ve-may-bay","mapping_defined_unverified","eva airline vé máy bay đi mỹ california rẻ | vé máy bay đi mỹ california eva | ve may bay eva air di my | vé máy bay đi mỹ hãng eva air | vé máy bay eva air đi mỹ","164"
"https://khangvuongbooking.com/dat-mua-ve-may-bay-china-southern-airlines-di-my/","0","84","27.69047619047619","/ve-may-bay","mapping_defined_unverified","","157.0952380952381"
"https://khangvuongbooking.com/cac-hang-hang-khong-viet-nam-cung-cap-dich-vu-gi-tren-chuyen-bay/","0","82","27.536585365853657","/hang-bay","mapping_defined_unverified","thứ được cung cấp trên máy bay | site:khangvuongbooking.com | kể tên những thứ được cung cấp trên chuyến bay | kể tên những thứ được cung cấp trên máy bay | thứ gì được cung cấp trên máy bay","156.63414634146343"
"https://khangvuongbooking.com/mat-chung-minh-nhan-dan-co-mua-duoc-ve-may-bay-hay-khong/","0","52","24.673076923076923","/ve-may-bay","mapping_defined_unverified","đặt vé máy bay quốc tế khi chưa có hộ chiếu | chứng minh nhân thân là gì | mất chứng minh thư có đi được máy bay không","155.26923076923077"
"https://khangvuongbooking.com/dich-vu-hang-khong/page/8/","0","5","20","","needs_mapping_review","","155"
"https://khangvuongbooking.com/dat-mua-ve-may-bay-sai-gon-di-new-york-my/","0","152","34.776315789473685","/ve-may-bay","mapping_defined_unverified","vé máy bay new york sài gòn | vé máy bay geneva sài gòn | vé máy bay từ tphcm đi new york | vé máy bay từ tp hồ chí minh đi new york | vé máy bay sài gòn đi mỹ","154.23684210526315"
"https://khangvuongbooking.com/dat-mua-ve-may-bay-starlux-airlines-di-orlando-florida/","0","137","33.56204379562044","/ve-may-bay","mapping_defined_unverified","vé máy bay đi orlando","151.3795620437956"
"https://khangvuongbooking.com/wp-content/uploads/2025/03/Doi-ve-may-bay-Air-France.webp","0","1","20","","needs_mapping_review","","151"
"https://khangvuongbooking.com/dat-mua-ve-may-bay-di-thai-lan-tai-air-asia-giam-toi-20-gia-ve/","0","148","46.12162162162162","/ve-may-bay","mapping_defined_unverified","vé máy bay đi thái lan air asia | 12go.asia vé máy bay giá rẻ thái lan | thai airasia đi bangkok | book vé thái lan | vé máy bay giá rẻ đi thái lan air asia","148"
"https://khangvuongbooking.com/ve-may-bay-china-airlines/","0","145","49.772413793103446","/ve-may-bay","mapping_defined_unverified","china airlines đánh giá | ve may bay china airlines di my | site:khangvuongbooking.com | vé máy bay china airlines | china airlines ha noi","145"
"https://khangvuongbooking.com/trai-nghiem-du-lich-manila-tu-tuc-cuoi-nam-gia-hap-dan-chi-tu-70-usdchieu/","0","100","30.56","/cam-nang-bay","mapping_defined_unverified","thuê xe tự lái manila | du lịch philippines tự túc | du lịch manila tự túc | chi phí du lịch philippines tự túc | 5j 752","144.4"
"https://khangvuongbooking.com/ve-may-bay-quoc-te/ve-may-bay-di-indonesia-gia-re/","0","2","21","","needs_mapping_review","vé máy bay đi indonesia","142"
"https://khangvuongbooking.com/doi-ngay-ve-may-bay-china-airlines-di-orlando-my/","0","13","22.153846153846153","","needs_mapping_review","ve may bay china airlines di my | vé máy bay đi orlando","141.46153846153845"
"https://khangvuongbooking.com/san-ve-may-bay-tet-2023-vietnam-airlines-tu-666k/","0","136","61.14705882352941","/ve-may-bay","mapping_defined_unverified","vé máy bay tết 2023 | vé máy bay giá rẻ tết 2023 | site:khangvuongbooking.com | vé máy bay tết vietnam airlines | giá vé máy bay tết 2023","136"
"https://khangvuongbooking.com/ve-may-bay-du-hoc-sinh-bac-kinh/","0","25","23.92","","needs_mapping_review","vé máy bay từ bắc kinh đi hà nội","135.79999999999998"
"https://khangvuongbooking.com/tag/ve-may-bay-cebu-pacific/","0","132","40.50757575757576","/ve-may-bay","mapping_defined_unverified","vé máy bay đi cebu | vé máy bay đi philippines cebu pacific | vé máy bay cebu pacific | site:khangvuongbooking.com","132"
"https://khangvuongbooking.com/wp-content/uploads/2025/03/Doi-ve-may-bay-KLM.webp","0","1","22","","needs_mapping_review","","131"
"https://khangvuongbooking.com/dat-mua-ve-may-bay-starlux-airlines-di-washington/","0","82","30.20731707317073","/ve-may-bay","mapping_defined_unverified","vé máy bay đi washington | vé máy bay đi washington dc","129.9268292682927"
"https://khangvuongbooking.com/dat-mua-ve-may-bay-nippon-airways-di-los-angeles/","0","129","39.06201550387597","/ve-may-bay","mapping_defined_unverified","ve may bay di los angeles | vé máy bay từ hà nội đi los angeles | vé máy bay hà nội los angeles | vé máy bay geneva sài gòn | bán vé máy bay near me","129"
"https://khangvuongbooking.com/chuyen-bay-ha-noi-di-austin-my-thang-9/","0","75","29.68","/hang-bay","mapping_defined_unverified","vé máy bay đi austin","128.2"
"https://khangvuongbooking.com/dat-ve-may-bay-ha-noi-di-denver-my-thang-8/","0","55","27.727272727272727","","needs_mapping_review","vé máy bay đi denver | ve di my thang 8","127.72727272727273"
"https://khangvuongbooking.com/ban-da-nem-thu-4-mon-mi-ngon-noi-tieng-o-dat-nuoc-nhat-ban-nay-chua/","0","126","77.18253968253968","/cam-nang-bay","mapping_defined_unverified","các loại mì nhật bản | mì nhật | mì nhật bản | mi nhat | mì ngon nhất thế giới","126"
"https://khangvuongbooking.com/vietnam-airlines-khuyen-mai-ve-may-bay-di-uc-tu-viet-nam/","0","124","48.41935483870968","/khuyen-mai","mapping_defined_unverified","giá vé máy bay đi úc khứ hồi vietnam airline | giá vé máy bay đi úc của vietnam airline | giá vé máy bay đi úc vietnam airline | vé máy bay từ việt nam sang úc | vé máy bay đi úc vietnam airline","124"
"https://khangvuongbooking.com/dat-ve-ho-chi-minh-di-an-do-thang-1-2-3/","0","64","29.21875","","needs_mapping_review","giá vé máy bay từ sài gòn đi ấn độ | vé máy bay đi ấn độ từ hồ chí minh","121.8125"
"https://khangvuongbooking.com/ve-may-bay-tu-ho-chi-minh-di-tham-quyen/","0","72","30.083333333333332","/ve-may-bay","mapping_defined_unverified","vé máy bay đi thẩm quyến | vé máy bay đi shenzhen | vé máy bay lao động du học giá rẻ","121.16666666666669"
"https://khangvuongbooking.com/wp-content/uploads/2018/02/san-bay-quoc-te-da-nang.jpg","0","1","23","","needs_mapping_review","","121"
"https://khangvuongbooking.com/dat-mua-ve-may-bay-japan-airlines-di-seattle/","0","116","43.3448275862069","/ve-may-bay","mapping_defined_unverified","vé máy bay đi nhật japan airline","116"
"https://khangvuongbooking.com/vietnam-airlines-uu-dai-ve-may-bay-di-perth-tu-viet-nam/","0","114","44.64035087719298","/khuyen-mai","mapping_defined_unverified","vé máy bay hà nội perth | vé máy bay đi perth úc | vé máy bay đi perth | booking vé máy bay vietnam airlines | vé máy bay perth sài gòn","114"
"https://khangvuongbooking.com/tag/ve-may-bay-di-philippines-gia-re/","0","112","64.25","/ve-may-bay","mapping_defined_unverified","vé đi philippines | vé máy bay đi philippines giá rẻ | giá vé máy bay đến philippines | vé máy bay giá rẻ đi philippines | giá vé đi philippines","112"
"https://khangvuongbooking.com/ban-ve-ha-noi-di-orlando-florida-my-thang-10/","0","73","31.164383561643834","/hang-bay","mapping_defined_unverified","vé máy bay đi orlando | vé máy bay từ hà nội đi orlando","111.35616438356166"
"https://khangvuongbooking.com/wp-content/uploads/2025/05/Xin-visa-du-hoc-Trung-Quoc-can-nhung-gi.webp","0","1","24","","needs_mapping_review","","111"
"https://khangvuongbooking.com/tag/ve-may-bay-ha-noi-di-sydney/","0","107","41.6822429906542","/ve-may-bay","mapping_defined_unverified","vé máy bay hà nội đi sydney | vé máy bay khứ hồi hà nội sydney | vé máy bay giá rẻ hà nội sydney | vé máy bay từ hà nội đi sydney | vé máy bay hà nội sydney khứ hồi vietnam airlines","107"
"https://khangvuongbooking.com/dat-mua-ve-may-bay-eva-air-di-miami-florida/","0","106","37.575471698113205","/ve-may-bay","mapping_defined_unverified","vé máy bay đi miami | vé máy bay đi havana | site:khangvuongbooking.com | ve may bay di my eva air | ve may bay hang eva di my","106"
"https://khangvuongbooking.com/bay-dang-cap-cung-hang-thuong-gia-asiana-gia-chi-tu-2100-usd-khu-hoi/","0","106","44.443396226415096","/hang-bay","mapping_defined_unverified","đại lý vé máy bay asiana airlines | giá vé hạng thương gia đi hàn quốc | giá vé máy bay hạng thương gia đi hàn quốc | vé máy bay đi hàn quốc hạng thương gia | hang may bay asiana airline","106"
"https://khangvuongbooking.com/vietnam-airlines-khuyen-mai-giam-20-mung-tan-sinh-vien/","0","106","64.19811320754717","/khuyen-mai","mapping_defined_unverified","mã giảm giá vietnam airline 2020 | site:khangvuongbooking.com | vietnamairlines khuyến mãi","106"
"https://khangvuongbooking.com/dat-mua-ve-may-bay-china-southern-airlines-di-san-francisco/","0","57","30.54385964912281","/ve-may-bay","mapping_defined_unverified","doi ve china southern | site:khangvuongbooking.com","101.56140350877192"
"https://khangvuongbooking.com/wp-content/uploads/2015/12/air-china2-e1449215644258.jpg","0","1","25","","needs_mapping_review","","101"
"https://khangvuongbooking.com/wp-content/uploads/2017/03/cd.jpg","0","1","25","","needs_mapping_review","","101"
"https://khangvuongbooking.com/ve-may-bay-nha-trang-di-dai-bac-dai-loan-gia-re/","0","33","28.272727272727273","","needs_mapping_review","","100.27272727272727"
"https://khangvuongbooking.com/dat-mua-ve-may-bay-nippon-airways-di-chicago/","0","100","54.58","/ve-may-bay","mapping_defined_unverified","vé máy bay từ hà nội đi chicago | vé máy bay đi chicago | vé máy bay từ tp hồ chí minh đi chicago | đại lý vé máy bay ana tại tphcm","100"
"https://khangvuongbooking.com/ve-may-bay-quoc-te/ve-may-bay-di-anh-gia-re/","0","99","41.313131313131315","","needs_mapping_review","vé máy bay đi anh | ve may bay di anh | khang vuong booking | vé máy bay sang anh bao nhiêu","99"
"https://khangvuongbooking.com/dat-mua-ve-may-bay-eva-air-di-orlando-florida/","0","53","30.77358490566038","/ve-may-bay","mapping_defined_unverified","vé máy bay đi orlando | phí đổi vé eva air","95.26415094339622"
"https://khangvuongbooking.com/quy-dinh-moi-nhat-ve-giay-to-tuy-than-khi-di-may-bay/","0","92","34.858695652173914","/cam-nang-bay","mapping_defined_unverified","giấy tờ tùy thân | giấy tờ tùy thân khi đi máy bay | giấy tờ tuỳ thân đi máy bay | giấy tờ tùy thân đi máy bay | site:khangvuongbooking.com","93.41304347826086"
"https://khangvuongbooking.com/dat-mua-ve-may-bay-japan-airlines-di-new-york/","0","93","55.215053763440864","/ve-may-bay","mapping_defined_unverified","vé máy bay từ tp hồ chí minh đi new york | vé máy bay đi new york | vé máy bay từ hà nội đi new york | vé máy bay đi mỹ hãng japan airline | vé máy bay hà nội new york","93"
"https://khangvuongbooking.com/dat-ve-may-bay-ha-noi-di-atlanta-my-thang-8/","0","72","33.138888888888886","","needs_mapping_review","vé máy bay đi atlanta | ve di my thang 8","90.61111111111114"
"https://khangvuongbooking.com/trai-nghiem-tuyet-voi-cung-air-asia-khi-mua-ve-may-bay-di-thai-lan-voi-gia-chi-tu-33-usd/","0","84","60.11904761904762","/ve-may-bay","mapping_defined_unverified","vé máy bay đi thái lan air asia | book vé thái lan | book vé máy bay đi thái lan","84"
"https://khangvuongbooking.com/ve-may-bay-di-ha-noi/","0","80","48.425","/ve-may-bay","mapping_defined_unverified","book vé máy bay đi hà nội | vé máy bay quảng ngãi hà nội | đặt vé máy bay về hà nội | đặt vé đi hà nội | book vé đi hà nội","80"
"https://khangvuongbooking.com/bamboo-airways-khuyen-mai-chao-he-2021-giam-den-25-gia-ve-may-bay/","0","77","45","/khuyen-mai","mapping_defined_unverified","qh1622 | qh1417 | khuyến mãi bamboo | site:khangvuongbooking.com | qh1414","77"
"https://khangvuongbooking.com/dat-mua-ve-may-bay-sai-gon-di-washington-my/","0","73","38.73972602739726","","needs_mapping_review","vé máy bay washington sài gòn | vé máy bay đi washington | site:khangvuongbooking.com | vé máy bay từ tp. hồ chí minh đi washington | vé máy bay đi washington dc","73"
"https://khangvuongbooking.com/dat-mua-ve-may-bay-china-airlines-di-los-angeles/","0","71","36.80281690140845","/ve-may-bay","mapping_defined_unverified","ve may bay china airlines di my | vé máy bay china airlines | vé máy bay china airline | vé máy bay hà nội los angeles | khoảng cách từ hà nội đến los angeles","71"
"https://khangvuongbooking.com/ve-may-bay-ho-chi-minh-di-cao-hung-dai-loan-gia-re/","0","69","37.130434782608695","","needs_mapping_review","vé máy bay đi cao hùng | vé máy bay đi cao hùng đài loan | giá vé máy bay đi cao hùng đài loan | vé máy bay hà nội cao hùng","69"
"https://khangvuongbooking.com/ve-may-bay-quoc-te/ve-may-bay-di-trung-quoc-gia-re/","0","69","44.231884057971016","","needs_mapping_review","vé máy bay đà nẵng đi quảng châu | vé máy bay đi trùng khánh trung quốc | vé máy bay hà nội đi quảng châu | vé máy bay đi thâm quyến","69"
"https://khangvuongbooking.com/vietnam-airlines-uu-dai-ve-khu-hoi-da-nang-di-bangkok-chi-tu-699-000d/","0","68","70.92647058823529","/khuyen-mai","mapping_defined_unverified","vé máy bay đà nẵng băng cốc | vé máy bay hà nội bangkok khứ hồi vietnam airlines | vé máy bay từ đà nẵng đi bangkok | vé máy bay đà nẵng đi bangkok | vé máy bay đà nẵng bangkok","68"
"https://khangvuongbooking.com/doi-ngay-ve-may-bay-china-airlines-di-philadelphia-my/","0","10","29.3","","needs_mapping_review","ve may bay china airlines di my | vé máy bay đi philadelphia","67"
"https://khangvuongbooking.com/chi-tu-547-usd-ve-khu-hoi-asiana-uu-dai-di-my-cuc-re/","0","66","37.303030303030305","/khuyen-mai","mapping_defined_unverified","vé máy bay đi mỹ hãng asiana airline | 547 usd | vé máy bay đi mỹ asiana airlines | 547usd","66"
"https://khangvuongbooking.com/dat-mua-ve-may-bay-china-airlines-di-new-york/","0","65","41.03076923076923","/ve-may-bay","mapping_defined_unverified","ve may bay china airlines di my | vé máy bay từ hà nội đi new york | vé máy bay từ tp hồ chí minh đi new york | vé máy bay đi new york | vé máy bay china airlines","65"
"https://khangvuongbooking.com/ve-tway-air-mot-chieu-bay-han-quoc-gia-re-nhu-mo-chi-tu-132-usd/","0","65","62.76923076923077","/cam-nang-bay","mapping_defined_unverified","vé máy bay đi daegu | t'way air | t'way airlines | tway booking","65"
"https://khangvuongbooking.com/dat-mua-ve-may-bay-nippon-airways-di-seattle/","0","64","38.609375","/ve-may-bay","mapping_defined_unverified","vé máy bay đi seattle","64"
"https://khangvuongbooking.com/ve-may-bay-quoc-te/ve-may-bay-di-my-gia-re/","0","50","33.64","/ve-may-bay","mapping_defined_unverified","vé máy bay washington sài gòn | giá vé máy bay đi mỹ khứ hồi 2019 orlando | ve may di my gia re | vé máy bay đi orlando","63.599999999999994"
"https://khangvuongbooking.com/vietjet-air-khai-thac-lai-duong-bay-da-lat-di-bangkok-gia-uu-dai/","0","63","38.06349206349206","/khuyen-mai","mapping_defined_unverified","vé máy bay đà lạt thái lan | vé vietjet đi thái lan","63"
"https://khangvuongbooking.com/san-uu-dai-0d-ve-may-bay-di-uc-vietjet-air/","0","63","44.698412698412696","/khuyen-mai","mapping_defined_unverified","vé máy bay vietjet đi úc | vé máy bay đi úc vietjet","63"
"https://khangvuongbooking.com/uu-dai-tron-goi-ve-mot-chieu-chi-tu-75-usd-di-philippines/","0","63","77.07936507936508","/khuyen-mai","mapping_defined_unverified","vé máy bay đi el nido | vé máy bay đi el nido - palawan","63"
"https://khangvuongbooking.com/ve-may-bay-ha-noi-di-dai-loan-gia-re/","0","62","42.354838709677416","/ve-may-bay","mapping_defined_unverified","vé máy bay từ hà nội đi đài bắc | giá vé máy bay hà nội đài loan | vé máy bay hà nội đài loan | vé máy bay sang đài loan | vé máy bay đi đài loan giá rẻ","62"
"https://khangvuongbooking.com/sieu-khuyen-mai-vietnam-airlines-giam-75-gia-ve/","0","62","65.90322580645162","/khuyen-mai","mapping_defined_unverified","mã giảm giá vietnam airline 2020","62"
"https://khangvuongbooking.com/dich-vu-hang-khong/page/9/","0","6","29.5","","needs_mapping_review","","61"
"https://khangvuongbooking.com/nhung-tac-pham-nghe-thuat-tu-thuc-cuc-ky-thu-vi-va-dep-mat/","0","59","57.6271186440678","/cam-nang-bay","mapping_defined_unverified","ẩm thực kỳ thú","59"
"https://khangvuongbooking.com/vivu-theo-nhom-vietnam-airlines-khuyen-mai-giam-den-15/","0","55","49.38181818181818","/khuyen-mai","mapping_defined_unverified","booking khuyến mại | vé máy bay vivu | vivu vé máy bay","55"
"https://khangvuongbooking.com/ve-may-bay-quoc-te/ve-may-bay-di-hong-kong-gia-re/","0","55","65.25454545454545","/ve-may-bay","mapping_defined_unverified","vé máy bay đà nẵng hong kong | vé máy bay sài gòn hong kong | vé máy bay hong kong đà nẵng | vé máy bay hà nội hồng kông | giá vé máy bay hà nội hồng kong","55"
"https://khangvuongbooking.com/mua-som-gia-tot-cung-vietnam-airlines/","0","54","36.22222222222222","/hang-bay","mapping_defined_unverified","vé sớm | site:khangvuongbooking.com","54"
"https://khangvuongbooking.com/ket-noi-yeu-thuong-cung-3-000-000-ve-may-bay-0-dong/","0","54","71.61111111111111","/ve-may-bay","mapping_defined_unverified","vé máy bay 0 đồng | vé máy bay 0 đồng vietjet | vé máy bay 0đ | săn vé máy bay giá rẻ 0 đồng vietjet | vé 0 đồng","54"
"https://khangvuongbooking.com/qatar-airways-uu-dai-bay-khap-the-gioi-voi-ve-chi-tu-5-300-000d/","0","53","35.867924528301884","/khuyen-mai","mapping_defined_unverified","ticket price in qatar airways | vé máy bay đi qatar","53"
"https://khangvuongbooking.com/ve-may-bay-china-southern-airlines/","0","52","50.30769230769231","/ve-may-bay","mapping_defined_unverified","china southern airlines đánh giá | site:khangvuongbooking.com | vé máy bay china southern airlines | doi ve china southern | hãng hàng không cz","52"
"https://khangvuongbooking.com/bay-thai-lan-va-quoc-te-de-dang-voi-180-000-ve-vietjet-0d-du-lich-trong-tam-tay/","0","52","51.63461538461539","/cam-nang-bay","mapping_defined_unverified","vé vietjet đi thái lan | vé máy bay vietjet đi thái lan | tổng đài vj | giá vé máy bay đi thái lan vietjet | vé máy bay đi thái lan vietjet","52"
"https://khangvuongbooking.com/khuyen-mai/page/112/","0","52","60.07692307692308","","needs_mapping_review","booking khuyến mại | khuyến mãi booking | site:khangvuongbooking.com","52"
"https://khangvuongbooking.com/wp-content/uploads/2018/02/san-bay-quoc-te-da-nang-2.jpg","0","1","30","","needs_mapping_review","","51"
"https://khangvuongbooking.com/wp-content/uploads/2023/06/Com-cuon-rong-bien-Kimbap-noi-tieng-khap-the-gioi.webp","0","1","30","","needs_mapping_review","","51"
"https://khangvuongbooking.com/top-5-dia-diem-du-lich-canada/","0","50","48.36","/cam-nang-bay","mapping_defined_unverified","địa điểm du lịch canada | những địa điểm nổi tiếng ở canada | phố cổ quebec | site:khangvuongbooking.com","50"
"https://khangvuongbooking.com/chuyen-bay-ha-noi-di-denver-my-thang-9/","0","19","32.15789473684211","","needs_mapping_review","vé máy bay đi denver","47.4210526315789"
"https://khangvuongbooking.com/gia-ve-may-bay-ha-noi-di-boston-bos-my-thang-11/","0","16","33.9375","","needs_mapping_review","vé máy bay đi boston | vé máy bay từ hà nội đi boston","26.625"
"https://khangvuongbooking.com/ve-may-bay-di-my-gia-re/page/6/","0","16","40.5625","","needs_mapping_review","","16"
"https://khangvuongbooking.com/ban-ve-ha-noi-di-san-jose-my-thang-10/","0","14","39.357142857142854","","needs_mapping_review","vé máy bay đi san jose","14"
"https://khangvuongbooking.com/wp-content/uploads/2023/06/Kim-chi-Han-Quoc-ngon-xuyt-xoa.webp","0","2","51.5","","needs_mapping_review","hình các món ăn | ảnh hàn quốc","2"
"https://khangvuongbooking.com/wp-content/uploads/2025/05/Ve-may-bay-Ho-Chi-Minh-di-Vancouver-Canada.webp","0","1","35","","needs_mapping_review","","1"
"https://khangvuongbooking.com/dich-vu-hang-khong/page/7/","0","1","42","","needs_mapping_review","","1"
"https://khangvuongbooking.com/wp-content/uploads/2022/10/Los-Angeles-con-duoc-biet-den-la-kinh-do-anh-sang-cua-Bang-California.webp","0","1","64","","needs_mapping_review","","1"
"https://khangvuongbooking.com/wp-content/uploads/2015/10/germany.jpg","0","1","70","","needs_mapping_review","","1"
"https://khangvuongbooking.com/dich-vu-hang-khong/page/4/","0","1","83","","needs_mapping_review","site:khangvuongbooking.com","1"
"https://khangvuongbooking.com/wp-content/uploads/2025/03/Doi-ve-may-bay-Delta-Airlines.webp","0","1","94","","needs_mapping_review","","1"
