url,clicks,impressions,ctr,position
"https://khangvuongbooking.com/mua-them-hanh-ly-ana-nippon-airways/","829","17517","0.04732545527202146","7.235656790546327"
"https://khangvuongbooking.com/mua-them-hanh-ly-air-asia/","704","30176","0.02332979851537646","6.587155355249204"
"https://khangvuongbooking.com/mua-them-hanh-ly-japan-airlines/","697","11302","0.061670500796319236","8.641390904264732"
"https://khangvuongbooking.com/mua-them-hanh-ly-turkish-airlines/","616","13506","0.045609358803494746","5.462905375388716"
"https://khangvuongbooking.com/kinh-hai-chuyen-ma-am-o-khach-san-grand-hyatt-dai-bac/","530","4167","0.1271898248140149","10.093352531797457"
"https://khangvuongbooking.com/doi-ve-may-bay-air-asia/","476","14255","0.03339179235356016","9.314836899333567"
"https://khangvuongbooking.com/mua-them-hanh-ly-qatar-airways/","469","13667","0.034316236189361235","5.95031828491988"
"https://khangvuongbooking.com/mua-them-hanh-ly-emirates/","407","12154","0.03348691788711535","6.206351818331414"
"https://khangvuongbooking.com/mua-them-hanh-ly-air-china/","328","8965","0.0365867261572783","6.975460122699387"
"https://khangvuongbooking.com/mua-them-hanh-ly-sichuan-airlines/","319","4699","0.06788678442221749","4.739519046605661"
"https://khangvuongbooking.com/mua-them-hanh-ly-china-eastern-airlines/","304","26218","0.011595087344572432","7.793576931878862"
"https://khangvuongbooking.com/mua-them-hanh-ly-hongkong-airlines/","273","5054","0.054016620498614956","6.3246933122279385"
"https://khangvuongbooking.com/mua-them-hanh-ly-delta-airlines/","266","5719","0.046511627906976744","6.586291309669523"
"https://khangvuongbooking.com/mua-them-hanh-ly-cathay-pacific/","249","9256","0.026901469317199653","6.570980985306828"
"https://khangvuongbooking.com/mua-them-hanh-ly-air-canada/","228","6422","0.03550295857988166","6.957645593273123"
"https://khangvuongbooking.com/mua-them-hanh-ly-tway-air/","222","4380","0.050684931506849315","5.883561643835616"
"https://khangvuongbooking.com/mua-them-hanh-ly-singapore-airlines/","221","6680","0.03308383233532934","6.841766467065868"
"https://khangvuongbooking.com/mua-them-hanh-ly-philippines-airlines/","210","4933","0.042570443948915467","5.058787755929455"
"https://khangvuongbooking.com/mua-them-hanh-ly-vietnam-airlines/","200","40641","0.004921138751507099","7.895499618611747"
"https://khangvuongbooking.com/mua-them-hanh-ly-malaysia-airlines/","198","6117","0.032368808239333004","5.795487984306033"
"https://khangvuongbooking.com/huong-dan-mua-them-hanh-ly-cac-hang-hang-khong/","193","22647","0.008522100057402747","12.563606658718594"
"https://khangvuongbooking.com/mua-them-hanh-ly-china-airlines/","192","36282","0.005291880271208864","8.027396505154071"
"https://khangvuongbooking.com/mua-them-hanh-ly-asiana-airlines/","162","8841","0.01832371903630811","6.807714059495532"
"https://khangvuongbooking.com/mua-them-hanh-ly-china-southern-airlines/","161","9946","0.016187412024934646","7.869394731550372"
"https://khangvuongbooking.com/","154","27263","0.005648681363019477","11.403220481971903"
"https://khangvuongbooking.com/mua-them-hanh-ly-xiamen-airlines/","152","3255","0.046697388632872504","5.526574500768049"
"https://khangvuongbooking.com/mua-them-hanh-ly-starlux-airlines/","140","8452","0.01656412683388547","10.238050165641269"
"https://khangvuongbooking.com/mua-them-hanh-ly-korean-air/","133","4304","0.030901486988847583","8.192843866171003"
"https://khangvuongbooking.com/mua-them-hanh-ly-united-airlines/","127","4301","0.029528016740292956","5.653336433387584"
"https://khangvuongbooking.com/doi-ve-may-bay-qatar-airways/","126","4946","0.02547513141932875","9.61200970481197"
"https://khangvuongbooking.com/huong-dan-doi-ngay-bay-cac-hang-hang-khong/","126","27871","0.0045208281008934014","7.4730364895411"
"https://khangvuongbooking.com/mua-them-hanh-ly-eva-air/","118","52514","0.0022470198423277603","10.349068819743307"
"https://khangvuongbooking.com/mua-them-hanh-ly-indigo-airlines/","113","2254","0.05013309671694765","5.340283939662822"
"https://khangvuongbooking.com/mua-them-hanh-ly-air-france/","112","2611","0.04289544235924933","6.059364228265032"
"https://khangvuongbooking.com/doi-ve-may-bay-turkish-airlines/","108","3298","0.03274711946634324","7.695269860521528"
"https://khangvuongbooking.com/mua-them-hanh-ly-scoot-air/","105","7257","0.014468788755684168","7.40870883285104"
"https://khangvuongbooking.com/mua-them-hanh-ly-air-macau/","102","2045","0.04987775061124694","4.809779951100245"
"https://khangvuongbooking.com/mua-them-hanh-ly-american-airlines/","102","2801","0.03641556586933238","8.32738307747233"
"https://khangvuongbooking.com/gioi-thieu-khang-vuong-booking/","99","2277","0.043478260869565216","17.63153271848924"
"https://khangvuongbooking.com/mua-them-hanh-ly-thai-airways/","94","4205","0.02235434007134364","6.879667063020214"
"https://khangvuongbooking.com/doi-ve-may-bay-eva-air/","93","115184","0.0008074038060841784","8.87442700375052"
"https://khangvuongbooking.com/doi-ve-may-bay-ana-nippon-airways/","91","3846","0.023660946437857513","9.858294331773271"
"https://khangvuongbooking.com/mua-them-hanh-ly-etihad/","91","2414","0.037696768848384424","5.2369511184755595"
"https://khangvuongbooking.com/mua-them-hanh-ly-air-india/","86","1507","0.05706702057067021","5.642335766423358"
"https://khangvuongbooking.com/ve-may-bay-ha-noi-di-thanh-dao-son-dong/","84","9495","0.008846761453396525","8.529647182727752"
"https://khangvuongbooking.com/ve-may-bay-ha-noi-di-hang-chau/","81","10254","0.007899356348741955","9.87565827969573"
"https://khangvuongbooking.com/doi-ve-may-bay-emirates/","79","3155","0.02503961965134707","6.896671949286846"
"https://khangvuongbooking.com/ve-may-bay-ho-chi-minh-di-thanh-dao-son-dong/","78","6689","0.011660935864852744","7.909104499925251"
"https://khangvuongbooking.com/doi-ve-may-bay-starlux-airlines/","75","5857","0.01280519037049684","11.152296397473108"
"https://khangvuongbooking.com/mua-them-hanh-ly-cebu-pacific/","71","4165","0.017046818727490996","16.080672268907563"
"https://khangvuongbooking.com/ve-may-bay-ho-chi-minh-di-cap-nhi-tan/","67","5255","0.01274976213130352","7.9977164605137965"
"https://khangvuongbooking.com/doi-ve-may-bay-japan-airlines/","64","9004","0.007107952021323856","8.598622834295869"
"https://khangvuongbooking.com/doi-ve-may-bay-scoot-air/","64","5221","0.012258188086573453","10.263551043861328"
"https://khangvuongbooking.com/doi-ve-may-bay-cathay-pacific/","63","2779","0.022670025188916875","7.810003598416697"
"https://khangvuongbooking.com/mua-them-hanh-ly-vietjet-air/","60","19821","0.003027092477675193","10.547399223046265"
"https://khangvuongbooking.com/doi-ve-may-bay-china-airlines/","48","8717","0.005506481587702191","12.55087759550304"
"https://khangvuongbooking.com/doi-ve-may-bay-singapore-airlines/","48","2778","0.017278617710583154","8.950323974082075"
"https://khangvuongbooking.com/doi-ve-may-bay-air-china/","45","3048","0.014763779527559055","10.521981627296588"
"https://khangvuongbooking.com/ve-may-bay-ha-noi-di-urumqi-tan-cuong/","45","4277","0.010521393500116905","8.689501987374328"
"https://khangvuongbooking.com/doi-ve-may-bay-sichuan-airlines/","43","2035","0.02113022113022113","8.58869778869779"
"https://khangvuongbooking.com/so-dien-thoai-tong-dai-china-eastern-airlines/","42","3653","0.01149739939775527","10.007391185327128"
"https://khangvuongbooking.com/dich-vu-sua-ten-ve-eva-air/","41","1665","0.024624624624624624","17.502702702702702"
"https://khangvuongbooking.com/doi-ve-may-bay-philippines-airlines/","41","1035","0.03961352657004831","12.069565217391304"
"https://khangvuongbooking.com/mua-them-hanh-ly-jetstar/","40","2192","0.01824817518248175","9.376824817518248"
"https://khangvuongbooking.com/mua-them-hanh-ly-lao-airlines/","40","1013","0.039486673247778874","5.788746298124383"
"https://khangvuongbooking.com/ve-may-bay-ho-chi-minh-di-urumqi-tan-cuong/","40","3072","0.013020833333333334","9.631184895833334"
"https://khangvuongbooking.com/sanh-thuc-chau-va-chau-au-qua-nhung-chiec-banh/","39","705","0.05531914893617021","12.412765957446808"
"https://khangvuongbooking.com/dai-ly-phong-ve-starlux-airlines/","38","2659","0.01429108687476495","7.480631816472358"
"https://khangvuongbooking.com/dich-vu-checkin-chon-cho-ngoi-hang-eva-air/","37","2844","0.013009845288326301","8.075246132208157"
"https://khangvuongbooking.com/doi-ve-may-bay-china-southern-airlines/","37","5281","0.007006248816512024","14.162090513160386"
"https://khangvuongbooking.com/so-dien-thoai-tong-dai-starlux-airlines/","37","2959","0.012504224400135181","6.9635011828320375"
"https://khangvuongbooking.com/mua-them-hanh-ly-vietravel-airlines/","35","8760","0.003995433789954338","6.33013698630137"
"https://khangvuongbooking.com/doi-ve-may-bay-indigo-airlines/","34","1087","0.031278748850046","6.358785648574057"
"https://khangvuongbooking.com/booking/","33","7596","0.004344391785150079","3.1276987888362298"
"https://khangvuongbooking.com/doi-ve-may-bay-air-canada/","32","1324","0.02416918429003021","11.450906344410877"
"https://khangvuongbooking.com/doi-ve-may-bay-china-eastern-airlines/","32","10906","0.0029341646799926646","10.411149825783973"
"https://khangvuongbooking.com/ve-may-bay-ha-noi-di-cap-nhi-tan/","31","2657","0.011667293940534437","10.181031238238615"
"https://khangvuongbooking.com/so-dien-thoai-tong-dai-china-airlines/","30","5052","0.0059382422802850355","10.706650831353919"
"https://khangvuongbooking.com/chuyen-bay-sai-gon-tp-hcm-di-houston-my-thang-9/","29","2847","0.010186160871092378","11.153846153846153"
"https://khangvuongbooking.com/doi-ve-may-bay-air-india/","29","872","0.033256880733944956","7.122706422018348"
"https://khangvuongbooking.com/doi-ve-may-bay-korean-air/","29","2879","0.010072941993747829","16.243834664814173"
"https://khangvuongbooking.com/doi-ve-may-bay-malaysia-airlines/","28","2553","0.010967489228358794","9.928319623971797"
"https://khangvuongbooking.com/mua-them-hanh-ly-qantas-airways/","28","909","0.030803080308030802","6.589658965896589"
"https://khangvuongbooking.com/doi-ve-may-bay-air-france/","27","957","0.02821316614420063","10.138975966562173"
"https://khangvuongbooking.com/ve-may-bay-tu-ho-chi-minh-di-trung-khanh/","26","5552","0.004682997118155619","13.472442363112393"
"https://khangvuongbooking.com/mua-them-hanh-ly-aeroflot/","25","3418","0.007314218841427736","12.168519602106494"
"https://khangvuongbooking.com/dich-vu-checkin-chon-cho-ngoi-hang-china-airlines/","24","1542","0.01556420233463035","7.528534370946822"
"https://khangvuongbooking.com/dich-vu-nang-hang-ve-eva-air/","24","929","0.02583423035522067","8.48762109795479"
"https://khangvuongbooking.com/doi-ve-may-bay-delta-airlines/","24","1701","0.014109347442680775","10.648442092886537"
"https://khangvuongbooking.com/doi-ve-may-bay-vietravel-airlines/","24","6939","0.0034587116299178555","8.556276120478454"
"https://khangvuongbooking.com/dat-mua-ve-may-bay-da-nang-di-my/","23","4741","0.004851297194684666","15.271883568867327"
"https://khangvuongbooking.com/mua-them-hanh-ly-british-airways/","23","712","0.032303370786516857","9.10814606741573"
"https://khangvuongbooking.com/dich-vu-nang-hang-ve-hang-china-southern-airlines/","22","506","0.043478260869565216","8.604743083003953"
"https://khangvuongbooking.com/dai-ly-phong-ve-china-eastern-airlines/","21","7927","0.0026491737101047054","14.428283083133595"
"https://khangvuongbooking.com/dich-vu-nang-hang-ve-hang-starlux-airlines/","21","689","0.030478955007256895","7.795355587808418"
"https://khangvuongbooking.com/ve-may-bay-di-nga-gia-re-moi-nhat-2025/","21","6199","0.003387643168252944","20.090175834812065"
"https://khangvuongbooking.com/ve-may-bay-du-hoc-sinh-quang-tay/","21","1544","0.013601036269430052","14.243523316062177"
"https://khangvuongbooking.com/ve-may-bay-ha-noi-di-tam-a-hai-nam/","21","1881","0.011164274322169059","8.56087187666135"
"https://khangvuongbooking.com/ve-may-bay-tu-ha-noi-di-irkutsk/","21","961","0.021852237252861603","10.398543184183142"
"https://khangvuongbooking.com/chuyen-bay-ha-noi-di-miami-florida-my-thang-9/","20","1171","0.017079419299743808","9.786507258753202"
"https://khangvuongbooking.com/chuyen-bay-ha-noi-di-washington-my-thang-9/","20","1907","0.01048767697954903","5.314630309386471"
"https://khangvuongbooking.com/chuyen-bay-sai-gon-tp-hcm-di-atlanta-my-thang-9/","20","1053","0.01899335232668566","8.21937321937322"
"https://khangvuongbooking.com/doi-ve-may-bay-etihad-airways/","20","741","0.02699055330634278","7.812415654520918"
"https://khangvuongbooking.com/doi-ve-may-bay-thai-airways/","20","1685","0.011869436201780416","8.312166172106824"
"https://khangvuongbooking.com/doi-ve-may-bay-united-airlines/","20","1138","0.01757469244288225","13.031634446397188"
"https://khangvuongbooking.com/ve-may-bay-ha-noi-di-tay-an/","20","3271","0.006114338122898196","12.644756955059615"
"https://khangvuongbooking.com/doi-ve-may-bay-air-macau/","19","1085","0.017511520737327188","22.28663594470046"
"https://khangvuongbooking.com/doi-ve-may-bay-cebu-pacific/","18","3730","0.00482573726541555","16.315817694369976"
"https://khangvuongbooking.com/mua-them-hanh-ly-royal-brunei-airlines/","18","364","0.04945054945054945","10.846153846153847"
"https://khangvuongbooking.com/chuyen-bay-sai-gon-tp-hcm-di-chicago-my-thang-9/","17","1636","0.01039119804400978","11.18154034229829"
"https://khangvuongbooking.com/dich-vu-nang-hang-ve-hang-qatar-airways/","17","480","0.035416666666666666","7.279166666666667"
"https://khangvuongbooking.com/mua-them-hanh-ly-klm/","17","647","0.02627511591962906","7.409582689335394"
"https://khangvuongbooking.com/ve-may-bay-tu-ha-noi-di-vu-han/","17","3724","0.004564983888292159","14.911654135338345"
"https://khangvuongbooking.com/mua-them-hanh-ly-malindo-air/","16","340","0.047058823529411764","7.220588235294118"
"https://khangvuongbooking.com/dich-vu-nang-hang-ve-hang-china-eastern-airlines/","15","1496","0.010026737967914439","14.08355614973262"
"https://khangvuongbooking.com/dich-vu-nang-hang-ve-hang-emirates/","15","885","0.01694915254237288","8.774011299435028"
"https://khangvuongbooking.com/ve-may-bay-ha-noi-di-hai-khau/","15","1226","0.012234910277324634","10.12805872756933"
"https://khangvuongbooking.com/ve-may-bay-tu-ha-noi-di-thuong-hai/","15","11490","0.0013054830287206266","16.480591818973018"
"https://khangvuongbooking.com/chuyen-bay-sai-gon-tp-hcm-di-miami-florida-my-thang-9/","14","1259","0.011119936457505957","12.510722795869738"
"https://khangvuongbooking.com/dich-vu-dat-ve-may-bay-cho-cho-meo-di-my/","14","963","0.014537902388369679","9.14122533748702"
"https://khangvuongbooking.com/doi-ve-may-bay-hongkong-airlines/","14","1007","0.013902681231380337","6.621648460774578"
"https://khangvuongbooking.com/doi-ve-may-bay-lao-airlines/","14","425","0.03294117647058824","6.2964705882352945"
"https://khangvuongbooking.com/doi-ve-may-bay-xiamen-airlines/","14","791","0.017699115044247787","8.888748419721871"
"https://khangvuongbooking.com/mua-them-hanh-ly-bamboo-airways/","14","4442","0.0031517334533993696","9.466006303466907"
"https://khangvuongbooking.com/ve-may-bay-tu-ho-chi-minh-di-vu-han/","14","2528","0.005537974683544304","16.064873417721518"
"https://khangvuongbooking.com/doi-ve-may-bay-vietjet-air/","13","6895","0.0018854242204496012","14.547353154459753"
"https://khangvuongbooking.com/tong-dai-so-dien-thoai-korean-air/","13","1892","0.006871035940803382","10.929175475687103"
"https://khangvuongbooking.com/ve-may-bay-ho-chi-minh-di-con-minh/","13","1290","0.010077519379844961","12.212403100775195"
"https://khangvuongbooking.com/ve-may-bay-ho-chi-minh-di-dai-lien/","13","1262","0.010301109350237718","10.398573692551505"
"https://khangvuongbooking.com/chuyen-bay-sai-gon-tp-hcm-di-dallas-texas-my-thang-9/","12","695","0.017266187050359712","9.189928057553956"
"https://khangvuongbooking.com/dat-ve-may-bay-sai-gon-tp-hcm-di-dallas-texas-my-thang-8/","12","1606","0.007471980074719801","15.542341220423411"
"https://khangvuongbooking.com/doi-ve-may-bay-tway-air/","12","874","0.013729977116704805","9.479405034324943"
"https://khangvuongbooking.com/doi-ve-may-bay-vietnam-airlines/","12","3303","0.0036330608537693005","21.559491371480473"
"https://khangvuongbooking.com/mua-them-hanh-ly-thai-lion-air/","12","517","0.02321083172147002","4.7678916827853"
"https://khangvuongbooking.com/thong-tin-nang-hang-the-va-gia-han-the-hoi-vien-eva-air/","12","1795","0.006685236768802228","8.526462395543176"
"https://khangvuongbooking.com/dai-ly-phong-ve-china-airlines/","11","2114","0.005203405865657522","15.709082308420056"
"https://khangvuongbooking.com/dat-ve-may-bay-sai-gon-tp-hcm-di-phoenix-arizona-my-thang-8/","11","841","0.013079667063020214","14.810939357907253"
"https://khangvuongbooking.com/doi-ve-may-bay-aeroflot/","11","871","0.012629161882893225","18.105625717566017"
"https://khangvuongbooking.com/meo-nho-de-nhanh-chong-qua-cua-ninh-san-bay/","11","1454","0.007565337001375516","8.517193947730398"
"https://khangvuongbooking.com/so-dien-thoai-tong-dai-eva-air/","11","8177","0.0013452366393542864","12.58004158004158"
"https://khangvuongbooking.com/ve-may-bay-tu-ha-noi-di-bac-kinh/","11","9198","0.0011959121548162643","15.486736247010219"
"https://khangvuongbooking.com/chuyen-bay-sai-gon-tp-hcm-di-honolulu-my-thang-9/","10","992","0.010080645161290322","8.513104838709676"
"https://khangvuongbooking.com/dat-mua-ve-may-bay-sai-gon-di-my-thuong-gia/","10","1577","0.0063411540900443885","13.738744451490172"
"https://khangvuongbooking.com/ve-bay-vietjet-0-dong-khung-gio-vang-12h-14h-moi-ngay/","10","2682","0.0037285607755406414","8.902684563758388"
"https://khangvuongbooking.com/ve-may-bay-thanh-pho-ho-chi-minh-di-hang-chau/","10","1742","0.0057405281285878304","18.0390355912744"
"https://khangvuongbooking.com/bamboo-airways-uu-dai-phong-cho-first-lounge-o-san-bay-noi-bai/","9","1281","0.00702576112412178","11.430132708821233"
"https://khangvuongbooking.com/chuyen-bay-sai-gon-tp-hcm-di-boston-my-thang-9/","9","1751","0.005139920045688178","25.222158766419188"
"https://khangvuongbooking.com/chuyen-bay-sai-gon-tp-hcm-di-ohio-my-thang-9/","9","605","0.01487603305785124","8.515702479338843"
"https://khangvuongbooking.com/chuyen-bay-sai-gon-tp-hcm-di-seattle-my-thang-9/","9","881","0.01021566401816118","9.059023836549375"
"https://khangvuongbooking.com/dich-vu-nang-hang-ve-hang-eva-air/","9","453","0.019867549668874173","8.812362030905078"
"https://khangvuongbooking.com/doi-ve-may-bay-asiana-airlines/","9","729","0.012345679012345678","6.42798353909465"
"https://khangvuongbooking.com/gioi-thieu/","9","6890","0.0013062409288824384","4.128592162554426"
"https://khangvuongbooking.com/mua-them-hanh-ly-nok-air/","9","386","0.023316062176165803","8.22279792746114"
"https://khangvuongbooking.com/ve-may-bay-di-oregon/","9","1541","0.005840363400389357","25.81245944192083"
"https://khangvuongbooking.com/ve-may-bay-di-phap-gia-re-moi-nhat-2025/","9","5452","0.0016507703595011005","30.969369038884814"
"https://khangvuongbooking.com/ve-may-bay-tu-irkutsk-nga-ve-ha-noi/","9","339","0.02654867256637168","14.259587020648967"
"https://khangvuongbooking.com/chuyen-bay-sai-gon-tp-hcm-di-phoenix-arizona-my-thang-9/","8","610","0.013114754098360656","10.637704918032787"
"https://khangvuongbooking.com/chuyen-bay-sai-gon-tp-hcm-di-washington-my-thang-9/","8","1195","0.0066945606694560665","8.578242677824267"
"https://khangvuongbooking.com/dat-mua-ve-may-bay-ha-noi-di-my-thang-9/","8","201","0.03980099502487562","14.149253731343284"
"https://khangvuongbooking.com/dat-ve-may-bay-sai-gon-tp-hcm-di-seattle-my-thang-7/","8","1567","0.005105296745373325","12.139757498404595"
"https://khangvuongbooking.com/kinh-nghiem-thu-tuc-xin-visa-trung-quoc/","8","4091","0.001955512099731117","38.412124175018334"
"https://khangvuongbooking.com/ve-may-bay-ha-noi-di-dai-lien/","8","853","0.009378663540445486","9.647127784290738"
"https://khangvuongbooking.com/dat-mua-ve-may-bay-ana-all-nippon-airways-di-houston-texas/","7","647","0.010819165378670788","33.13755795981453"
"https://khangvuongbooking.com/dat-mua-ve-may-bay-ha-noi-di-my-khu-hoi/","7","1512","0.004629629629629629","20.05026455026455"
"https://khangvuongbooking.com/dat-ve-may-bay-ha-noi-di-los-angeles-my-thang-8/","7","652","0.010736196319018405","24.54601226993865"
"https://khangvuongbooking.com/dat-ve-may-bay-ha-noi-di-new-york-my-thang-8/","7","217","0.03225806451612903","23.88479262672811"
"https://khangvuongbooking.com/mua-them-hanh-ly-iraero-airlines/","7","138","0.050724637681159424","6.811594202898551"
"https://khangvuongbooking.com/starlux-airlines-tang-them-1-kien-hanh-ly-ky-gui-di-my/","7","262","0.026717557251908396","16.198473282442748"
"https://khangvuongbooking.com/ve-may-bay-ha-noi-di-jeju-han-quoc-gia-re/","7","1152","0.006076388888888889","14.202256944444445"
"https://khangvuongbooking.com/4-thanh-pho-du-lich-nhat-ban/","6","455","0.013186813186813187","30.27252747252747"
"https://khangvuongbooking.com/aeroflot-mo-duong-bay-thang-irkutsk-nga-cam-ranh-khanh-hoa/","6","356","0.016853932584269662","8.665730337078653"
"https://khangvuongbooking.com/ban-ve-sai-gon-tp-hcm-di-phoenix-arizona-my-thang-10/","6","750","0.008","13"
"https://khangvuongbooking.com/chuyen-bay-ha-noi-di-dallas-texas-my-thang-9/","6","536","0.011194029850746268","13.222014925373134"
"https://khangvuongbooking.com/chuyen-bay-ha-noi-di-new-york-my-thang-9/","6","2012","0.002982107355864811","4.556660039761431"
"https://khangvuongbooking.com/chuyen-bay-sai-gon-tp-hcm-di-new-york-my-thang-9/","6","1234","0.004862236628849271","7.294975688816856"
"https://khangvuongbooking.com/dat-mua-ve-may-bay-starlux-airlines-di-my/","6","1091","0.005499541704857928","12.493125572868928"
"https://khangvuongbooking.com/dat-mua-ve-miami-my-ve-ho-chi-minh-ha-noi-gia-re/","6","313","0.019169329073482427","16.46964856230032"
"https://khangvuongbooking.com/dat-ve-may-bay-sai-gon-tp-hcm-di-san-jose-my-thang-8/","6","765","0.00784313725490196","16.511111111111113"
"https://khangvuongbooking.com/dich-vu-dat-ve-may-bay-cho-thu-cung-cho-meo-hang-china-airlines/","6","710","0.008450704225352112","16.880281690140848"
"https://khangvuongbooking.com/dich-vu-van-chuyen-thu-cung-cho-meo-bang-may-bay-di-los-angeles-my/","6","396","0.015151515151515152","28.8989898989899"
"https://khangvuongbooking.com/doi-ve-may-bay-american-airlines/","6","664","0.009036144578313253","10.62198795180723"
"https://khangvuongbooking.com/huong-dan-xin-visa-thuong-mai-cong-tac-trung-quoc/","6","984","0.006097560975609756","29.283536585365855"
"https://khangvuongbooking.com/ngay-doi-1-1-vietjet-se-khien-ban-bat-ngo/","6","311","0.01929260450160772","7.585209003215434"
"https://khangvuongbooking.com/vietjet-air-uu-dai-ve-may-bay-0-dong-den-nhat-ban-he-nay/","6","553","0.0108499095840868","21.455696202531644"
"https://khangvuongbooking.com/ban-ve-sai-gon-tp-hcm-di-ohio-my-thang-10/","5","405","0.012345679012345678","10.469135802469136"
"https://khangvuongbooking.com/cach-xu-ly-hanh-ly-den-cham-hu-hong-lac-cua-vietnam-airlines/","5","442","0.011312217194570135","12.040723981900452"
"https://khangvuongbooking.com/dai-ly-phong-ve-korean-air-tai-viet-nam/","5","486","0.0102880658436214","29.43621399176955"
"https://khangvuongbooking.com/dat-mua-ve-may-bay-ha-noi-di-my-thang-10/","5","350","0.014285714285714285","17.194285714285716"
"https://khangvuongbooking.com/dat-mua-ve-may-bay-ha-noi-di-my-thuong-gia/","5","1618","0.0030902348578491965","14.407911001236094"
"https://khangvuongbooking.com/dat-mua-ve-may-bay-vietnam-airlines-di-san-francisco/","5","3975","0.0012578616352201257","34.809056603773584"
"https://khangvuongbooking.com/dat-ve-may-bay-ha-noi-di-miami-florida-my-thang-7/","5","480","0.010416666666666666","27.120833333333334"
"https://khangvuongbooking.com/dich-vu-dat-ve-may-bay-cho-thu-cung-cho-meo-di-houston-my/","5","180","0.027777777777777776","8.222222222222221"
"https://khangvuongbooking.com/dich-vu-dat-ve-may-bay-cho-thu-cung-cho-meo-di-new-york-my/","5","447","0.011185682326621925","11.774049217002236"
"https://khangvuongbooking.com/ly-giai-nguyen-nhan-khien-ban-bi-om-khi-di-may-bay/","5","83","0.060240963855421686","7.686746987951807"
"https://khangvuongbooking.com/tham-quan-nhung-ngoi-chua-noi-tieng-bac-nhat-nuoc-nga/","5","287","0.017421602787456445","11.365853658536585"
"https://khangvuongbooking.com/ve-may-bay-di-montana/","5","399","0.012531328320802004","10.395989974937343"
"https://khangvuongbooking.com/ve-may-bay-di-my/","5","2416","0.0020695364238410598","44.339817880794705"
"https://khangvuongbooking.com/dat-mua-ve-may-bay-sai-gon-di-my-pho-thong/","4","285","0.014035087719298246","20.028070175438597"
"https://khangvuongbooking.com/dat-ve-may-bay-ha-noi-di-new-york-my-thang-7/","4","299","0.013377926421404682","26.140468227424748"
"https://khangvuongbooking.com/dat-ve-may-bay-ha-noi-di-san-francisco-my-thang-8/","4","450","0.008888888888888889","23.022222222222222"
"https://khangvuongbooking.com/dat-ve-may-bay-sai-gon-tp-hcm-di-honolulu-my-thang-8/","4","533","0.0075046904315197","20.03377110694184"
"https://khangvuongbooking.com/dich-vu-dat-ve-may-bay-cho-thu-cung-cho-meo-di-atlanta-my/","4","58","0.06896551724137931","8.431034482758621"
"https://khangvuongbooking.com/dich-vu-dat-ve-may-bay-cho-thu-cung-cho-meo-di-seattle-my/","4","73","0.0547945205479452","5.534246575342466"
"https://khangvuongbooking.com/dich-vu-nang-hang-ve-china-airlines-tai-ho-chi-minh-ha-noi/","4","481","0.008316008316008316","7.4407484407484406"
"https://khangvuongbooking.com/doi-ve-may-bay-china-airlines-di-san-francisco/","4","172","0.023255813953488372","14.796511627906977"
"https://khangvuongbooking.com/doi-ve-may-bay-klm/","4","4437","0.000901510029299076","9.40027045300879"
"https://khangvuongbooking.com/gia-ve-may-bay-ha-noi-di-seattle-sea-my-thang-11-12/","4","384","0.010416666666666666","21.385416666666668"
"https://khangvuongbooking.com/gia-ve-may-bay-sai-gon-tp-hcm-di-san-francisco-sfo-my-thang-11-12/","4","1537","0.002602472348731295","21.765777488614184"
"https://khangvuongbooking.com/mua-them-hanh-ly-s7-airlines/","4","101","0.039603960396039604","6.594059405940594"
"https://khangvuongbooking.com/thang-11-den-thuong-thuc-nhung-mon-truyen-thong-trong-ngay-le-ta/","4","200","0.02","13.46"
"https://khangvuongbooking.com/ve-may-bay-di-los-angeles-gia-re-moi-nhat/","4","1088","0.003676470588235294","51.02389705882353"
"https://khangvuongbooking.com/ve-may-bay-ho-chi-minh-di-brisbane-uc/","4","796","0.005025125628140704","28.9535175879397"
"https://khangvuongbooking.com/ve-may-bay-ho-chi-minh-di-tam-a-hai-nam/","4","403","0.009925558312655087","9.449131513647643"
"https://khangvuongbooking.com/ve-may-bay-tu-ha-noi-di-tham-quyen/","4","2709","0.0014765596160944998","22.691768180140272"
"https://khangvuongbooking.com/ban-ve-ha-noi-di-washington-my-thang-10/","3","677","0.004431314623338257","10.64549483013294"
"https://khangvuongbooking.com/ban-ve-sai-gon-tp-hcm-di-denver-my-thang-10/","3","341","0.008797653958944282","15.219941348973608"
"https://khangvuongbooking.com/ban-ve-sai-gon-tp-hcm-di-honolulu-my-thang-10/","3","486","0.006172839506172839","20.0761316872428"
"https://khangvuongbooking.com/ban-ve-sai-gon-tp-hcm-di-miami-florida-my-thang-10/","3","423","0.0070921985815602835","16.55082742316785"
"https://khangvuongbooking.com/ban-ve-sai-gon-tp-hcm-di-san-francisco-my-thang-10/","3","947","0.0031678986272439284","9.815205913410772"
"https://khangvuongbooking.com/ban-ve-sai-gon-tp-hcm-di-washington-my-thang-10/","3","274","0.010948905109489052","24.51094890510949"
"https://khangvuongbooking.com/chuyen-bay-ha-noi-di-chicago-my-thang-9/","3","459","0.006535947712418301","20.41830065359477"
"https://khangvuongbooking.com/dat-mua-ve-boston-my-ve-ho-chi-minh-ha-noi-gia-re/","3","177","0.01694915254237288","18.384180790960453"
"https://khangvuongbooking.com/dat-mua-ve-may-bay-ha-noi-di-my/","3","816","0.003676470588235294","14.058823529411764"
"https://khangvuongbooking.com/dat-mua-ve-may-bay-sai-gon-tp-hcm-di-miami-florida-my/","3","1148","0.002613240418118467","21.720383275261323"
"https://khangvuongbooking.com/dat-mua-ve-may-bay-sai-gon-tp-hcm-di-orlando-florida-my/","3","403","0.007444168734491315","17.801488833746898"
"https://khangvuongbooking.com/dat-mua-ve-may-bay-starlux-airlines-di-dallas-texas/","3","100","0.03","13.19"
"https://khangvuongbooking.com/dat-ve-may-bay-ha-noi-di-seattle-my-thang-7/","3","568","0.00528169014084507","33.098591549295776"
"https://khangvuongbooking.com/dat-ve-may-bay-sai-gon-tp-hcm-di-dallas-texas-my-thang-7/","3","557","0.005385996409335727","24.18132854578097"
"https://khangvuongbooking.com/dat-ve-may-bay-sai-gon-tp-hcm-di-honolulu-my-thang-7/","3","270","0.011111111111111112","16.470370370370368"
"https://khangvuongbooking.com/dat-ve-may-bay-sai-gon-tp-hcm-di-houston-my-thang-7/","3","464","0.00646551724137931","20.85560344827586"
"https://khangvuongbooking.com/dat-ve-may-bay-sai-gon-tp-hcm-di-los-angeles-my-thang-8/","3","713","0.004207573632538569","21.612903225806452"
"https://khangvuongbooking.com/dat-ve-may-bay-sai-gon-tp-hcm-di-washington-my-thang-8/","3","913","0.0032858707557502738","28.07995618838992"
"https://khangvuongbooking.com/gia-ve-may-bay-sai-gon-tp-hcm-di-houston-iah-my-thang-11-12/","3","602","0.0049833887043189366","26.727574750830566"
"https://khangvuongbooking.com/lay-dau-van-tay-du-khach-khi-xuat-nhap-canh-singapore/","3","131","0.022900763358778626","9.213740458015268"
"https://khangvuongbooking.com/nhung-dieu-ban-chua-biet-ve-thanh-pho-los-angeles/","3","615","0.004878048780487805","26.652032520325204"
"https://khangvuongbooking.com/thien-nhien-nuoc-my-5-dia-diem-ngam-canh-dep/","3","303","0.009900990099009901","37.9009900990099"
"https://khangvuongbooking.com/ve-may-bay-da-nang-di-gwangju-han-quoc-gia-re/","3","137","0.021897810218978103","22.138686131386862"
"https://khangvuongbooking.com/ve-may-bay-di-thai-lan/","3","4394","0.0006827492034592626","41.77787892580792"
"https://khangvuongbooking.com/ve-may-bay-ha-noi-di-perth-uc/","3","711","0.004219409282700422","23.18424753867792"
"https://khangvuongbooking.com/ve-may-bay-ho-chi-minh-di-phuc-chau/","3","987","0.00303951367781155","16.860182370820667"
"https://khangvuongbooking.com/ve-may-bay-ho-chi-minh-di-vancouver-canada/","3","1427","0.002102312543798178","35.07147862648914"
"https://khangvuongbooking.com/ve-may-bay-tu-ho-chi-minh-di-tay-an/","3","270","0.011111111111111112","18.83703703703704"
"https://khangvuongbooking.com/xin-visa-du-hoc-trung-quoc-can-nhung-gi/","3","430","0.0069767441860465115","11.509302325581395"
"https://khangvuongbooking.com/bamboo-airways-uu-dai-20-phi-mua-them-hanh-ly/","2","98","0.02040816326530612","34.285714285714285"
"https://khangvuongbooking.com/ban-ve-ha-noi-di-dallas-texas-my-thang-10/","2","383","0.005221932114882507","20.295039164490863"
"https://khangvuongbooking.com/ban-ve-ha-noi-di-new-york-my-thang-10/","2","225","0.008888888888888889","27.013333333333332"
"https://khangvuongbooking.com/ban-ve-ha-noi-di-ohio-my-thang-10/","2","279","0.007168458781362007","13.526881720430108"
"https://khangvuongbooking.com/ban-ve-ha-noi-di-seattle-my-thang-10/","2","223","0.008968609865470852","14.251121076233185"
"https://khangvuongbooking.com/ban-ve-sai-gon-tp-hcm-di-atlanta-my-thang-10/","2","261","0.007662835249042145","16.191570881226056"
"https://khangvuongbooking.com/bang-gia-ve-ha-noi-di-my-thang-10-11-12/","2","259","0.007722007722007722","8.525096525096526"
"https://khangvuongbooking.com/chiem-nguong-cong-trinh-kien-truc-lau-doi-nhat-o-berlin-duc/","2","236","0.00847457627118644","9.754237288135593"
"https://khangvuongbooking.com/chuyen-bay-ha-noi-di-ohio-my-thang-9/","2","67","0.029850746268656716","13.26865671641791"
"https://khangvuongbooking.com/chuyen-bay-ha-noi-di-san-francisco-my-thang-9/","2","275","0.007272727272727273","7.341818181818182"
"https://khangvuongbooking.com/chuyen-bay-sai-gon-tp-hcm-di-los-angeles-my-thang-9/","2","732","0.00273224043715847","14.919398907103826"
"https://khangvuongbooking.com/chuyen-bay-sai-gon-tp-hcm-di-orlando-florida-my-thang-9/","2","243","0.00823045267489712","12.823045267489713"
"https://khangvuongbooking.com/dat-mua-ve-may-bay-air-china-di-new-york/","2","118","0.01694915254237288","34.42372881355932"
"https://khangvuongbooking.com/dat-mua-ve-may-bay-da-nang-di-san-francisco-my/","2","506","0.003952569169960474","22.622529644268774"
"https://khangvuongbooking.com/dat-mua-ve-may-bay-eva-air-di-dallas-texas/","2","172","0.011627906976744186","42.43023255813954"
"https://khangvuongbooking.com/dat-mua-ve-may-bay-ha-noi-di-houston-my/","2","691","0.002894356005788712","41.75397973950796"
"https://khangvuongbooking.com/dat-mua-ve-may-bay-ha-noi-di-my-thang-11/","2","193","0.010362694300518135","27.05699481865285"
"https://khangvuongbooking.com/dat-mua-ve-may-bay-ha-noi-di-my-thang-8/","2","436","0.0045871559633027525","14.844036697247706"
"https://khangvuongbooking.com/dat-mua-ve-may-bay-ha-noi-di-san-francisco-my/","2","431","0.004640371229698376","39.13457076566125"
"https://khangvuongbooking.com/dat-mua-ve-may-bay-ha-noi-di-seattle-my/","2","1360","0.0014705882352941176","55.86911764705882"
"https://khangvuongbooking.com/dat-mua-ve-may-bay-japan-airlines-di-los-angeles/","2","201","0.009950248756218905","33.07960199004975"
"https://khangvuongbooking.com/dat-mua-ve-may-bay-japan-airlines-di-my/","2","407","0.004914004914004914","19.127764127764127"
"https://khangvuongbooking.com/dat-mua-ve-may-bay-nippon-airways-di-my/","2","196","0.01020408163265306","18.091836734693878"
"https://khangvuongbooking.com/dat-mua-ve-may-bay-sai-gon-di-honolulu-my/","2","622","0.003215434083601286","33.643086816720256"
"https://khangvuongbooking.com/dat-mua-ve-may-bay-sai-gon-di-my-thang-8/","2","334","0.005988023952095809","26.353293413173652"
"https://khangvuongbooking.com/dat-mua-ve-may-bay-sai-gon-di-my-thang-9/","2","188","0.010638297872340425","22.43617021276596"
"https://khangvuongbooking.com/dat-mua-ve-may-bay-sai-gon-di-san-francisco-my/","2","780","0.002564102564102564","41.008974358974356"
"https://khangvuongbooking.com/dat-mua-ve-may-bay-starlux-airlines-di-chicago/","2","164","0.012195121951219513","37.920731707317074"
"https://khangvuongbooking.com/dat-ve-may-bay-ha-noi-di-washington-my-thang-8/","2","143","0.013986013986013986","24.013986013986013"
"https://khangvuongbooking.com/dat-ve-may-bay-sai-gon-tp-hcm-di-boston-my-thang-7/","2","426","0.004694835680751174","27.91549295774648"
"https://khangvuongbooking.com/dat-ve-may-bay-sai-gon-tp-hcm-di-los-angeles-my-thang-7/","2","950","0.002105263157894737","27.68315789473684"
"https://khangvuongbooking.com/dat-ve-may-bay-sai-gon-tp-hcm-di-ohio-my-thang-8/","2","256","0.0078125","12.06640625"
"https://khangvuongbooking.com/dat-ve-may-bay-sai-gon-tp-hcm-di-san-jose-my-thang-7/","2","589","0.003395585738539898","28.225806451612904"
"https://khangvuongbooking.com/dich-vu-dat-ve-may-bay-cho-thu-cung-cho-meo-di-chicago-my/","2","54","0.037037037037037035","17.12962962962963"
"https://khangvuongbooking.com/dich-vu-nang-hang-ve-hang-american-airlines/","2","604","0.0033112582781456954","9.544701986754967"
"https://khangvuongbooking.com/dich-vu-nang-hang-ve-hang-china-airlines/","2","115","0.017391304347826087","7.773913043478261"
"https://khangvuongbooking.com/dich-vu-nang-hang-ve-hang-etihad-airways/","2","248","0.008064516129032258","9.27016129032258"
"https://khangvuongbooking.com/doi-ngay-ve-may-bay-china-airlines-di-santa-ana-my/","2","228","0.008771929824561403","36.925438596491226"
"https://khangvuongbooking.com/doi-ve-may-bay-british-airways/","2","270","0.007407407407407408","7.148148148148148"
"https://khangvuongbooking.com/doi-ve-may-bay-malindo-air/","2","159","0.012578616352201259","11.622641509433961"
"https://khangvuongbooking.com/gia-ve-may-bay-ha-noi-di-los-angeles-lax-my-thang-11/","2","405","0.0049382716049382715","18.34567901234568"
"https://khangvuongbooking.com/gia-ve-may-bay-sai-gon-tp-hcm-di-atlanta-atl-my-thang-11-12/","2","307","0.006514657980456026","20.299674267100976"
"https://khangvuongbooking.com/gia-ve-may-bay-sai-gon-tp-hcm-di-boston-bos-my-thang-11-12/","2","330","0.006060606060606061","28.303030303030305"
"https://khangvuongbooking.com/gia-ve-may-bay-sai-gon-tp-hcm-di-los-angeles-lax-my-thang-11-12/","2","825","0.0024242424242424242","28.28727272727273"
"https://khangvuongbooking.com/nhung-thu-duoc-tang-khi-di-may-bay-ban-can-biet/","2","92","0.021739130434782608","7.445652173913044"
"https://khangvuongbooking.com/quy-dinh-dich-vu-dac-biet-hang-hang-khong-vietjet-air/","2","203","0.009852216748768473","9.67487684729064"
"https://khangvuongbooking.com/san-bay-quoc-te-noi-bai-han/","2","900","0.0022222222222222222","29.79222222222222"
"https://khangvuongbooking.com/tag/dai-ly-cebu-pacific/","2","1586","0.0012610340479192938","13.47982345523329"
"https://khangvuongbooking.com/tag/qatar-airways-km-ve-chi-tu-19-900-000-d/","2","52","0.038461538461538464","8"
"https://khangvuongbooking.com/thu-tuc-giay-to-danh-cho-ba-bau-di-may-bay-vietjet-air/","2","456","0.0043859649122807015","35.4078947368421"
"https://khangvuongbooking.com/tuyen-dung-nhan-vien-ban-ve-may-bay-lien-tuc/","2","58","0.034482758620689655","44.46551724137931"
"https://khangvuongbooking.com/ve-may-bay-aeroflot/","2","9188","0.00021767522855898998","11.046255986068786"
"https://khangvuongbooking.com/ve-may-bay-air-china/","2","125","0.016","16.375999999999998"
"https://khangvuongbooking.com/ve-may-bay-da-nang-di-hang-chau/","2","324","0.006172839506172839","11.876543209876543"
"https://khangvuongbooking.com/ve-may-bay-da-nang-di-quang-chau/","2","336","0.005952380952380952","14.211309523809524"
"https://khangvuongbooking.com/ve-may-bay-di-my-gia-re-moi-nhat-2025/","2","6824","0.00029308323563892143","45.99252637749121"
"https://khangvuongbooking.com/ve-may-bay-di-wyoming/","2","357","0.0056022408963585435","15.65266106442577"
"https://khangvuongbooking.com/ve-may-bay-du-hoc-sinh-trung-khanh/","2","244","0.00819672131147541","28.2827868852459"
"https://khangvuongbooking.com/ve-may-bay-ha-noi-di-adelaide-uc/","2","218","0.009174311926605505","32.77981651376147"
"https://khangvuongbooking.com/ve-may-bay-ha-noi-di-ottawa-canada/","2","598","0.0033444816053511705","31.745819397993312"
"https://khangvuongbooking.com/ve-may-bay-ha-noi-di-uc-australia/","2","641","0.0031201248049922","54.41965678627145"
"https://khangvuongbooking.com/ve-may-bay-ha-noi-di-vancouver-canada/","2","1689","0.0011841326228537595","39.32208407341622"
"https://khangvuongbooking.com/ve-may-bay-ho-chi-minh-di-hai-khau/","2","245","0.00816326530612245","12.457142857142857"
"https://khangvuongbooking.com/ve-may-bay-noi-dia/","2","4352","0.00045955882352941176","34.7883731617647"
"https://khangvuongbooking.com/ve-may-bay-tu-ha-noi-di-thanh-do/","2","1993","0.0010035122930255895","29.534370296036126"
"https://khangvuongbooking.com/ve-may-bay-tu-ho-chi-minh-di-bac-kinh/","2","905","0.0022099447513812156","30.8"
"https://khangvuongbooking.com/vietnam-airlines-mo-bay-thang-tu-ha-noi-di-melbourne/","2","28","0.07142857142857142","36.892857142857146"
"https://khangvuongbooking.com/vietnam-airlines-uu-dai-bay-thang-di-chlb-duc/","2","132","0.015151515151515152","12.696969696969697"
"https://khangvuongbooking.com/5-ngoi-chua-tai-sai-gon-cau-gi-duoc-nay-ban-nen-den-dip-dau-xuan/","1","84","0.011904761904761904","34.94047619047619"
"https://khangvuongbooking.com/ban-ve-ha-noi-di-atlanta-my-thang-10/","1","152","0.006578947368421052","26.375"
"https://khangvuongbooking.com/ban-ve-ha-noi-di-austin-my-thang-10/","1","73","0.0136986301369863","26.10958904109589"
"https://khangvuongbooking.com/ban-ve-ha-noi-di-chicago-my-thang-10/","1","393","0.002544529262086514","20.29262086513995"
"https://khangvuongbooking.com/ban-ve-ha-noi-di-denver-my-thang-10/","1","89","0.011235955056179775","23.719101123595507"
"https://khangvuongbooking.com/ban-ve-ha-noi-di-phoenix-arizona-my-thang-10/","1","229","0.004366812227074236","18.23580786026201"
"https://khangvuongbooking.com/ban-ve-sai-gon-tp-hcm-di-austin-my-thang-10/","1","143","0.006993006993006993","20.90909090909091"
"https://khangvuongbooking.com/ban-ve-sai-gon-tp-hcm-di-dallas-texas-my-thang-10/","1","265","0.0037735849056603774","18.890566037735848"
"https://khangvuongbooking.com/ban-ve-sai-gon-tp-hcm-di-new-york-my-thang-10/","1","255","0.00392156862745098","18.564705882352943"
"https://khangvuongbooking.com/ban-ve-sai-gon-tp-hcm-di-orlando-florida-my-thang-10/","1","487","0.002053388090349076","15.901437371663244"
"https://khangvuongbooking.com/ban-ve-sai-gon-tp-hcm-di-san-jose-my-thang-10/","1","529","0.001890359168241966","17.92249527410208"
"https://khangvuongbooking.com/ban-ve-sai-gon-tp-hcm-di-seattle-my-thang-10/","1","334","0.0029940119760479044","14.955089820359282"
"https://khangvuongbooking.com/bang-gia-ve-ho-chi-minh-di-an-do-thang-4-5-6/","1","382","0.002617801047120419","21.81413612565445"
"https://khangvuongbooking.com/bay-qatar-airways-o-ha-noi-khong-can-voi-ve-khu-hoi-di-chau-au-chi-tu-17-600-000-d-sieu-tiet-kiem/","1","109","0.009174311926605505","26.871559633027523"
"https://khangvuongbooking.com/bung-no-23-000-ve-may-bay-co-vu-u23-viet-nam-gia-chi-tu-23-000d-cung-vietjet-air/","1","31","0.03225806451612903","7.967741935483871"
"https://khangvuongbooking.com/cebu-pacific-khuyen-mai-ve-di-philippines-dat-ngay-bay-som-chi-tu-1-678-000d/","1","117","0.008547008547008548","60.34188034188034"
"https://khangvuongbooking.com/chang-bay-tp-hcm-di-an-do-thang-7-8-9/","1","125","0.008","10.056"
"https://khangvuongbooking.com/chang-bay-tp-hcm-di-my-thang-1-2-3/","1","62","0.016129032258064516","10.17741935483871"
"https://khangvuongbooking.com/cho-giang-sinh-o-duc/","1","65","0.015384615384615385","22.93846153846154"
"https://khangvuongbooking.com/chuyen-bay-ha-noi-di-atlanta-my-thang-9/","1","63","0.015873015873015872","14.031746031746032"
"https://khangvuongbooking.com/chuyen-bay-ha-noi-di-honolulu-my-thang-9/","1","125","0.008","10.864"
"https://khangvuongbooking.com/chuyen-bay-ha-noi-di-orlando-florida-my-thang-9/","1","168","0.005952380952380952","14.029761904761905"
"https://khangvuongbooking.com/chuyen-bay-ha-noi-di-seattle-my-thang-9/","1","107","0.009345794392523364","12.504672897196262"
"https://khangvuongbooking.com/chuyen-bay-sai-gon-tp-hcm-di-denver-my-thang-9/","1","91","0.01098901098901099","17.153846153846153"
"https://khangvuongbooking.com/chuyen-bay-sai-gon-tp-hcm-di-san-jose-my-thang-9/","1","211","0.004739336492890996","11.014218009478673"
"https://khangvuongbooking.com/dai-loan-chinh-thuc-mien-phi-visa-cho-nguoi-da-tung-co-visa-dai-loan-tu-ngay-16/","1","85","0.011764705882352941","9.741176470588234"
"https://khangvuongbooking.com/dai-ly-phong-ve-eva-air/","1","4032","0.000248015873015873","20.603918650793652"
"https://khangvuongbooking.com/dam-chim-trong-thien-duong-banh-ngot-cua-nuoc-phap/","1","78","0.01282051282051282","8.974358974358974"
"https://khangvuongbooking.com/dat-mua-ve-1-chieu-ha-noi-di-chennai/","1","118","0.00847457627118644","9.94915254237288"
"https://khangvuongbooking.com/dat-mua-ve-atlanta-my-ve-ho-chi-minh-ha-noi-gia-re/","1","175","0.005714285714285714","17.142857142857142"
"https://khangvuongbooking.com/dat-mua-ve-california-my-ve-ho-chi-minh-ha-noi-gia-re/","1","326","0.003067484662576687","9.582822085889571"
"https://khangvuongbooking.com/dat-mua-ve-chicago-my-ve-ho-chi-minh-ha-noi-gia-re/","1","411","0.0024330900243309003","17.530413625304135"
"https://khangvuongbooking.com/dat-mua-ve-houston-my-ve-ho-chi-minh-ha-noi-gia-re/","1","343","0.0029154518950437317","14.553935860058308"
"https://khangvuongbooking.com/dat-mua-ve-los-angeles-my-ve-ho-chi-minh-ha-noi-gia-re/","1","283","0.0035335689045936395","11.565371024734983"
"https://khangvuongbooking.com/dat-mua-ve-may-bay-china-airlines-di-san-francisco/","1","112","0.008928571428571428","18.303571428571427"
"https://khangvuongbooking.com/dat-mua-ve-may-bay-china-eastern-airlines-di-my/","1","107","0.009345794392523364","16.476635514018692"
"https://khangvuongbooking.com/dat-mua-ve-may-bay-china-eastern-airlines-di-san-francisco/","1","97","0.010309278350515464","20.948453608247423"
"https://khangvuongbooking.com/dat-mua-ve-may-bay-da-nang-di-my-1-chieu/","1","388","0.002577319587628866","25.280927835051546"
"https://khangvuongbooking.com/dat-mua-ve-may-bay-da-nang-di-my-thang-8/","1","202","0.0049504950495049506","7.034653465346534"
"https://khangvuongbooking.com/dat-mua-ve-may-bay-da-nang-di-washington-my/","1","162","0.006172839506172839","16.080246913580247"
"https://khangvuongbooking.com/dat-mua-ve-may-bay-eva-air-di-houston-texas/","1","146","0.00684931506849315","43.65068493150685"
"https://khangvuongbooking.com/dat-mua-ve-may-bay-ha-noi-di-dallas-texas-my/","1","116","0.008620689655172414","27.594827586206897"
"https://khangvuongbooking.com/dat-mua-ve-may-bay-ha-noi-di-honolulu-my/","1","849","0.001177856301531213","28.85630153121319"
"https://khangvuongbooking.com/dat-mua-ve-may-bay-ha-noi-di-los-angeles-my/","1","494","0.0020242914979757085","28.12753036437247"
"https://khangvuongbooking.com/dat-mua-ve-may-bay-ha-noi-di-my-thang-12/","1","198","0.005050505050505051","19.752525252525253"
"https://khangvuongbooking.com/dat-mua-ve-may-bay-ha-noi-di-my-thang-7/","1","83","0.012048192771084338","19.93975903614458"
"https://khangvuongbooking.com/dat-mua-ve-may-bay-ha-noi-di-new-york-my/","1","477","0.0020964360587002098","22.38364779874214"
"https://khangvuongbooking.com/dat-mua-ve-may-bay-japan-airlines-di-orlando-florida/","1","171","0.005847953216374269","39.83625730994152"
"https://khangvuongbooking.com/dat-mua-ve-may-bay-nippon-airways-di-boston/","1","236","0.00423728813559322","38.898305084745765"
"https://khangvuongbooking.com/dat-mua-ve-may-bay-nippon-airways-di-new-york/","1","181","0.0055248618784530384","32.911602209944746"
"https://khangvuongbooking.com/dat-mua-ve-may-bay-sai-gon-di-dallas-texas-my/","1","246","0.0040650406504065045","30.670731707317074"
"https://khangvuongbooking.com/dat-mua-ve-may-bay-sai-gon-di-my-1-chieu/","1","402","0.0024875621890547263","19.4726368159204"
"https://khangvuongbooking.com/dat-mua-ve-may-bay-sai-gon-di-my-khu-hoi/","1","379","0.002638522427440633","33.96042216358839"
"https://khangvuongbooking.com/dat-mua-ve-may-bay-sai-gon-di-my-thang-10/","1","65","0.015384615384615385","19.26153846153846"
"https://khangvuongbooking.com/dat-mua-ve-may-bay-sai-gon-di-my-thang-11/","1","191","0.005235602094240838","18.151832460732983"
"https://khangvuongbooking.com/dat-mua-ve-may-bay-sai-gon-di-my-thang-12/","1","169","0.005917159763313609","16.272189349112423"
"https://khangvuongbooking.com/dat-mua-ve-may-bay-sai-gon-di-my-thang-7/","1","82","0.012195121951219513","14.902439024390244"
"https://khangvuongbooking.com/dat-mua-ve-may-bay-sai-gon-di-my/","1","749","0.0013351134846461949","25.805073431241656"
"https://khangvuongbooking.com/dat-mua-ve-may-bay-sai-gon-di-san-jose-my/","1","280","0.0035714285714285713","25.860714285714284"
"https://khangvuongbooking.com/dat-mua-ve-may-bay-starlux-airlines-di-los-angeles/","1","583","0.0017152658662092624","27.32418524871355"
"https://khangvuongbooking.com/dat-mua-ve-may-bay-starlux-airlines-di-new-york/","1","127","0.007874015748031496","27.4251968503937"
"https://khangvuongbooking.com/dat-mua-ve-may-bay-starlux-airlines-di-seattle/","1","297","0.003367003367003367","33.81144781144781"
"https://khangvuongbooking.com/dat-ve-may-bay-ha-noi-di-boston-my-thang-8/","1","246","0.0040650406504065045","17.617886178861788"
"https://khangvuongbooking.com/dat-ve-may-bay-ha-noi-di-honolulu-my-thang-8/","1","84","0.011904761904761904","21.142857142857142"
"https://khangvuongbooking.com/dat-ve-may-bay-ha-noi-di-houston-my-thang-8/","1","104","0.009615384615384616","24.682692307692307"
"https://khangvuongbooking.com/dat-ve-may-bay-ha-noi-di-orlando-florida-my-thang-8/","1","146","0.00684931506849315","20.828767123287673"
"https://khangvuongbooking.com/dat-ve-may-bay-ha-noi-di-seattle-my-thang-8/","1","166","0.006024096385542169","17.066265060240966"
"https://khangvuongbooking.com/dat-ve-may-bay-ha-noi-di-washington-my-thang-7/","1","339","0.0029498525073746312","29.04424778761062"
"https://khangvuongbooking.com/dat-ve-may-bay-sai-gon-tp-hcm-di-atlanta-my-thang-7/","1","278","0.0035971223021582736","22.003597122302157"
"https://khangvuongbooking.com/dat-ve-may-bay-sai-gon-tp-hcm-di-austin-my-thang-8/","1","140","0.007142857142857143","25.057142857142857"
"https://khangvuongbooking.com/dat-ve-may-bay-sai-gon-tp-hcm-di-boston-my-thang-8/","1","149","0.006711409395973154","32.51006711409396"
"https://khangvuongbooking.com/dat-ve-may-bay-sai-gon-tp-hcm-di-denver-my-thang-7/","1","294","0.003401360544217687","25.799319727891156"
"https://khangvuongbooking.com/dat-ve-may-bay-sai-gon-tp-hcm-di-denver-my-thang-8/","1","186","0.005376344086021506","18.521505376344088"
"https://khangvuongbooking.com/dat-ve-may-bay-sai-gon-tp-hcm-di-orlando-florida-my-thang-7/","1","326","0.003067484662576687","16.47546012269939"
"https://khangvuongbooking.com/dat-ve-may-bay-sai-gon-tp-hcm-di-san-francisco-my-thang-7/","1","764","0.0013089005235602095","31.43979057591623"
"https://khangvuongbooking.com/dat-ve-may-bay-sai-gon-tp-hcm-di-san-francisco-my-thang-8/","1","667","0.0014992503748125937","17.055472263868065"
"https://khangvuongbooking.com/dat-ve-may-bay-sai-gon-tp-hcm-di-washington-my-thang-7/","1","558","0.0017921146953405018","36.586021505376344"
"https://khangvuongbooking.com/dich-vu-dat-ve-may-bay-cho-thu-cung-cho-meo-di-dallas-my/","1","112","0.008928571428571428","19.169642857142858"
"https://khangvuongbooking.com/dich-vu-hang-khong/page/3/","1","15","0.06666666666666667","22.133333333333333"
"https://khangvuongbooking.com/doi-ngay-ve-may-bay-china-airlines-di-atlanta-my/","1","58","0.017241379310344827","13.155172413793103"
"https://khangvuongbooking.com/doi-ngay-ve-may-bay-china-airlines-di-san-diego-my/","1","36","0.027777777777777776","20.88888888888889"
"https://khangvuongbooking.com/doi-ve-may-bay-china-airlines-di-los-angeles/","1","360","0.002777777777777778","18.622222222222224"
"https://khangvuongbooking.com/doi-ve-may-bay-jet-airways/","1","184","0.005434782608695652","24.20108695652174"
"https://khangvuongbooking.com/doi-ve-may-bay-qantas-airways/","1","207","0.004830917874396135","7.845410628019324"
"https://khangvuongbooking.com/ghe-tham-nhung-dia-danh-ma-noi-tieng-trong-phim/","1","47","0.02127659574468085","21.085106382978722"
"https://khangvuongbooking.com/gia-ve-ha-noi-di-my-thang-1-2-3/","1","101","0.009900990099009901","10.128712871287128"
"https://khangvuongbooking.com/han-quoc-don-gian-hoa-thu-tuc-cap-visa-cho-du-khach-viet/","1","21","0.047619047619047616","14.714285714285714"
"https://khangvuongbooking.com/hanh-ly-han-che-van-chuyen-vietnam-airlines/","1","83","0.012048192771084338","8.602409638554217"
"https://khangvuongbooking.com/khuyen-mai/","1","16033","0.00006237135907191417","4.410091685897836"
"https://khangvuongbooking.com/kinh-nghiem-san-ve-ha-noi-han-di-bangalore/","1","51","0.0196078431372549","11.431372549019608"
"https://khangvuongbooking.com/kinh-nghiem-xuong-san-bay-nuoc-ngoai-lan-dau/","1","88","0.011363636363636364","13.454545454545455"
"https://khangvuongbooking.com/mua-them-hanh-ly-china-airlines-di-boston-my/","1","180","0.005555555555555556","6.466666666666667"
"https://khangvuongbooking.com/mua-them-hanh-ly-china-airlines-di-new-york-my/","1","24","0.041666666666666664","22.083333333333332"
"https://khangvuongbooking.com/mua-them-hanh-ly-china-airlines-di-seattle-my/","1","29","0.034482758620689655","9.689655172413794"
"https://khangvuongbooking.com/mua-them-hanh-ly-china-airlines-di-texas-my/","1","61","0.01639344262295082","3.262295081967213"
"https://khangvuongbooking.com/mua-them-hanh-ly-kenya-airlines/","1","76","0.013157894736842105","12.328947368421053"
"https://khangvuongbooking.com/mua-ve-khu-hoi-ho-chi-minh-di-my-thang-10-11-12/","1","32","0.03125","7.71875"
"https://khangvuongbooking.com/mung-sinh-nhat-lan-thu-8-vietnam-airlines-uu-dai-giam-10-nhieu-hanh-trinh/","1","11","0.09090909090909091","8"
"https://khangvuongbooking.com/nhung-dich-vu-tai-san-bay-noi-bai-co-the-ban-chua-biet/","1","12","0.08333333333333333","8.5"
"https://khangvuongbooking.com/nhung-luu-y-du-lich-da-lat-an-toan-mua-mua/","1","307","0.003257328990228013","26.680781758957654"
"https://khangvuongbooking.com/quy-dinh-cua-jetstar-doi-voi-ba-bau-di-may-bay/","1","92","0.010869565217391304","7.195652173913044"
"https://khangvuongbooking.com/sieu-re-ve-hang-nhat-etihad-airways-chi-tu-2668-usd-khu-hoi/","1","146","0.00684931506849315","6.664383561643835"
"https://khangvuongbooking.com/tag/asiana-airlines/","1","15986","0.00006255473539346929","6.311960465407231"
"https://khangvuongbooking.com/tag/emirates/","1","163","0.006134969325153374","4.269938650306749"
"https://khangvuongbooking.com/tag/ha-noi-new-delhi/","1","2","0.5","6"
"https://khangvuongbooking.com/tag/san-bay-quoc-te-tan-son-nhat/","1","42","0.023809523809523808","44.833333333333336"
"https://khangvuongbooking.com/tag/ve-may-bay-88-000-d-cua-jetstar/","1","84","0.011904761904761904","8.464285714285715"
"https://khangvuongbooking.com/tag/ve-may-bay-di-sai-gon-gia-re/","1","20","0.05","10.45"
"https://khangvuongbooking.com/tag/ve-may-bay-ha-noi-di-bangkok/","1","706","0.00141643059490085","10.902266288951841"
"https://khangvuongbooking.com/tag/ve-may-bay-tphcm-di-yangon/","1","41","0.024390243902439025","11.463414634146341"
"https://khangvuongbooking.com/tag/vietjet-air-km-ve-tu-880-000d/","1","1","1","2"
"https://khangvuongbooking.com/tan-huong-uu-dai-hang-thuong-gia-cung-ve-qatar-chi-tu-187-trieu-khu-hoi/","1","23","0.043478260869565216","7.869565217391305"
"https://khangvuongbooking.com/thu-5-ruc-ro-vietnam-airlines-khuyen-mai-chi-tu-578-000-vnd/","1","14","0.07142857142857142","26.357142857142858"
"https://khangvuongbooking.com/toi-can-nhung-gi-de-check-khi-di-may-bay-tai-san-bay/","1","281","0.0035587188612099642","74.26334519572954"
"https://khangvuongbooking.com/top-4-canh-dep-nuoc-phap-chac-chan-ban-chua-biet/","1","91","0.01098901098901099","29.791208791208792"
"https://khangvuongbooking.com/tuyen-dung-nhan-vien-di-link-forum-mxh/","1","42","0.023809523809523808","73.61904761904762"
"https://khangvuongbooking.com/tuyet-chieu-sap-xep-hanh-ly-khi-di-may-bay/","1","36","0.027777777777777776","32.83333333333333"
"https://khangvuongbooking.com/uu-dai-bay-khap-gioi-voi-ve-emirates-khu-hoi-chi-tu-7-094-000d/","1","15","0.06666666666666667","47.4"
"https://khangvuongbooking.com/ve-may-bay-da-nang-di-dai-loan-gia-re/","1","287","0.003484320557491289","30.64808362369338"
"https://khangvuongbooking.com/ve-may-bay-da-nang-di-thanh-do/","1","255","0.00392156862745098","21.231372549019607"
"https://khangvuongbooking.com/ve-may-bay-di-anh/","1","3647","0.00027419797093501506","31.768302714559912"
"https://khangvuongbooking.com/ve-may-bay-di-duc/","1","3274","0.00030543677458766036","54.86285888821014"
"https://khangvuongbooking.com/ve-may-bay-di-idaho/","1","92","0.010869565217391304","19.706521739130434"
"https://khangvuongbooking.com/ve-may-bay-di-phap/","1","707","0.0014144271570014145","74.86421499292787"
"https://khangvuongbooking.com/ve-may-bay-di-trung-quoc/","1","3815","0.0002621231979030144","44.81100917431193"
"https://khangvuongbooking.com/ve-may-bay-du-hoc-sinh-thuong-hai/","1","51","0.0196078431372549","13.058823529411764"
"https://khangvuongbooking.com/ve-may-bay-du-hoc-sinh-vu-han/","1","124","0.008064516129032258","32.89516129032258"
"https://khangvuongbooking.com/ve-may-bay-ha-noi-di-con-minh/","1","614","0.0016286644951140066","19.490228013029316"
"https://khangvuongbooking.com/ve-may-bay-ha-noi-di-ha-mon/","1","2307","0.00043346337234503684","18.29865626354573"
"https://khangvuongbooking.com/ve-may-bay-ha-noi-di-nam-kinh/","1","152","0.006578947368421052","25.914473684210527"
"https://khangvuongbooking.com/ve-may-bay-ha-noi-di-toronto-canada/","1","1154","0.0008665511265164644","35.33015597920277"
"https://khangvuongbooking.com/ve-may-bay-ho-chi-minh-di-calgary-canada/","1","146","0.00684931506849315","26.643835616438356"
"https://khangvuongbooking.com/ve-may-bay-ho-chi-minh-di-dai-bac-dai-loan-gia-re/","1","1066","0.0009380863039399625","48.21669793621013"
"https://khangvuongbooking.com/ve-may-bay-ho-chi-minh-di-gwangju-han-quoc-gia-re/","1","98","0.01020408163265306","13.540816326530612"
"https://khangvuongbooking.com/ve-may-bay-ho-chi-minh-di-montreal-canada/","1","224","0.004464285714285714","34.424107142857146"
"https://khangvuongbooking.com/ve-may-bay-ho-chi-minh-di-toronto-canada/","1","287","0.003484320557491289","33.29616724738676"
"https://khangvuongbooking.com/ve-may-bay-nha-trang-di-dai-loan-gia-re/","1","266","0.0037593984962406013","40.409774436090224"
"https://khangvuongbooking.com/ve-may-bay-quoc-te/ve-may-bay-di-nga-gia-re/","1","233","0.004291845493562232","53.107296137339056"
"https://khangvuongbooking.com/ve-may-bay-tu-ha-noi-di-quang-chau/","1","1550","0.0006451612903225806","39.380645161290325"
"https://khangvuongbooking.com/ve-may-bay-tu-ho-chi-minh-di-ha-mon/","1","875","0.001142857142857143","37.616"
"https://khangvuongbooking.com/vietjet-air-giam-50-gia-ve-eco-nhan-dip-dai-le-30-4/","1","234","0.004273504273504274","17.064102564102566"
"https://khangvuongbooking.com/vietjet-air-giam-gia-ve-bay-di-uc-skyboss-va-skyboss-business/","1","63","0.015873015873015872","13.396825396825397"
"https://khangvuongbooking.com/vietjet-air-uu-dai-20kg-hanh-ly-ky-gui-den-dai-loan-uc/","1","223","0.004484304932735426","14.035874439461884"
"https://khangvuongbooking.com/vietjet-mach-nho-meo-xep-do-sieu-gon-khi-di-du-lich/","1","28","0.03571428571428571","10.714285714285714"
"https://khangvuongbooking.com/vietnam-airlines-bo-sung-goi-hanh-ly-tra-truoc-10kg-tien-loi-cho-khach-hang/","1","26","0.038461538461538464","20.192307692307693"
"https://khangvuongbooking.com/vietnam-airlines-giam-gia-ve-may-bay-duc-ve-viet-nam/","1","190","0.005263157894736842","44.642105263157895"
"https://khangvuongbooking.com/vietnam-airlines-uu-dai-khai-truong-duong-bay-thang-ha-noi-milan/","1","78","0.01282051282051282","40.243589743589745"
"https://khangvuongbooking.com/vietnam-airlines-uu-dai-ve-may-bay-khu-hoi-di-paris/","1","176","0.005681818181818182","58.44886363636363"
"https://khangvuongbooking.com/vna-uu-dai-7000-ve-noi-dia-giam-20-ky-niem-ngay-thuong-binh-liet-sy/","1","46","0.021739130434782608","7.260869565217392"
"https://khangvuongbooking.com/2-400-000-ve-0-dong-bay-cung-yeu-thuong-ngay-8-3/","0","1","0","9"
"https://khangvuongbooking.com/5-ngay-vang-thang-7-ve-khu-hoi-quoc-te-vietnam-airlines-chi-tu-124-usd-2/","0","1","0","11"
"https://khangvuongbooking.com/5-trai-nghiem-kho-quen-khi-den-co-hue/","0","9","0","26"
"https://khangvuongbooking.com/5-trieu-ve-0-dong-khuyen-mai-giang-sinh-tu-vietjet-air/","0","4","0","63.25"
"https://khangvuongbooking.com/8-3-ngot-ngao-cung-vietjet-deal-sale-khong-the-bo-lo/","0","9","0","78.11111111111111"
"https://khangvuongbooking.com/8-hang-bay-cua-chau-lap-lien-minh-hang-khong-gia-re/","0","40","0","39.95"
"https://khangvuongbooking.com/air-asia-dai-khuyen-mai-mua-sale-giam-50-ve-sieu-re/","0","37","0","48.891891891891895"
"https://khangvuongbooking.com/air-asia-khuyen-mai-ve-du-xuan-bay-ngay-chi-tu-4-usd/","0","9","0","12.555555555555555"
"https://khangvuongbooking.com/air-asia-mo-ban-ve-di-kuala-lumpur-tu-16-usd-kham-pha-ngay-malaysia/","0","2","0","15"
"https://khangvuongbooking.com/air-asia-mo-ban-ve-di-thai-lan-cuoi-nam-chi-tu-36-usd-uu-dai/","0","1","0","8"
"https://khangvuongbooking.com/air-asia-sieu-khuyen-mai-giam-den-70-gia-ve-cuc-uu-dai/","0","6","0","56.833333333333336"
"https://khangvuongbooking.com/air-asia-tha-thinh-ve-di-thai-lan-cuoi-nam-chi-tu-33-usdchieu/","0","1","0","25"
"https://khangvuongbooking.com/air-asia-tung-ve-sieu-re-chi-tu-4-usd-bay-khap-gioi/","0","2","0","8"
"https://khangvuongbooking.com/air-asia-uu-dai-ve-may-bay-di-uc-gia-chi-tu-74-usd-cuc-re/","0","1","0","10"
"https://khangvuongbooking.com/all-nippon-airways-uu-dai-ve-khu-hoi-sang-nhat-chi-tu-16-376-000d-sieu-tiet-kiem/","0","3","0","9.333333333333334"
"https://khangvuongbooking.com/asiana-uu-dai-hang-thuong-gia-chi-tu-2288-usd-sieu-tiet-kiem/","0","1","0","11"
"https://khangvuongbooking.com/bamboo-airways-giam-50-phi-mua-hanh-ly-tra-truoc-bay-di-thai/","0","5","0","22.6"
"https://khangvuongbooking.com/bamboo-airways-giam-gia-ve-may-bay-di-anh-duc-715-000-vnd/","0","19","0","16.842105263157897"
"https://khangvuongbooking.com/bamboo-airways-giam-gia-ve-may-bay-di-chau-au-1-198-000-vnd/","0","5","0","4.8"
"https://khangvuongbooking.com/bamboo-airways-giam-gia-ve-may-bay-di-han-quoc-nhat-ban-dai-loan/","0","2","0","50.5"
"https://khangvuongbooking.com/bamboo-airways-giam-gia-ve-may-bay-tet-duong-lich-2023-theo-nhom/","0","2","0","7.5"
"https://khangvuongbooking.com/bamboo-airways-khuyen-mai-chao-he-2021-giam-den-25-gia-ve-may-bay/","0","77","0","45"
"https://khangvuongbooking.com/bamboo-airways-khuyen-mai-chi-tu-30-000-vnd-nhan-dip-30-4-01-05/","0","4","0","246.5"
"https://khangvuongbooking.com/bamboo-airways-khuyen-mai-dong-gia-18-000-vnd/","0","1","0","11"
"https://khangvuongbooking.com/bamboo-airways-khuyen-mai-mung-ngay-thanh-lap-doan-chi-tu-26-000-vnd/","0","2","0","9.5"
"https://khangvuongbooking.com/bamboo-airways-khuyen-mai-tang-ve-tre-em-mung-tet-thieu-nhi/","0","2","0","12.5"
"https://khangvuongbooking.com/bamboo-airways-khuyen-mai-ve-may-bay-black-friday-2022/","0","5","0","49"
"https://khangvuongbooking.com/bamboo-airways-khuyen-mai-ve-may-bay-cho-khach-doan/","0","10","0","13.5"
"https://khangvuongbooking.com/bamboo-airways-khuyen-mai-xa-cuong-chan-chi-tu-19k/","0","4","0","6"
"https://khangvuongbooking.com/bamboo-airways-mo-ban-ve-may-bay-tokyo-seoul-dai-bac/","0","5","0","177"
"https://khangvuongbooking.com/bamboo-airways-mung-3-duong-bay-moi-khuyen-mai-chi-tu-199-000-vnd/","0","21","0","5.761904761904762"
"https://khangvuongbooking.com/bamboo-airways-tang-suat-an-15-usd-cho-hanh-khach-bay-noi-chuyen/","0","7","0","15.428571428571429"
"https://khangvuongbooking.com/bamboo-airways-tang-them-cac-chuyen-bay-tet-2023/","0","4","0","40"
"https://khangvuongbooking.com/bamboo-airways-uu-dai-10-ve-may-bay-cuoi-tuan/","0","15","0","50.06666666666667"
"https://khangvuongbooking.com/bamboo-airways-uu-dai-20-ve-may-bay-di-con-dao/","0","34","0","35"
"https://khangvuongbooking.com/bamboo-airways-uu-dai-25-gia-ve-hang-business/","0","37","0","35.2972972972973"
"https://khangvuongbooking.com/bamboo-airways-uu-dai-giam-den-20-ve-thu-3-hang-tuan/","0","28","0","42.714285714285715"
"https://khangvuongbooking.com/bamboo-airways-uu-dai-giam-gia-ve-thuong-gia-toi-20/","0","16","0","62.75"
"https://khangvuongbooking.com/bamboo-airways-uu-dai-kien-hanh-ly-10kg-gia-chi-8k/","0","1","0","8"
"https://khangvuongbooking.com/bamboo-airways-uu-dai-ve-may-bay-di-uc-gia-3-694-000d/","0","3","0","8.666666666666668"
"https://khangvuongbooking.com/ban-co-muon-trai-nghiem-thien-duong-nghi-duong-hang-dau-nhat-ban/","0","2","0","9.5"
"https://khangvuongbooking.com/ban-da-biet-quy-dinh-hanh-ly-qua-co-jetstar/","0","20","0","8.2"
"https://khangvuongbooking.com/ban-da-nem-thu-4-mon-mi-ngon-noi-tieng-o-dat-nuoc-nhat-ban-nay-chua/","0","126","0","77.18253968253968"
"https://khangvuongbooking.com/ban-ve-ha-noi-di-boston-my-thang-10/","0","150","0","23.226666666666667"
"https://khangvuongbooking.com/ban-ve-ha-noi-di-honolulu-my-thang-10/","0","231","0","27.463203463203463"
"https://khangvuongbooking.com/ban-ve-ha-noi-di-houston-my-thang-10/","0","158","0","25.481012658227847"
"https://khangvuongbooking.com/ban-ve-ha-noi-di-los-angeles-my-thang-10/","0","17","0","17.705882352941178"
"https://khangvuongbooking.com/ban-ve-ha-noi-di-miami-florida-my-thang-10/","0","159","0","19.29559748427673"
"https://khangvuongbooking.com/ban-ve-ha-noi-di-orlando-florida-my-thang-10/","0","73","0","31.164383561643834"
"https://khangvuongbooking.com/ban-ve-ha-noi-di-san-francisco-my-thang-10/","0","65","0","17.184615384615384"
"https://khangvuongbooking.com/ban-ve-ha-noi-di-san-jose-my-thang-10/","0","14","0","39.357142857142854"
"https://khangvuongbooking.com/ban-ve-sai-gon-tp-hcm-di-boston-my-thang-10/","0","227","0","14.066079295154186"
"https://khangvuongbooking.com/ban-ve-sai-gon-tp-hcm-di-chicago-my-thang-10/","0","158","0","15.689873417721518"
"https://khangvuongbooking.com/ban-ve-sai-gon-tp-hcm-di-houston-my-thang-10/","0","469","0","20.722814498933904"
"https://khangvuongbooking.com/ban-ve-sai-gon-tp-hcm-di-los-angeles-my-thang-10/","0","108","0","18.925925925925927"
"https://khangvuongbooking.com/bang-gia-ve-ho-chi-minh-di-bangalore/","0","73","0","10.10958904109589"
"https://khangvuongbooking.com/bao-tang-han-quoc-dia-diem-khong-bo-qua-khi-di-du-lich/","0","9","0","19.88888888888889"
"https://khangvuongbooking.com/bay-bamboo-airways-tam-biet-fa-khuyen-mai-mua-1-tang-1/","0","6","0","67.33333333333333"
"https://khangvuongbooking.com/bay-chau-a-da-co-air-asia-ve-mot-chieu-tu-31-usd-da-thue-phi/","0","8","0","7.375"
"https://khangvuongbooking.com/bay-chau-a-gia-cuc-da-cung-malindo-air-chi-tu-47-usd-sieu-tiet-kiem/","0","2","0","26"
"https://khangvuongbooking.com/bay-chau-au-ve-qatar-airways-tiet-kiem-den-10-khi-dat-phong-qua-smartphone/","0","7","0","8"
"https://khangvuongbooking.com/bay-cung-jetstar-truoc-thang-52018-gia-ve-mot-chieu-chi-tu-48k-chua-thue-phi/","0","6","0","5.166666666666667"
"https://khangvuongbooking.com/bay-dang-cap-cung-hang-thuong-gia-asiana-gia-chi-tu-2100-usd-khu-hoi/","0","106","0","44.443396226415096"
"https://khangvuongbooking.com/bay-dang-cap-cung-qatar-ve-khu-hoi-cuc-thap-tu-3200000-vnd-trong-2-ngay/","0","58","0","13.810344827586206"
"https://khangvuongbooking.com/bay-dang-cap-cung-ve-thuong-gia-asiana-gia-thap-chi-tu-2289-usd-khu-hoi/","0","1","0","9"
"https://khangvuongbooking.com/bay-dang-cap-gia-cuc-thap-voi-ve-chi-tu-299-000d-cua-vietnam-airlines/","0","2","0","26"
"https://khangvuongbooking.com/bay-khap-viet-nam-cung-km-vang-cua-vietnam-airlines-ve-chi-tu-399kchieu/","0","2","0","7"
"https://khangvuongbooking.com/bay-manila-sydney-thoa-thich-cung-ve-cebu-pacific-chi-tu-65-usd/","0","10","0","63.7"
"https://khangvuongbooking.com/bay-my-canada-dang-cap-nam-2018-gia-ve-eva-air-khu-hoi-cuc-thap-tu-806-usd/","0","1","0","6"
"https://khangvuongbooking.com/bay-ngay-voi-ve-etihad-airways-chi-tu-579-usd-khu-hoi-khap-the-gioi/","0","2","0","4"
"https://khangvuongbooking.com/bay-nhanh-cung-vietjet-air-khuyen-mai-giam-70-gia-ve/","0","1","0","6"
"https://khangvuongbooking.com/bay-quoc-te-cung-jetstar-pacific-chi-tu-11-vnd/","0","12","0","53.166666666666664"
"https://khangvuongbooking.com/bay-quoc-te-gia-re-voi-500-000-ve-0-dong-km-cua-vietjet-air/","0","3","0","7.333333333333333"
"https://khangvuongbooking.com/bay-quoc-te-khong-can-nhin-gia-ve-vietnam-airlines-khu-hoi-chi-tu-100-usd/","0","12","0","7.416666666666667"
"https://khangvuongbooking.com/bay-quoc-te-vui-he-3d-cung-ve-0-dong-vietjet-air-sieu-khuyen-mai/","0","4","0","45.25"
"https://khangvuongbooking.com/bay-thai-lan-va-quoc-te-de-dang-voi-180-000-ve-vietjet-0d-du-lich-trong-tam-tay/","0","52","0","51.63461538461539"
"https://khangvuongbooking.com/bay-thang-sai-gon-di-uc-ve-jetstar-cuoi-tuan-chi-tu-880-000d/","0","4","0","39.25"
"https://khangvuongbooking.com/bay-theo-nhom-san-deal-hoi-cung-vietjet/","0","3","0","14"
"https://khangvuongbooking.com/bay-viet-nam-thai-lan-vietjet-air-giam-ngay-50-ve-noi-dia-thai/","0","23","0","12.695652173913043"
"https://khangvuongbooking.com/bi-quyet-giam-met-moi-sau-khi-di-may-bay/","0","15","0","11.933333333333334"
"https://khangvuongbooking.com/bi-quyet-lam-dep-thoai-mai-tren-may-bay/","0","8","0","7.5"
"https://khangvuongbooking.com/black-friday-vietnam-airlines-khuyen-mai-giam-15-gia-ve/","0","1","0","6"
"https://khangvuongbooking.com/bung-chay-ve-0-dong-toan-mang-bay-vietjet-air-sieu-re/","0","7","0","33.142857142857146"
"https://khangvuongbooking.com/bung-tinh-voi-hon-500-nghin-ve-vietjet-0-dong-bay-quoc-te-nam-2018/","0","7","0","49.142857142857146"
"https://khangvuongbooking.com/bung-tinh-voi-sieu-km-ve-tu-319-usd-bay-seoul-han-quoc-cuoi-nam-cung-korean-air/","0","3","0","8.666666666666668"
"https://khangvuongbooking.com/cac-hang-hang-khong-viet-nam-cung-cap-dich-vu-gi-tren-chuyen-bay/","0","82","0","27.536585365853657"
"https://khangvuongbooking.com/cach-xin-visa-du-lich-phap-de-dang/","0","3","0","8.333333333333332"
"https://khangvuongbooking.com/cach-xin-visa-du-lich-trung-quoc/","0","440","0","37.53409090909091"
"https://khangvuongbooking.com/cam-nang-hanh-ly-cam-van-chuyen-tren-chuyen-bay-vietjet-air/","0","270","0","18.485185185185184"
"https://khangvuongbooking.com/cam-nang-hanh-ly-ky-gui-jetstar-ban-can-biet/","0","110","0","22.027272727272727"
"https://khangvuongbooking.com/cang-bay-cang-yeu-ve-vietjet-chi-tu-0-dong-di-an-do/","0","41","0","38.65853658536585"
"https://khangvuongbooking.com/cathay-pacific-khuyen-mai-bay-den-va-canada-gia-sieu-re-chi-tu-541-usd-khu-hoi/","0","1","0","10"
"https://khangvuongbooking.com/cathay-pacific-km-ve-thuong-gia-den-chi-tu-2-379-usd-uu-dai/","0","6","0","6.333333333333333"
"https://khangvuongbooking.com/cebu-khuyen-mai-lon-mo-ban-ve-di-sydney-chi-tu-200-usd/","0","1","0","9"
"https://khangvuongbooking.com/cebu-pacific-du-lich-he-sieu-re-den-philippines-chi-tu-75-usd/","0","1","0","5"
"https://khangvuongbooking.com/cebu-pacific-khuyen-mai-di-manila-cuoi-nam-chi-tu-75-usd/","0","1","0","1"
"https://khangvuongbooking.com/cebu-pacific-khuyen-mai-ve-mot-chieu-di-philippines-chi-tu-59-usd/","0","1","0","7"
"https://khangvuongbooking.com/cebu-pacific-tung-ve-cuc-re-di-philippines-chi-tu-59-usd/","0","3","0","7.666666666666667"
"https://khangvuongbooking.com/cebu-pacific-uu-dai-tuan-moi-bay-khap-the-gioi-chi-tu-59-usd/","0","25","0","45.96"
"https://khangvuongbooking.com/cebu-pacific-uu-dai-ve-chi-tu-75-usd-kham-pha-philippines/","0","37","0","71.45945945945945"
"https://khangvuongbooking.com/cebu-pacific-uu-dai-ve-du-lich-boracay-gia-chi-tu-59-usd/","0","1","0","9"
"https://khangvuongbooking.com/chang-bay-noi-chuyen-di-han-quoc-tu-anh-duc-duoc-mo-ban-bamboo-airways/","0","10","0","20.3"
"https://khangvuongbooking.com/chao-2017-ve-emirates-uu-dai-toan-mang-bay-gia-chi-tu-2-968-000d/","0","2","0","5"
"https://khangvuongbooking.com/chao-duong-bay-moi-vietjet-air-khuyen-mai-1-980-000-ve-0-dong/","0","1","0","10"
"https://khangvuongbooking.com/chao-mung-seagame-31-san-ve-re-cung-vietjet-air/","0","1","0","72"
"https://khangvuongbooking.com/chao-thang-5-vietnam-airlines-khuyen-mai-dau-thang-gia-tot/","0","36","0","18.13888888888889"
"https://khangvuongbooking.com/chao-thang-6-bamboo-airways-khuyen-mai-dong-gia-chi-tu-6-000-vnd/","0","1","0","8"
"https://khangvuongbooking.com/chao-thu-4-bamboo-airways-khuyen-mai-bay-vo-tu-chi-tu-36-000-vnd/","0","4","0","44.5"
"https://khangvuongbooking.com/chi-1-ngay-black-friday-duy-nhat-ve-vietnam-airlines-giam-den-20-toan-mang/","0","7","0","49.142857142857146"
"https://khangvuongbooking.com/chi-tu-113-usd-tan-huong-ky-nghi-tuyet-voi-o-uc/","0","1","0","6"
"https://khangvuongbooking.com/chi-tu-129-usd-cung-air-asia-den-perth-quay-tung-nuoc-uc/","0","1","0","8"
"https://khangvuongbooking.com/chi-tu-17-400-000-vnd-vi-vu-troi-au-cung-qatar-airways-khoi-hanh-tu-ha-noi/","0","17","0","10.352941176470589"
"https://khangvuongbooking.com/chi-tu-199-000d-khoanh-khac-vang-ve-vietnam-airlines/","0","6","0","6.333333333333333"
"https://khangvuongbooking.com/chi-tu-31-usd-tung-bung-du-lich-chau-a-sieu-tiet-kiem-ve-air-asia/","0","1","0","10"
"https://khangvuongbooking.com/chi-tu-38-usd-ve-tiger-air-de-dang-du-lich-singapore-thang-11/","0","1","0","11"
"https://khangvuongbooking.com/chi-tu-399-000d-ve-vietnam-airlines-cuoi-nam-cuc-re/","0","8","0","14.875"
"https://khangvuongbooking.com/chi-tu-45-usd-ve-mot-chieu-di-manila-cuc-re/","0","2","0","14"
"https://khangvuongbooking.com/chi-tu-547-usd-ve-khu-hoi-asiana-uu-dai-di-my-cuc-re/","0","66","0","37.303030303030305"
"https://khangvuongbooking.com/chi-tu-59-usd-ve-cebu-pacific-kham-pha-thien-nhien-philippines/","0","2","0","6"
"https://khangvuongbooking.com/chi-tu-650-usd-ve-vietnam-airlines-uu-dai-bay-thang-ha-noi-sydney/","0","4","0","10.25"
"https://khangvuongbooking.com/chi-tu-704-usd-khu-hoi-sieu-khuyen-mai-etihad-di-chau-au/","0","1","0","7"
"https://khangvuongbooking.com/chi-tu-88-000d-ve-jetstar-cuoi-tuan-sieu-khuyen-mai/","0","3","0","137.66666666666666"
"https://khangvuongbooking.com/chi-tu-88k-ve-jetstar-uu-dai-khung-cuoi-tuan-bay-khap-gioi/","0","3","0","10.333333333333334"
"https://khangvuongbooking.com/chi-tu-90-usd-hanh-trinh-ha-noi-di-manila-ve-mot-chieu/","0","2","0","9"
"https://khangvuongbooking.com/chia-se-bi-quyet-han-che-u-tai-khi-di-may-bay/","0","1","0","14"
"https://khangvuongbooking.com/chia-se-kinh-nghiem-di-may-bay-cho-ba-bau/","0","29","0","79.82758620689656"
"https://khangvuongbooking.com/chia-se-kinh-nghiem-giup-ban-kham-pha-hue-tron-ven-nhat/","0","5","0","22.8"
"https://khangvuongbooking.com/china-airlines-giam-gia-len-den-25-chuyen-bay-di-dai-bac/","0","184","0","27.46195652173913"
"https://khangvuongbooking.com/china-airlines-khuyen-mai-ve-di-my-chi-tu-250-usd/","0","3","0","29"
"https://khangvuongbooking.com/china-airlines-uu-dai-10-gia-ve-di-dai-bac-nhat-ban-my-canada/","0","43","0","22.069767441860463"
"https://khangvuongbooking.com/china-airlines-uu-dai-10-ve-da-nang-den-dai-bac-nhat-ban-bac-my/","0","6","0","10.333333333333334"
"https://khangvuongbooking.com/china-airlines-uu-dai-gia-ve-early-bird-di-my-chi-tu-265-usd/","0","43","0","7.534883720930233"
"https://khangvuongbooking.com/china-airlines-uu-dai-tha-ga-bay-ra-the-gioi-tu-ha-noi/","0","21","0","38.095238095238095"
"https://khangvuongbooking.com/chinh-sach-doi-tra-hang-va-hoan-tien-ve/","0","13","0","23.23076923076923"
"https://khangvuongbooking.com/chinh-sach-van-chuyen-giao-nhan/","0","4","0","1.25"
"https://khangvuongbooking.com/chung-ket-aff-cup-cac-hang-hang-khong-tang-cuong-chuyen-bay-den-malaysia/","0","1","0","10"
"https://khangvuongbooking.com/chuong-trinh-khuyen-mai-3-ngay-vang-san-ve-0-dong-den-phu-quoc-cua-vietjet/","0","26","0","67.42307692307692"
"https://khangvuongbooking.com/chuong-trinh-khuyen-mai-hap-dan-danh-cho-hang-ve-business-cua-vietjet/","0","22","0","15.681818181818182"
"https://khangvuongbooking.com/chuong-trinh-khuyen-mai-lon-tu-vietjet-air-bay-0-dong-san-may-bay-vang/","0","3","0","13.333333333333334"
"https://khangvuongbooking.com/chuyen-bay-ha-noi-di-an-do-thang-1-2-3/","0","199","0","10.93467336683417"
"https://khangvuongbooking.com/chuyen-bay-ha-noi-di-austin-my-thang-9/","0","75","0","29.68"
"https://khangvuongbooking.com/chuyen-bay-ha-noi-di-boston-my-thang-9/","0","123","0","14.146341463414634"
"https://khangvuongbooking.com/chuyen-bay-ha-noi-di-denver-my-thang-9/","0","19","0","32.15789473684211"
"https://khangvuongbooking.com/chuyen-bay-ha-noi-di-houston-my-thang-9/","0","189","0","11.724867724867725"
"https://khangvuongbooking.com/chuyen-bay-ha-noi-di-los-angeles-my-thang-9/","0","132","0","17.03030303030303"
"https://khangvuongbooking.com/chuyen-bay-ha-noi-di-phoenix-arizona-my-thang-9/","0","28","0","10.821428571428571"
"https://khangvuongbooking.com/chuyen-bay-ha-noi-di-san-jose-my-thang-9/","0","76","0","20.05263157894737"
"https://khangvuongbooking.com/chuyen-bay-ha-noi-han-di-new-delhi/","0","375","0","9.613333333333333"
"https://khangvuongbooking.com/chuyen-bay-sai-gon-tp-hcm-di-austin-my-thang-9/","0","126","0","21.476190476190474"
"https://khangvuongbooking.com/chuyen-bay-sai-gon-tp-hcm-di-san-francisco-my-thang-9/","0","155","0","14.883870967741936"
"https://khangvuongbooking.com/co-hoi-kham-pha-gioi-muon-mau-cung-voi-ve-bay-chi-tu-43-usd-cung-air-asia/","0","2","0","10.5"
"https://khangvuongbooking.com/co-nen-dat-chuyen-bay-ban-dem-khong/","0","283","0","11.385159010600706"
"https://khangvuongbooking.com/co-the-ban-chua-biet-tieu-chuan-hanh-ly-hang-hang-khong-vietjet-air/","0","605","0","65.4297520661157"
"https://khangvuongbooking.com/combo-khuyen-mai-4-ve-may-bay-chi-tu-800-000-vnd-tu-bamboo-airways/","0","1","0","10"
"https://khangvuongbooking.com/cuc-re-ve-jetstar-cuoi-tuan-sieu-khuyen-mai-chi-tu-88-000d/","0","2","0","66"
"https://khangvuongbooking.com/cung-air-asia-san-ve-bay-khap-gioi-voi-gia-chi-tu-6-usd-sieu-re/","0","23","0","7.913043478260869"
"https://khangvuongbooking.com/cung-air-asia-vuon-xa-gioi-voi-ve-mot-chieu-sieu-re-chi-tu-6-usd/","0","1","0","9"
"https://khangvuongbooking.com/cung-asiana-du-xuan-voi-ve-khu-hoi-tiet-kiem-chi-tu-547-usd/","0","2","0","82"
"https://khangvuongbooking.com/cung-eva-air-du-lich-mua-thu-new-york-voi-ve-chi-tu-987-usd/","0","10","0","36.9"
"https://khangvuongbooking.com/cung-gau-po-mua-ve-jetstar-chi-tu-11-000-dong/","0","6","0","7"
"https://khangvuongbooking.com/cung-jetstar-san-ve-he-sieu-re-chi-tu-40k-bay-khap-the-gioi/","0","20","0","53.65"
"https://khangvuongbooking.com/cung-qatar-trai-nghiem-mua-thu-chau-au-lang-man-ve-khu-hoi-chi-tu-19900000-vnd/","0","41","0","22.024390243902438"
"https://khangvuongbooking.com/cung-scoot-dot-chay-mua-he-voi-ve-chi-tu-35-usd-sieu-re/","0","7","0","23.285714285714285"
"https://khangvuongbooking.com/cung-ve-air-asia-du-lich-mua-sam-tha-ga-gia-chi-tu-3-usd/","0","5","0","18.6"
"https://khangvuongbooking.com/cung-ve-qatar-uu-dai-bay-cao-bay-xa-gia-chi-tu-4200000d-khu-hoi/","0","3","0","7"
"https://khangvuongbooking.com/cuoi-tuan-sieu-khuyen-mai-ve-jetstar-chi-tu-11-000d-ron-rang-don-thu-sang/","0","6","0","54.833333333333336"
"https://khangvuongbooking.com/dai-khuyen-mai-1-trieu-ve-5000d-bay-noi-dia-cung-vietjet-air-don-thang-3/","0","1","0","5"
"https://khangvuongbooking.com/dai-khuyen-mai-3-ngay-vang-bay-khap-viet-nam-voi-ve-0-dong-cua-vietjet-air/","0","1","0","2"
"https://khangvuongbooking.com/dai-loan-mien-visa-cho-viet-nam-tu-thang-9/","0","2","0","7.5"
"https://khangvuongbooking.com/dai-tiec-san-ve-vietjet-air-chi-tu-0-dong-bay-khap-the-gioi/","0","1","0","6"
"https://khangvuongbooking.com/dat-mua-ve-dallas-my-ve-ho-chi-minh-ha-noi-gia-re/","0","132","0","17.53787878787879"
"https://khangvuongbooking.com/dat-mua-ve-may-bay-air-china-di-my/","0","113","0","15.256637168141593"
"https://khangvuongbooking.com/dat-mua-ve-may-bay-air-china-di-san-francisco/","0","168","0","61.660714285714285"
"https://khangvuongbooking.com/dat-mua-ve-may-bay-air-china-di-washington/","0","1","0","2"
"https://khangvuongbooking.com/dat-mua-ve-may-bay-china-airlines-di-boston/","0","240","0","37"
"https://khangvuongbooking.com/dat-mua-ve-may-bay-china-airlines-di-chicago/","0","25","0","65.36"
"https://khangvuongbooking.com/dat-mua-ve-may-bay-china-airlines-di-dallas-texas/","0","25","0","24.8"
"https://khangvuongbooking.com/dat-mua-ve-may-bay-china-airlines-di-los-angeles/","0","71","0","36.80281690140845"
"https://khangvuongbooking.com/dat-mua-ve-may-bay-china-airlines-di-miami-florida/","0","40","0","29.225"
"https://khangvuongbooking.com/dat-mua-ve-may-bay-china-airlines-di-my/","0","705","0","20.78014184397163"
"https://khangvuongbooking.com/dat-mua-ve-may-bay-china-airlines-di-new-york/","0","65","0","41.03076923076923"
"https://khangvuongbooking.com/dat-mua-ve-may-bay-china-airlines-di-orlando-florida/","0","34","0","26.294117647058822"
"https://khangvuongbooking.com/dat-mua-ve-may-bay-china-airlines-di-san-jose/","0","181","0","39.32044198895028"
"https://khangvuongbooking.com/dat-mua-ve-may-bay-china-airlines-di-seattle/","0","55","0","15.218181818181819"
"https://khangvuongbooking.com/dat-mua-ve-may-bay-china-eastern-airlines-di-los-angeles/","0","1","0","10"
"https://khangvuongbooking.com/dat-mua-ve-may-bay-china-southern-airlines-di-los-angeles/","0","1","0","5"
"https://khangvuongbooking.com/dat-mua-ve-may-bay-china-southern-airlines-di-my/","0","84","0","27.69047619047619"
"https://khangvuongbooking.com/dat-mua-ve-may-bay-china-southern-airlines-di-san-francisco/","0","57","0","30.54385964912281"
"https://khangvuongbooking.com/dat-mua-ve-may-bay-da-nang-di-dallas-texas-my/","0","81","0","17.59259259259259"
"https://khangvuongbooking.com/dat-mua-ve-may-bay-da-nang-di-los-angeles-my/","0","295","0","31.071186440677966"
"https://khangvuongbooking.com/dat-mua-ve-may-bay-da-nang-di-miami-florida-my/","0","268","0","20.73507462686567"
"https://khangvuongbooking.com/dat-mua-ve-may-bay-da-nang-di-my-khu-hoi/","0","582","0","23.745704467353953"
"https://khangvuongbooking.com/dat-mua-ve-may-bay-da-nang-di-my-pho-thong/","0","221","0","17.3710407239819"
"https://khangvuongbooking.com/dat-mua-ve-may-bay-da-nang-di-my-thang-10/","0","222","0","22.283783783783782"
"https://khangvuongbooking.com/dat-mua-ve-may-bay-da-nang-di-my-thang-11/","0","202","0","31.980198019801982"
"https://khangvuongbooking.com/dat-mua-ve-may-bay-da-nang-di-my-thang-12/","0","148","0","15.182432432432432"
"https://khangvuongbooking.com/dat-mua-ve-may-bay-da-nang-di-my-thang-7/","0","166","0","16.457831325301207"
"https://khangvuongbooking.com/dat-mua-ve-may-bay-da-nang-di-my-thang-9/","0","225","0","21.746666666666666"
"https://khangvuongbooking.com/dat-mua-ve-may-bay-da-nang-di-new-york-my/","0","156","0","22.897435897435898"
"https://khangvuongbooking.com/dat-mua-ve-may-bay-da-nang-di-orlando-florida-my/","0","169","0","22.224852071005916"
"https://khangvuongbooking.com/dat-mua-ve-may-bay-da-nang-di-san-jose-my/","0","150","0","9.9"
"https://khangvuongbooking.com/dat-mua-ve-may-bay-da-nang-di-seattle-my-thuong-gia/","0","427","0","14.442622950819672"
"https://khangvuongbooking.com/dat-mua-ve-may-bay-da-nang-di-seattle-my/","0","476","0","25.964285714285715"
"https://khangvuongbooking.com/dat-mua-ve-may-bay-di-thai-lan-tai-air-asia-giam-toi-20-gia-ve/","0","148","0","46.12162162162162"
"https://khangvuongbooking.com/dat-mua-ve-may-bay-eva-air-di-boston/","0","266","0","45.661654135338345"
"https://khangvuongbooking.com/dat-mua-ve-may-bay-eva-air-di-chicago/","0","323","0","61.1702786377709"
"https://khangvuongbooking.com/dat-mua-ve-may-bay-eva-air-di-los-angeles/","0","164","0","41.03658536585366"
"https://khangvuongbooking.com/dat-mua-ve-may-bay-eva-air-di-miami-florida/","0","106","0","37.575471698113205"
"https://khangvuongbooking.com/dat-mua-ve-may-bay-eva-air-di-my/","0","403","0","38.25062034739454"
"https://khangvuongbooking.com/dat-mua-ve-may-bay-eva-air-di-new-york/","0","267","0","50.3183520599251"
"https://khangvuongbooking.com/dat-mua-ve-may-bay-eva-air-di-orlando-florida/","0","53","0","30.77358490566038"
"https://khangvuongbooking.com/dat-mua-ve-may-bay-eva-air-di-san-francisco/","0","194","0","24.15979381443299"
"https://khangvuongbooking.com/dat-mua-ve-may-bay-eva-air-di-seattle/","0","99","0","20.8989898989899"
"https://khangvuongbooking.com/dat-mua-ve-may-bay-eva-air-di-washington/","0","240","0","51.979166666666664"
"https://khangvuongbooking.com/dat-mua-ve-may-bay-ha-noi-di-miami-florida-my/","0","150","0","23.226666666666667"
"https://khangvuongbooking.com/dat-mua-ve-may-bay-ha-noi-di-my-1-chieu/","0","593","0","30.468802698145026"
"https://khangvuongbooking.com/dat-mua-ve-may-bay-ha-noi-di-my-pho-thong/","0","275","0","42.86909090909091"
"https://khangvuongbooking.com/dat-mua-ve-may-bay-ha-noi-di-orlando-florida-my/","0","423","0","24.61465721040189"
"https://khangvuongbooking.com/dat-mua-ve-may-bay-ha-noi-di-san-jose-my/","0","227","0","20.24229074889868"
"https://khangvuongbooking.com/dat-mua-ve-may-bay-ha-noi-di-washington-my/","0","203","0","32.92118226600985"
"https://khangvuongbooking.com/dat-mua-ve-may-bay-japan-airlines-di-chicago/","0","246","0","48.22357723577236"
"https://khangvuongbooking.com/dat-mua-ve-may-bay-japan-airlines-di-dallas-texas/","0","215","0","49.03720930232558"
"https://khangvuongbooking.com/dat-mua-ve-may-bay-japan-airlines-di-new-york/","0","93","0","55.215053763440864"
"https://khangvuongbooking.com/dat-mua-ve-may-bay-japan-airlines-di-san-francisco/","0","2","0","9.5"
"https://khangvuongbooking.com/dat-mua-ve-may-bay-japan-airlines-di-san-jose/","0","459","0","39.431372549019606"
"https://khangvuongbooking.com/dat-mua-ve-may-bay-japan-airlines-di-seattle/","0","116","0","43.3448275862069"
"https://khangvuongbooking.com/dat-mua-ve-may-bay-japan-airlines-di-washington/","0","90","0","26.555555555555557"
"https://khangvuongbooking.com/dat-mua-ve-may-bay-nippon-airways-di-chicago/","0","100","0","54.58"
"https://khangvuongbooking.com/dat-mua-ve-may-bay-nippon-airways-di-dallas-texas/","0","261","0","48.86206896551724"
"https://khangvuongbooking.com/dat-mua-ve-may-bay-nippon-airways-di-los-angeles/","0","129","0","39.06201550387597"
"https://khangvuongbooking.com/dat-mua-ve-may-bay-nippon-airways-di-orlando-florida/","0","285","0","36.30877192982456"
"https://khangvuongbooking.com/dat-mua-ve-may-bay-nippon-airways-di-san-francisco/","0","11","0","7.545454545454546"
"https://khangvuongbooking.com/dat-mua-ve-may-bay-nippon-airways-di-san-jose/","0","341","0","35.64222873900293"
"https://khangvuongbooking.com/dat-mua-ve-may-bay-nippon-airways-di-seattle/","0","64","0","38.609375"
"https://khangvuongbooking.com/dat-mua-ve-may-bay-sai-gon-di-houston-my/","0","938","0","38.23240938166311"
"https://khangvuongbooking.com/dat-mua-ve-may-bay-sai-gon-di-los-angeles-my/","0","140","0","29.764285714285716"
"https://khangvuongbooking.com/dat-mua-ve-may-bay-sai-gon-di-new-york-my/","0","152","0","34.776315789473685"
"https://khangvuongbooking.com/dat-mua-ve-may-bay-sai-gon-di-seattle-my/","0","484","0","35.46694214876033"
"https://khangvuongbooking.com/dat-mua-ve-may-bay-sai-gon-di-washington-my/","0","73","0","38.73972602739726"
"https://khangvuongbooking.com/dat-mua-ve-may-bay-starlux-airlines-di-orlando-florida/","0","137","0","33.56204379562044"
"https://khangvuongbooking.com/dat-mua-ve-may-bay-starlux-airlines-di-san-francisco/","0","93","0","14.21505376344086"
"https://khangvuongbooking.com/dat-mua-ve-may-bay-starlux-airlines-di-san-jose/","0","2","0","3"
"https://khangvuongbooking.com/dat-mua-ve-may-bay-starlux-airlines-di-washington/","0","82","0","30.20731707317073"
"https://khangvuongbooking.com/dat-mua-ve-may-bay-vietnam-airlines-di-chicago/","0","929","0","43.63401506996771"
"https://khangvuongbooking.com/dat-mua-ve-may-bay-vietnam-airlines-di-los-angeles/","0","43","0","44.25581395348837"
"https://khangvuongbooking.com/dat-mua-ve-may-bay-vietnam-airlines-di-my/","0","689","0","47.0522496371553"
"https://khangvuongbooking.com/dat-mua-ve-may-bay-vietnam-airlines-di-seattle/","0","361","0","32.73407202216066"
"https://khangvuongbooking.com/dat-mua-ve-new-york-my-ve-ho-chi-minh-ha-noi-gia-re/","0","103","0","12.145631067961165"
"https://khangvuongbooking.com/dat-mua-ve-san-francisco-my-ve-ho-chi-minh-ha-noi-gia-re/","0","244","0","12.245901639344263"
"https://khangvuongbooking.com/dat-mua-ve-san-jose-my-ve-ho-chi-minh-ha-noi-gia-re/","0","29","0","11.10344827586207"
"https://khangvuongbooking.com/dat-mua-ve-seattle-my-ve-ho-chi-minh-ha-noi-gia-re/","0","37","0","15.27027027027027"
"https://khangvuongbooking.com/dat-mua-ve-washington-dc-my-ve-ho-chi-minh-ha-noi-gia-re/","0","38","0","20.526315789473685"
"https://khangvuongbooking.com/dat-ve-cebu-som-gia-chi-tu-70-usd-uu-dai-nghi-duong-o-manila-khong-tom-kem/","0","5","0","8"
"https://khangvuongbooking.com/dat-ve-ho-chi-minh-di-an-do-thang-1-2-3/","0","64","0","29.21875"
"https://khangvuongbooking.com/dat-ve-ho-chi-minh-di-my-gia-re-thang-4-5-6/","0","306","0","6.7254901960784315"
"https://khangvuongbooking.com/dat-ve-ho-chi-minh-di-new-delhi/","0","46","0","11.782608695652174"
"https://khangvuongbooking.com/dat-ve-may-bay-di-duc-bamboo-airways-gia-tu-4-252-000d/","0","24","0","62.125"
"https://khangvuongbooking.com/dat-ve-may-bay-ha-noi-di-atlanta-my-thang-7/","0","273","0","38.0989010989011"
"https://khangvuongbooking.com/dat-ve-may-bay-ha-noi-di-atlanta-my-thang-8/","0","72","0","33.138888888888886"
"https://khangvuongbooking.com/dat-ve-may-bay-ha-noi-di-austin-my-thang-7/","0","244","0","33.459016393442624"
"https://khangvuongbooking.com/dat-ve-may-bay-ha-noi-di-austin-my-thang-8/","0","210","0","28.69047619047619"
"https://khangvuongbooking.com/dat-ve-may-bay-ha-noi-di-boston-my-thang-7/","0","211","0","43.40284360189573"
"https://khangvuongbooking.com/dat-ve-may-bay-ha-noi-di-chicago-my-thang-8/","0","230","0","18.839130434782607"
"https://khangvuongbooking.com/dat-ve-may-bay-ha-noi-di-dallas-texas-my-thang-7/","0","374","0","35.22727272727273"
"https://khangvuongbooking.com/dat-ve-may-bay-ha-noi-di-dallas-texas-my-thang-8/","0","161","0","25.850931677018632"
"https://khangvuongbooking.com/dat-ve-may-bay-ha-noi-di-denver-my-thang-7/","0","389","0","36.7840616966581"
"https://khangvuongbooking.com/dat-ve-may-bay-ha-noi-di-denver-my-thang-8/","0","55","0","27.727272727272727"
"https://khangvuongbooking.com/dat-ve-may-bay-ha-noi-di-honolulu-my-thang-7/","0","402","0","32.159203980099505"
"https://khangvuongbooking.com/dat-ve-may-bay-ha-noi-di-houston-my-thang-7/","0","351","0","36.1965811965812"
"https://khangvuongbooking.com/dat-ve-may-bay-ha-noi-di-los-angeles-my-thang-7/","0","289","0","27.629757785467127"
"https://khangvuongbooking.com/dat-ve-may-bay-ha-noi-di-miami-florida-my-thang-8/","0","122","0","19.991803278688526"
"https://khangvuongbooking.com/dat-ve-may-bay-ha-noi-di-ohio-my-thang-8/","0","139","0","13.66906474820144"
"https://khangvuongbooking.com/dat-ve-may-bay-ha-noi-di-orlando-florida-my-thang-7/","0","129","0","23.093023255813954"
"https://khangvuongbooking.com/dat-ve-may-bay-ha-noi-di-phoenix-arizona-my-thang-7/","0","236","0","31.139830508474578"
"https://khangvuongbooking.com/dat-ve-may-bay-ha-noi-di-phoenix-arizona-my-thang-8/","0","45","0","15.577777777777778"
"https://khangvuongbooking.com/dat-ve-may-bay-ha-noi-di-san-francisco-my-thang-7/","0","191","0","22.69633507853403"
"https://khangvuongbooking.com/dat-ve-may-bay-ha-noi-di-san-jose-my-thang-7/","0","161","0","22.11801242236025"
"https://khangvuongbooking.com/dat-ve-may-bay-ha-noi-di-san-jose-my-thang-8/","0","229","0","27.8646288209607"
"https://khangvuongbooking.com/dat-ve-may-bay-sai-gon-tp-hcm-di-atlanta-my-thang-8/","0","80","0","23.625"
"https://khangvuongbooking.com/dat-ve-may-bay-sai-gon-tp-hcm-di-austin-my-thang-7/","0","152","0","29.43421052631579"
"https://khangvuongbooking.com/dat-ve-may-bay-sai-gon-tp-hcm-di-chicago-my-thang-8/","0","128","0","17.9609375"
"https://khangvuongbooking.com/dat-ve-may-bay-sai-gon-tp-hcm-di-houston-my-thang-8/","0","289","0","33.055363321799305"
"https://khangvuongbooking.com/dat-ve-may-bay-sai-gon-tp-hcm-di-miami-florida-my-thang-7/","0","222","0","21.666666666666668"
"https://khangvuongbooking.com/dat-ve-may-bay-sai-gon-tp-hcm-di-miami-florida-my-thang-8/","0","169","0","20.37869822485207"
"https://khangvuongbooking.com/dat-ve-may-bay-sai-gon-tp-hcm-di-new-york-my-thang-7/","0","648","0","32.49074074074074"
"https://khangvuongbooking.com/dat-ve-may-bay-sai-gon-tp-hcm-di-new-york-my-thang-8/","0","698","0","24.964183381088827"
"https://khangvuongbooking.com/dat-ve-may-bay-sai-gon-tp-hcm-di-orlando-florida-my-thang-8/","0","59","0","23.372881355932204"
"https://khangvuongbooking.com/dat-ve-may-bay-sai-gon-tp-hcm-di-phoenix-arizona-my-thang-7/","0","287","0","27.99651567944251"
"https://khangvuongbooking.com/dat-ve-may-bay-sai-gon-tp-hcm-di-seattle-my-thang-8/","0","252","0","17.063492063492063"
"https://khangvuongbooking.com/dat-ve-ngay-bay-khap-gioi-voi-ve-qatar-airways-chi-tu-14900000d/","0","29","0","23.82758620689655"
"https://khangvuongbooking.com/dat-ve-qatar-airways-tuan-moi-voi-gia-khu-hoi-sieu-re-chi-tu-14700000d/","0","44","0","15.590909090909092"
"https://khangvuongbooking.com/de-dang-du-lich-philippines-voi-ve-cebu-chi-tu-59-usd-sieu-re/","0","8","0","7.125"
"https://khangvuongbooking.com/den-bangkok-thai-lan-cung-air-asia-voi-gia-ve-1-chieu-chi-tu-35-usd/","0","5","0","11.4"
"https://khangvuongbooking.com/den-manila-voi-ve-may-bay-chi-tu-59-usd-kham-pha-vuong-quoc-nghin-dao-cung-cebu-pacific/","0","2","0","11.5"
"https://khangvuongbooking.com/den-nga-xem-world-cup-dung-bo-qua-nhung-mon-nay/","0","16","0","7.75"
"https://khangvuongbooking.com/den-nhat-ban-nam-2018-tiet-kiem-hon-gia-khu-hoi-chi-tu-16-376-000-vnd-ve-all-nippon-airways/","0","6","0","6.333333333333333"
"https://khangvuongbooking.com/di-bangkok-gia-cuc-soc-chi-tu-36-usd-cung-sieu-khuyen-mai-cua-nok-air/","0","3","0","20"
"https://khangvuongbooking.com/di-choi-tet-cung-jetstar-khoi-lo-xa-ve-chi-tu-11k-sieu-re/","0","1","0","19"
"https://khangvuongbooking.com/di-du-lich-cung-singapore-airlines-khong-ton-kem-ve-khu-hoi-chi-tu-146-usd/","0","2","0","8.5"
"https://khangvuongbooking.com/di-uc-de-dang-voi-ve-singapore-airlines-khu-hoi-chi-tu-674-usd/","0","10","0","11.3"
"https://khangvuongbooking.com/dia-diem-hen-ho-ly-tuong-cho-cac-cap-doi-tai-sai-gon/","0","2","0","51.5"
"https://khangvuongbooking.com/dich-vu-chon-cho-ngoi-tren-chuyen-bay-cua-cac-hang-hang-khong/","0","423","0","54.40425531914894"
"https://khangvuongbooking.com/dich-vu-dat-ve-may-bay-cho-thu-cung-cho-meo-di-anchorage-alaska-my/","0","34","0","15.823529411764707"
"https://khangvuongbooking.com/dich-vu-dat-ve-may-bay-cho-thu-cung-cho-meo-di-boston-my/","0","58","0","53.93103448275862"
"https://khangvuongbooking.com/dich-vu-dat-ve-may-bay-cho-thu-cung-cho-meo-di-detroit-michigan-my/","0","9","0","17.11111111111111"
"https://khangvuongbooking.com/dich-vu-dat-ve-may-bay-cho-thu-cung-cho-meo-di-honolulu-my/","0","44","0","9.75"
"https://khangvuongbooking.com/dich-vu-dat-ve-may-bay-cho-thu-cung-cho-meo-di-miami-my/","0","73","0","8.027397260273972"
"https://khangvuongbooking.com/dich-vu-dat-ve-may-bay-cho-thu-cung-cho-meo-di-minneapolis-minnesota-my/","0","6","0","12.333333333333334"
"https://khangvuongbooking.com/dich-vu-dat-ve-may-bay-cho-thu-cung-cho-meo-di-newark-new-jersey-my/","0","14","0","42.285714285714285"
"https://khangvuongbooking.com/dich-vu-dat-ve-may-bay-cho-thu-cung-cho-meo-di-philadelphia-my/","0","37","0","17.35135135135135"
"https://khangvuongbooking.com/dich-vu-dat-ve-may-bay-cho-thu-cung-cho-meo-di-san-francisco-my/","0","35","0","6.057142857142857"
"https://khangvuongbooking.com/dich-vu-dat-ve-may-bay-cho-thu-cung-cho-meo-di-san-juan-puerto-rico-my/","0","15","0","13.2"
"https://khangvuongbooking.com/dich-vu-dat-ve-may-bay-cho-thu-cung-cho-meo-di-washington-dc-my/","0","20","0","13.25"
"https://khangvuongbooking.com/dich-vu-hang-khong/","0","1","0","10"
"https://khangvuongbooking.com/dich-vu-hang-khong/page/4/","0","1","0","83"
"https://khangvuongbooking.com/dich-vu-hang-khong/page/7/","0","1","0","42"
"https://khangvuongbooking.com/dich-vu-hang-khong/page/8/","0","5","0","20"
"https://khangvuongbooking.com/dich-vu-hang-khong/page/9/","0","6","0","29.5"
"https://khangvuongbooking.com/dich-vu-ho-tro-nguoi-khuyet-tat-khi-bay-cua-jetstar/","0","2","0","5.5"
"https://khangvuongbooking.com/doi-ngay-ve-may-bay-china-airlines-di-chicago-my/","0","32","0","6.40625"
"https://khangvuongbooking.com/doi-ngay-ve-may-bay-china-airlines-di-dallas-my/","0","41","0","13.512195121951219"
"https://khangvuongbooking.com/doi-ngay-ve-may-bay-china-airlines-di-detroit-my/","0","29","0","26.620689655172413"
"https://khangvuongbooking.com/doi-ngay-ve-may-bay-china-airlines-di-kentucky-my/","0","29","0","12.275862068965518"
"https://khangvuongbooking.com/doi-ngay-ve-may-bay-china-airlines-di-las-vegas-my/","0","42","0","21.761904761904763"
"https://khangvuongbooking.com/doi-ngay-ve-may-bay-china-airlines-di-miami-my/","0","93","0","26.258064516129032"
"https://khangvuongbooking.com/doi-ngay-ve-may-bay-china-airlines-di-orlando-my/","0","13","0","22.153846153846153"
"https://khangvuongbooking.com/doi-ngay-ve-may-bay-china-airlines-di-philadelphia-my/","0","10","0","29.3"
"https://khangvuongbooking.com/doi-ngay-ve-may-bay-china-airlines-di-portland-oregon-my/","0","16","0","9.1875"
"https://khangvuongbooking.com/doi-ve-may-bay-bamboo-airways/","0","1192","0","24.12248322147651"
"https://khangvuongbooking.com/doi-ve-may-bay-china-airlines-di-new-york/","0","69","0","12.130434782608695"
"https://khangvuongbooking.com/doi-ve-may-bay-china-airlines-di-seattle/","0","52","0","11.634615384615385"
"https://khangvuongbooking.com/doi-ve-may-bay-eva-air/)","0","1","0","1"
"https://khangvuongbooking.com/doi-ve-may-bay-iraero-airlines/","0","106","0","5.311320754716981"
"https://khangvuongbooking.com/doi-ve-may-bay-kenya-airlines/","0","152","0","18.467105263157894"
"https://khangvuongbooking.com/doi-ve-may-bay-royal-brunei-airlines/","0","230","0","21.743478260869566"
"https://khangvuongbooking.com/doi-ve-may-bay-s7-airlines/","0","88","0","5.363636363636363"
"https://khangvuongbooking.com/doi-ve-may-bay-thai-lion-air/","0","127","0","5.464566929133858"
"https://khangvuongbooking.com/don-he-ruc-ro-bamboo-airways-khuyen-mai-ve-may-bay-chi-36-000-vnd/","0","13","0","63"
"https://khangvuongbooking.com/don-tet-cung-vietnam-airlines-gia-chi-tu-666k/","0","4","0","9.75"
"https://khangvuongbooking.com/don-thu-ron-rang-cung-ve-eva-air-di-va-canada-bay-tha-ga-chi-tu-831-usd/","0","20","0","27.85"
"https://khangvuongbooking.com/dong-gia-6k-sieu-sale-thang-6-khuyen-mai-tu-bamboo-airways/","0","2","0","22"
"https://khangvuongbooking.com/du-hi-a-uc-cung-malaysia-airlines-ve-hap-dan-chi-tu-42-usd/","0","1","0","10"
"https://khangvuongbooking.com/du-khach-viet-duoc-luu-tru-toi-da-90-ngay-o-thai-lan-tu-thang-7/","0","4","0","6"
"https://khangvuongbooking.com/du-lich-cuoi-nam-cung-ve-qatar-sieu-re-chi-tu-3100000d-khu-hoi/","0","33","0","10.787878787878787"
"https://khangvuongbooking.com/du-lich-cuoi-tuan-sieu-tiet-kiem-voi-ve-jetstar-chi-tu-80-000d/","0","5","0","7.4"
"https://khangvuongbooking.com/du-lich-han-quoc-mua-hoa-anh-dao-chi-tu-489-usd-khu-hoi/","0","1","0","10"
"https://khangvuongbooking.com/du-lich-han-quoc-sieu-tiet-kiem-cung-ve-cathay-pacific-khu-hoi-chi-tu-204-usd/","0","1","0","11"
"https://khangvuongbooking.com/du-lich-lao-mua-nao-dep-nhat-lao-co-gi-dep/","0","489","0","15.128834355828221"
"https://khangvuongbooking.com/du-lich-malaysia-cuc-tiet-kiem-voi-ve-may-bay-chi-tu-31-usd-cung-air-asia/","0","35","0","31.485714285714284"
"https://khangvuongbooking.com/du-lich-philippines-tiet-kiem-nhat-voi-ve-cebu-den-manila-tu-70-usd/","0","1","0","7"
"https://khangvuongbooking.com/du-lich-philippines-voi-ve-cebu-pacific-sieu-re-chi-tu-59-usd/","0","2","0","45.5"
"https://khangvuongbooking.com/du-lich-thai-thoai-mai-cung-nok-air-nhan-uu-dai-giam-ngay-50-gia-hanh-trinh-bay-krabi/","0","1","0","7"
"https://khangvuongbooking.com/du-lich-thoa-thich-voi-ve-vna-khu-hoi-ha-noi-bangkok-chi-tu-899-000d/","0","2","0","11"
"https://khangvuongbooking.com/du-lich-troi-tay-cung-qatar-airways-gia-chi-tu-20-trieu-khu-hoi/","0","20","0","55.45"
"https://khangvuongbooking.com/du-xuan-sieu-tiet-kiem-voi-ve-jetstar-chi-tu-68-000d/","0","1","0","4"
"https://khangvuongbooking.com/dung-ngoi-khong-yen-ve-emirates-khu-hoi-den-au-my-trung-dong-chi-tu-12-300-000d/","0","2","0","11.5"
"https://khangvuongbooking.com/dung-ngoi-khong-yen-voi-ve-air-asia-di-indonesia-gia-sieu-re-chi-tu-68-usd/","0","2","0","11.5"
"https://khangvuongbooking.com/emirates-giam-sau-ve-thuong-gia-di-chau-au-chi-tu-43690000d-cuc-re/","0","33","0","30.636363636363637"
"https://khangvuongbooking.com/emirates-khuyen-mai-ve-khu-hoi-bay-khap-gioi-chi-tu-5-304-000d/","0","38","0","42.21052631578947"
"https://khangvuongbooking.com/emirates-uu-dai-khung-bay-khap-the-gioi-voi-ve-khu-hoi-chi-tu-12275000d/","0","7","0","9.428571428571429"
"https://khangvuongbooking.com/etihad-khuyen-mai-cuoi-tuan-ve-dac-biet-chi-tu-836-usd-cuc-re/","0","1","0","7"
"https://khangvuongbooking.com/etihad-uu-dai-sap-san-ve-khu-hoi-chi-tu-1049-usd-bay-khap-the-gioi/","0","13","0","9.923076923076923"
"https://khangvuongbooking.com/eva-air-bay-khap-gioi-voi-ve-chi-tu-168-usd-khoi-hanh-tu-tp-hcm/","0","8","0","16.375"
"https://khangvuongbooking.com/eva-air-mo-ban-ve-tu-tp-ho-chi-minh-den-vienna-nuoc-ao-gia-chi-tu-566-usd/","0","13","0","13.692307692307692"
"https://khangvuongbooking.com/eva-air-uu-dai-cuoi-tuan-di-dai-bac-hang-elite-class-gia-chi-tu-517-usd-khu-hoi/","0","13","0","24.846153846153847"
"https://khangvuongbooking.com/gia-khu-hoi-tu-564-usd-bay-au-my-trung-dong-cung-etihad-khong-ban-khoan/","0","3","0","5.666666666666667"
"https://khangvuongbooking.com/gia-ve-may-bay-ha-noi-di-atlanta-atl-my-thang-11-12/","0","151","0","32.58278145695364"
"https://khangvuongbooking.com/gia-ve-may-bay-ha-noi-di-boston-bos-my-thang-11-12/","0","149","0","31.38255033557047"
"https://khangvuongbooking.com/gia-ve-may-bay-ha-noi-di-boston-bos-my-thang-11/","0","16","0","33.9375"
"https://khangvuongbooking.com/gia-ve-may-bay-ha-noi-di-denver-den-my-thang-11-12/","0","249","0","26.53012048192771"
"https://khangvuongbooking.com/gia-ve-may-bay-ha-noi-di-houston-iah-my-thang-11-12/","0","151","0","30.543046357615893"
"https://khangvuongbooking.com/gia-ve-may-bay-ha-noi-di-san-francisco-sfo-my-thang-11-12/","0","227","0","28.378854625550662"
"https://khangvuongbooking.com/gia-ve-may-bay-sai-gon-tp-hcm-di-seattle-sea-my-thang-11-12/","0","277","0","24.28158844765343"
"https://khangvuongbooking.com/giam-10-gia-ve-may-bay-bamboo-airways-di-dong-bac-a/","0","2","0","7.5"
"https://khangvuongbooking.com/giam-15-moi-thu-3-bay-quoc-te-cung-vietnam-airlines/","0","165","0","10.636363636363637"
"https://khangvuongbooking.com/giam-20-gia-ve-noi-dia-khuyen-mai-tu-vietnam-airlines/","0","10","0","39.5"
"https://khangvuongbooking.com/giam-30-cung-vietnam-airlines-kham-pha-di-san-the-gioi/","0","2","0","29"
"https://khangvuongbooking.com/giam-35-gia-ve-khuyen-mai-dau-thang-gia-tot-tu-vietnam-airlines/","0","20","0","15"
"https://khangvuongbooking.com/giam-gia-1-198-000-vnd-ve-may-bay-di-anh-bamboo-airways/","0","8","0","5.5"
"https://khangvuongbooking.com/giam-gia-cuc-sau-ve-emirates-di-chau-au-chi-tu-14229000d-khu-hoi/","0","2","0","9"
"https://khangvuongbooking.com/goi-y-nhung-dia-diem-mua-sam-ly-tuong-khi-di-du-lich-duc/","0","78","0","9"
"https://khangvuongbooking.com/hai-long-khi-bay-cung-qatar-du-ngoan-the-gioi-ve-khu-hoi-tu-16100000-vnd/","0","41","0","15.073170731707316"
"https://khangvuongbooking.com/han-che-giay-lam-thu-tuc-di-may-bay-tu-nam-2018/","0","32","0","52.53125"
"https://khangvuongbooking.com/han-quoc-chuan-bi-cap-visa-dien-tu-cho-du-khach-viet-nam/","0","10","0","7.2"
"https://khangvuongbooking.com/hang-hang-khong-air-asia-giam-20-gia-ve-may-bay-di-malaysia/","0","2","0","6"
"https://khangvuongbooking.com/hang-thuong-gia-vietjet-uu-dai-20-ngay-20-hang-thang/","0","38","0","11.763157894736842"
"https://khangvuongbooking.com/hang-trieu-ve-0-dong-vietjet-khuyen-mai-khung-thang-9/","0","1","0","10"
"https://khangvuongbooking.com/hanh-trinh-du-lich-voi-ve-cebu-chi-tu-59-usd-den-philippines/","0","1","0","48"
"https://khangvuongbooking.com/hao-huc-co-vu-u23-viet-nam-voi-4-mon-an-ngon-tai-thuong-chau/","0","56","0","24.035714285714285"
"https://khangvuongbooking.com/hap-dan-ve-air-asia-bay-ngay-cuoi-nam-gia-chi-tu-3-usd/","0","24","0","68.04166666666667"
"https://khangvuongbooking.com/hen-ho-cuoi-tuan-voi-uu-dai-jetstar-sieu-giam-gia-chi-tu-88-000d/","0","4","0","28"
"https://khangvuongbooking.com/ho-sayram-vien-ngoc-sapphire-lap-lanh-mien-bien-cuong/","0","25","0","15.88"
"https://khangvuongbooking.com/hoan-doi-ve-may-bay-jetstar-lam-nhu-the-nao/","0","81","0","55.96296296296296"
"https://khangvuongbooking.com/hot-ve-jetstar-chi-tu-11-000d-di-choi-khap-chau-a-ngay-dau-xuan/","0","15","0","8.733333333333334"
"https://khangvuongbooking.com/https-aivivu-com-du-lich-tha-ga-cung-vietjet-air-voi-1-800-000-ve-0-dong/","0","2","0","30"
"https://khangvuongbooking.com/https-khangvuongbooking-com-p23914previewtrue/","0","575","0","10.005217391304347"
"https://khangvuongbooking.com/huong-dan-chi-tiet-cach-xin-visa-du-lich-hong-kong-moi-nhat/","0","85","0","41.258823529411764"
"https://khangvuongbooking.com/huong-dan-khai-bao-thong-tin-truoc-khi-nhap-canh-vao-han-quoc-voi-qr-code/","0","38","0","25.31578947368421"
"https://khangvuongbooking.com/huong-dan-mua-them-hanh-ly-cac-hang-hang-kong/","0","1","0","2"
"https://khangvuongbooking.com/huong-dan-san-ve-ha-noi-han-di-an-do-thang-4-5-6/","0","110","0","9.190909090909091"
"https://khangvuongbooking.com/huong-dan-san-ve-ha-noi-han-di-my-thang-4-5-6/","0","53","0","8.075471698113208"
"https://khangvuongbooking.com/huong-dan-san-ve-ho-chi-minh-di-mumbai/","0","83","0","19.927710843373493"
"https://khangvuongbooking.com/jetstar-chao-thang-8-voi-gia-ve-mot-chieu-chi-tu-140-000d/","0","9","0","11.88888888888889"
"https://khangvuongbooking.com/jetstar-chinh-thuc-mo-ban-ve-may-bay-tet-dinh-dau-2017-sieu-re/","0","2","0","10"
"https://khangvuongbooking.com/jetstar-goi-ban-di-du-lich-ve-1-chieu-chi-tu-88k-uu-dai/","0","14","0","9.214285714285714"
"https://khangvuongbooking.com/jetstar-mo-ban-ve-chi-tu-38-000d-chao-mung-duong-bay-ha-noi-buon-ma-thuot/","0","13","0","6.230769230769231"
"https://khangvuongbooking.com/jetstar-pacific-khuyen-mai-dac-biet-ve-cuoi-tuan-chi-tu-79-000d/","0","41","0","7.097560975609756"
"https://khangvuongbooking.com/jetstar-pacific-sieu-giam-gia-ve-may-bay-chi-con-90-000-vnd/","0","1","0","10"
"https://khangvuongbooking.com/jetstar-sieu-khuyen-mai-ve-chi-tu-68-000d-khai-truong-4-duong-bay-moi/","0","6","0","8.166666666666668"
"https://khangvuongbooking.com/jetstar-trao-yeu-thuong-voi-20-000-ve-giam-gia-con-10-mung-ngay-2010/","0","8","0","9"
"https://khangvuongbooking.com/jetstar-tri-ve-cuoi-tuan-chi-tu-89-000d-sieu-khuyen-mai/","0","4","0","41.5"
"https://khangvuongbooking.com/jetstar-uu-dai-bay-ngay-thang-9-ve-chi-tu-11-000d/","0","1","0","10"
"https://khangvuongbooking.com/jetstar-uu-dai-khung-3-ngay-vang-hang-ngan-ve-re-chi-tu-88-000d/","0","12","0","47"
"https://khangvuongbooking.com/ket-noi-ho-chi-minh-van-don-voi-22-trieu-ve-may-bay-0-dong-tu-vietjet-air/","0","44","0","58.65909090909091"
"https://khangvuongbooking.com/ket-noi-yeu-thuong-cung-3-000-000-ve-may-bay-0-dong/","0","54","0","71.61111111111111"
"https://khangvuongbooking.com/khai-thac-chuyen-bay-nha-trang-da-nang-cua-vietnam-airlines/","0","46","0","48.04347826086956"
"https://khangvuongbooking.com/khai-truong-duong-bay-moi-di-osaka-ve-jetstar-uu-dai-chi-tu-1280000d/","0","1","0","8"
"https://khangvuongbooking.com/kham-pha-bangkok-cung-ve-nok-air-mot-chieu-sieu-re-chi-tu-36-usd/","0","2","0","9.5"
"https://khangvuongbooking.com/kham-pha-hai-phong-thanh-pho-hoa-phuong/","0","4","0","68"
"https://khangvuongbooking.com/kham-pha-net-doc-dao-cua-thai-lan-qua-goc-nhin-tu-tren-cao/","0","12","0","5.666666666666667"
"https://khangvuongbooking.com/khang-vuong-booking-thong-bao-lich-nghi-tet-nguyen-dan-2021/","0","2","0","2"
"https://khangvuongbooking.com/khang-vuong-booking-thong-bao-lich-nghi-tet-nham-dan-2022/","0","1","0","9"
"https://khangvuongbooking.com/khoi-dau-tuan-moi-voi-ve-air-asia-chi-tu-9-usd-sieu-tiet-kiem/","0","16","0","48.3125"
"https://khangvuongbooking.com/khuyen-mai-12-ve-0-dong-cung-vietjet-air-don-he-soi-dong/","0","3","0","42.333333333333336"
"https://khangvuongbooking.com/khuyen-mai-45-trieu-ve-may-bay-mua-le-hoi-tu-vietjet-air/","0","2","0","6.5"
"https://khangvuongbooking.com/khuyen-mai-bamboo-airways-mung-sinh-nhat-flc-chi-tu-20-000-vnd/","0","4","0","6.25"
"https://khangvuongbooking.com/khuyen-mai-cebu-pacific-chi-tu-75-usd-tan-huong-thien-duong-boracay/","0","16","0","68.3125"
"https://khangvuongbooking.com/khuyen-mai-chi-36-000-vnd-thu-4-bay-vo-tu-bamboo-airways/","0","6","0","29.833333333333332"
"https://khangvuongbooking.com/khuyen-mai-cuc-da-du-lich-tha-ga-voi-3-trieu-ve-air-asia-0-dong/","0","8","0","8.375"
"https://khangvuongbooking.com/khuyen-mai-don-thu-quyen-ru-vietnam-airlines-gia-ve-chi-tu-69-000-vnd/","0","1","0","9"
"https://khangvuongbooking.com/khuyen-mai-giam-20-gia-ve-noi-dia-tu-vietnam-airlines/","0","2","0","11.5"
"https://khangvuongbooking.com/khuyen-mai-giam-20-ve-may-bay-noi-dia-vietnam-airlines/","0","4","0","34.5"
"https://khangvuongbooking.com/khuyen-mai-hang-loat-ve-vietnam-airlines-khu-hoi-di-chau-au/","0","3","0","6"
"https://khangvuongbooking.com/khuyen-mai-hap-dan-bay-tu-ha-noi-di-bangkok-gia-chi-tu-4430-usd-cung-thai-lion-air/","0","2","0","27.5"
"https://khangvuongbooking.com/khuyen-mai-lon-tu-bamboo-airways-combo-mua-thu-vi-vu-khap-chon/","0","9","0","54.111111111111114"
"https://khangvuongbooking.com/khuyen-mai-lon-tu-vietjet-chi-6-500-vnd-trai-nghiem-thai-lan/","0","12","0","12.416666666666666"
"https://khangvuongbooking.com/khuyen-mai-mid-night-sale-vietnam-airlines-giam-den-20-gia-ve/","0","2","0","9.5"
"https://khangvuongbooking.com/khuyen-mai-mid-night-sales-vietnam-airlines-giam-20-gia-ve/","0","7","0","20"
"https://khangvuongbooking.com/khuyen-mai-midnight-sales-vietnam-airlines-giam-20-gia-ve/","0","9","0","10.777777777777779"
"https://khangvuongbooking.com/khuyen-mai-mua-thu-ve-emirates-uu-dai-chi-tu-12290000d-khu-hoi-khap-gioi/","0","4","0","9.25"
"https://khangvuongbooking.com/khuyen-mai-mung-tuoi-moi-bamboo-airways-tung-trieu-ve-may-bay/","0","2","0","16"
"https://khangvuongbooking.com/khuyen-mai-ngan-uu-dai-chao-thang-7-tu-bamboo-airways/","0","43","0","68.48837209302326"
"https://khangvuongbooking.com/khuyen-mai-ngay-10-10-vietnam-airlines-giam-10-gia-ve/","0","3","0","159"
"https://khangvuongbooking.com/khuyen-mai-ngay-nhuan-sale-thuan-dong-gia-4-nam-co-1-vietnam-airlines/","0","3","0","17.333333333333332"
"https://khangvuongbooking.com/khuyen-mai-night-sales-vietnam-airlines-giam-50-gia-ve-noi-dia/","0","1","0","2"
"https://khangvuongbooking.com/khuyen-mai-sieu-hot-bay-quoc-te-vietjet-air-mo-ban-200-000-ve-0-dong/","0","30","0","27.3"
"https://khangvuongbooking.com/khuyen-mai-sieu-re-ve-air-asia-bay-khap-dong-nam-gia-chi-tu-35-usd/","0","2","0","22"
"https://khangvuongbooking.com/khuyen-mai-tet-ruoc-loc-xuan-cung-bamboo-airways-chi-tu-36-000-vnd/","0","2","0","65.5"
"https://khangvuongbooking.com/khuyen-mai-ve-0-dong-jetstar-chieu-ve-cuc-soc/","0","1","0","7"
"https://khangvuongbooking.com/khuyen-mai-ve-may-bay-bamboo-airways-mua-1-tang-1/","0","39","0","37.53846153846154"
"https://khangvuongbooking.com/khuyen-mai-ve-may-bay-singapore-gia-re-tu-175-sgd/","0","11","0","30.727272727272727"
"https://khangvuongbooking.com/khuyen-mai-vietjet-air-chi-tu-1-600-dong-nhan-ngay-1-6/","0","14","0","26.642857142857142"
"https://khangvuongbooking.com/khuyen-mai-vietnam-airlines-dong-gia-26-000-vnd-muon-van-tien-ich/","0","2","0","4.5"
"https://khangvuongbooking.com/khuyen-mai-vietnam-airlines-du-lich-tha-ga-don-mung-nam-moi/","0","1","0","66"
"https://khangvuongbooking.com/khuyen-mai-vietnam-airlines-giam-den-20-di-cang-dong-giam-cang-nhieu/","0","4","0","9.5"
"https://khangvuongbooking.com/khuyen-mai/page/10/?filter_by=popular","0","1","0","9"
"https://khangvuongbooking.com/khuyen-mai/page/102/","0","1","0","11"
"https://khangvuongbooking.com/khuyen-mai/page/110/","0","23","0","54.65217391304348"
"https://khangvuongbooking.com/khuyen-mai/page/112/","0","52","0","60.07692307692308"
"https://khangvuongbooking.com/khuyen-mai/page/127/","0","20","0","20.5"
"https://khangvuongbooking.com/khuyen-mai/page/131/","0","10","0","7"
"https://khangvuongbooking.com/ki-niem-20-nam-qatar-chieu-dai-dai-tiec-ve-khu-hoi-chi-tu-40-900-000-vnd-hap-dan/","0","61","0","8.508196721311474"
"https://khangvuongbooking.com/kinh-nghiem-cho-nguoi-moi-di-may-bay-lan-dau/","0","42","0","76.5"
"https://khangvuongbooking.com/kinh-nghiem-du-lich-nuoc-ngoai-khong-can-gioi-tieng-anh/","0","12","0","40.583333333333336"
"https://khangvuongbooking.com/kinh-nghiem-mua-ve-ha-noi-di-an-do-thang-10-11-12/","0","74","0","13.783783783783784"
"https://khangvuongbooking.com/korean-air-uu-dai-ve-khu-hoi-sieu-re-chi-tu-438-usd-bay-khap-gioi/","0","1","0","7"
"https://khangvuongbooking.com/ky-nghi-dong-nam-voi-ve-air-asia-gia-chi-tu-7-usd/","0","1","0","9"
"https://khangvuongbooking.com/ky-niem-25-nam-vietnam-airlines-khuyen-mai-giam-25-gia-ve/","0","8","0","18.375"
"https://khangvuongbooking.com/lam-nao-de-ngu-ngon-tren-may-bay/","0","1","0","5"
"https://khangvuongbooking.com/lam-sao-de-co-chuyen-du-lich-xuat-ngoai-tu-tuc-an-toan/","0","7","0","7"
"https://khangvuongbooking.com/lam-the-nao-de-hoan-doi-ve-may-bay-jetstar-nhanh/","0","86","0","9.046511627906977"
"https://khangvuongbooking.com/lao-airlines-tang-cac-chuyen-bay-giua-luang-prabang-va-ha-noi/","0","490","0","54.124489795918365"
"https://khangvuongbooking.com/le-tinh-nhan-vietnam-airlines-khuyen-mai-giam-10-gia-ve/","0","5","0","121.8"
"https://khangvuongbooking.com/len-lich-kham-pha-philippines-dau-nam-voi-ve-cebu-uu-dai-chi-tu-60-usd/","0","1","0","15"
"https://khangvuongbooking.com/lich-bay-chuyen-gia-tu-nuoc-ngoai-ve-viet-nam-thang-4-2021/","0","3","0","6.333333333333333"
"https://khangvuongbooking.com/luu-y-khi-di-may-bay-mua-cao-diem-tet-2019/","0","1","0","8"
"https://khangvuongbooking.com/luu-y-ve-suc-khoe-khi-di-may-bay-ma-ban-can-chu-y/","0","3","0","9"
"https://khangvuongbooking.com/malaysia-airlines-uu-dai-dac-biet-ve-mot-chieu-sieu-re-chi-tu-938-000d/","0","1","0","10"
"https://khangvuongbooking.com/malaysia-airlines-uu-dai-nam-moi-diem-den-moi-voi-ve-chi-tu-797-000d/","0","4","0","8.25"
"https://khangvuongbooking.com/malindo-air-mo-ban-lai-duong-bay-kuala-lumpur-di-da-nang/","0","7","0","37.857142857142854"
"https://khangvuongbooking.com/malindo-air-uu-dai-khung-san-ve-thuong-gia-bay-tha-ga-chi-tu-74-usd/","0","2","0","11"
"https://khangvuongbooking.com/mat-chung-minh-nhan-dan-co-mua-duoc-ve-may-bay-hay-khong/","0","52","0","24.673076923076923"
"https://khangvuongbooking.com/mau-xac-nhan-nhan-than-khi-di-may-bay-co-tac-dung-gi/","0","28","0","55.92857142857143"
"https://khangvuongbooking.com/meo-giup-ban-tranh-duoc-viec-lac-hanh-ly-khi-di-may-bay/","0","10","0","8.1"
"https://khangvuongbooking.com/mien-phi-30kg-hanh-ly-ky-gui-khi-dat-ve-may-bay-di-nhat-vietjet-air/","0","59","0","10.440677966101696"
"https://khangvuongbooking.com/mo-ban-3-ngay-vang-vietjet-air-uu-dai-700-000-ve-0-dong-toan-mang-bay/","0","1","0","4"
"https://khangvuongbooking.com/mo-ban-300-000-ve-vietjet-air-chi-tu-0-dong-uu-dai-vui-bat-tan/","0","2","0","10"
"https://khangvuongbooking.com/mo-ban-ve-may-bay-di-dai-bac-tokyo-tu-bamboo-airways/","0","1","0","12"
"https://khangvuongbooking.com/mo-ban-ve-vietjet-air-0-dong-chao-mung-khai-truong-chang-ha-noi-singapore/","0","3","0","25.333333333333332"
"https://khangvuongbooking.com/mo-duong-bay-moi-ve-vietjet-air-chi-tu-500-000d-chang-ha-noi-singapore/","0","1","0","29"
"https://khangvuongbooking.com/mua-he-ruc-ro-voi-air-asia-chi-tu-40-usd/","0","1","0","23"
"https://khangvuongbooking.com/mua-soi-dong-voi-ve-cebu-uu-dai-chi-tu-69-usd-di-philippines/","0","1","0","8"
"https://khangvuongbooking.com/mua-som-gia-tot-cung-vietnam-airlines/","0","54","0","36.22222222222222"
"https://khangvuongbooking.com/mua-som-gia-tot-ve-di-my-chi-tu-795-usd-khu-hoi-cua-korean-air/","0","1","0","10"
"https://khangvuongbooking.com/mua-them-hanh-ly-cac-hang-hang-khong/","0","1","0","3"
"https://khangvuongbooking.com/mua-them-hanh-ly-china-airlines-di-chicago-my/","0","48","0","10.6875"
"https://khangvuongbooking.com/mua-them-hanh-ly-china-airlines-di-dallas-my/","0","33","0","5.363636363636363"
"https://khangvuongbooking.com/mua-them-hanh-ly-china-airlines-di-houston-my/","0","18","0","7.111111111111111"
"https://khangvuongbooking.com/mua-them-hanh-ly-china-airlines-di-los-angeles/","0","83","0","18.16867469879518"
"https://khangvuongbooking.com/mua-them-hanh-ly-china-airlines-di-orlando-my/","0","7","0","10.857142857142858"
"https://khangvuongbooking.com/mua-them-hanh-ly-china-airlines-di-san-francisco/","0","24","0","6.541666666666667"
"https://khangvuongbooking.com/mua-them-hanh-ly-china-airlines-di-san-jose-my/","0","62","0","4.967741935483871"
"https://khangvuongbooking.com/mua-them-hanh-ly-china-airlines-di-washington-my/","0","209","0","3.851674641148325"
"https://khangvuongbooking.com/mua-them-hanh-ly-china-eastern-airlines.html","0","1","0","2"
"https://khangvuongbooking.com/mua-them-hanh-ly-hongkong-airlines/)","0","1","0","2"
"https://khangvuongbooking.com/mua-them-hanh-ly-jet-airways/","0","25","0","42.56"
"https://khangvuongbooking.com/mua-them-hanh-ly-ky-gui-air-china/","0","1","0","2"
"https://khangvuongbooking.com/mua-ve-khu-hoi-ha-noi-han-di-an-do-thang-7-8-9/","0","86","0","16.558139534883722"
"https://khangvuongbooking.com/mua-ve-khu-hoi-ha-noi-han-di-mumbai/","0","21","0","11.476190476190476"
"https://khangvuongbooking.com/mua-ve-may-bay-vietnam-airlines-khong-hanh-ly-chi-tu-99-000-vnd/","0","1","0","10"
"https://khangvuongbooking.com/nem-thu-mon-an-chay-tai-4-nha-hang-thanh-tinh-giua-long-ha-noi/","0","11","0","44.45454545454545"
"https://khangvuongbooking.com/ngay-doi-7-7-vietjet-air-sale-77-gia-ve-may-bay/","0","21","0","13.80952380952381"
"https://khangvuongbooking.com/ngay-trung-thang-7-vietnam-airlines-khuyen-mai-ve-may-bay-chi-77k/","0","10","0","8.5"
"https://khangvuongbooking.com/nhan-ngay-thanh-lap-quan-doi-viet-nam-vietnam-airlines-giam-10-gia-ve/","0","1","0","4"
"https://khangvuongbooking.com/nhung-dia-diem-hap-dan-khach-du-lich-khi-dat-chan-den-nuoc/","0","4","0","73.75"
"https://khangvuongbooking.com/nhung-dieu-can-biet-khi-xin-visa-du-lich-my/","0","388","0","70.53092783505154"
"https://khangvuongbooking.com/nhung-giay-to-va-luu-y-can-thiet-gianh-cho-nguoi-lon-tuoi-khi-di-may-bay/","0","17","0","50.411764705882355"
"https://khangvuongbooking.com/nhung-luu-y-khi-bay-vietjet-vao-mua-cao-diem-tet/","0","7","0","103.71428571428571"
"https://khangvuongbooking.com/nhung-mon-ngon-o-nha-trang-khong-bo-lo/","0","5","0","33.4"
"https://khangvuongbooking.com/nhung-nuoc-nguoi-viet-duoc-tu-do-du-lich-khong-can-visa/","0","11","0","54.72727272727273"
"https://khangvuongbooking.com/nhung-tac-pham-nghe-thuat-tu-thuc-cuc-ky-thu-vi-va-dep-mat/","0","59","0","57.6271186440678"
"https://khangvuongbooking.com/phan-khich-voi-ve-tu-880-000d-mung-duong-bay-moi-nha-trang-seoul-cung-vietjet/","0","2","0","6"
"https://khangvuongbooking.com/qatar-airways-uu-dai-bay-khap-the-gioi-voi-ve-chi-tu-5-300-000d/","0","53","0","35.867924528301884"
"https://khangvuongbooking.com/qatar-airways-uu-dai-giam-den-30-ve-khu-hoi-bay-khap-gioi/","0","5","0","8.6"
"https://khangvuongbooking.com/qatar-airways-uu-dai-ve-khu-hoi-bay-ngay-chi-tu-17-trieu-dong/","0","4","0","15"
"https://khangvuongbooking.com/qatar-mo-ban-ve-khu-hoi-di-chau-au-chi-tu-15-500-000-vnd-uu-dai/","0","32","0","10.40625"
"https://khangvuongbooking.com/quay-tung-bung-voi-ve-air-asia-sieu-khuyen-mai-chi-tu-6-usd/","0","8","0","13.375"
"https://khangvuongbooking.com/quy-dinh-ba-bau-di-may-bay-vietnam-airlines/","0","63","0","24.49206349206349"
"https://khangvuongbooking.com/quy-dinh-hanh-khach-han-che-kha-nang-di-chuyen-di-may-bay-vietnam-airlines/","0","31","0","8.032258064516128"
"https://khangvuongbooking.com/quy-dinh-hanh-ly-mien-cuoc-va-hanh-ly-tinh-cuoc-vietnam-airlines/","0","110","0","10.336363636363636"
"https://khangvuongbooking.com/quy-dinh-hoan-doi-ve-may-bay-vietjet-air-ban-nen-biet/","0","669","0","56.823617339312406"
"https://khangvuongbooking.com/quy-dinh-moi-nhat-ve-giay-to-tuy-than-khi-di-may-bay/","0","92","0","34.858695652173914"
"https://khangvuongbooking.com/quy-dinh-moi-nhat-ve-hoan-doi-ve-may-bay-vietnam-airrlines/","0","10","0","11.8"
"https://khangvuongbooking.com/quy-dinh-tre-em-di-may-bay-vietjet-air-ban-can-biet/","0","322","0","37.63354037267081"
"https://khangvuongbooking.com/quy-dinh-va-hinh-thuc-thanh-toan/","0","1","0","3"
"https://khangvuongbooking.com/rinh-ve-0-dong-bay-ha-noi-cao-hung-me-say-kham-pha-xu-dai-cung-vietjet-air/","0","10","0","26.3"
"https://khangvuongbooking.com/ron-rang-bay-chau-a-cung-ve-malindo-air-chi-tu-60-usd-da-thue-phi/","0","1","0","4"
"https://khangvuongbooking.com/ron-rang-du-xuan-2018-ve-khu-hoi-vietnam-airlines-chi-tu-399-000-vnd-tiet-kiem/","0","9","0","56.55555555555556"
"https://khangvuongbooking.com/san-1-trieu-ve-vietjet-air-chi-tu-0-dong-bay-tha-ga-khap-nuoc-ta/","0","2","0","8"
"https://khangvuongbooking.com/san-bay-quoc-te-da-nang-dad/","0","863","0","18.662804171494784"
"https://khangvuongbooking.com/san-bay-quoc-te-tan-son-nhat-thanh-pho-ho-chi-minh-sgn/","0","1661","0","40.85791691751957"
"https://khangvuongbooking.com/san-khuyen-mai-ve-may-bay-tet-sieu-tiet-kiem-tu-vietjet-air/","0","8","0","67"
"https://khangvuongbooking.com/san-uu-dai-0d-ve-may-bay-di-uc-vietjet-air/","0","63","0","44.698412698412696"
"https://khangvuongbooking.com/san-ve-bay-0-dong-vietjet-khung-gio-vang-dip-20-10/","0","6","0","9.5"
"https://khangvuongbooking.com/san-ve-may-bay-0d-vietjet-air-gia-re-moi-ngay/","0","16","0","24.6875"
"https://khangvuongbooking.com/san-ve-may-bay-deluxe-gia-re-chi-tu-249-000-vnd-cung-vietjet-air/","0","31","0","22.387096774193548"
"https://khangvuongbooking.com/san-ve-may-bay-gia-re-bamboo-airways-chi-tu-19k-dip-tet-2023/","0","6","0","49.666666666666664"
"https://khangvuongbooking.com/san-ve-may-bay-tet-2023-vietnam-airlines-tu-666k/","0","136","0","61.14705882352941"
"https://khangvuongbooking.com/san-ve-may-di-anh-kham-pha-nhung-le-hoi-noi-tieng/","0","20","0","57.55"
"https://khangvuongbooking.com/san-ve-may-khuyen-mai-vietnam-airlines-thu-5-ruc-ro/","0","5","0","9"
"https://khangvuongbooking.com/san-ve-re-du-lich-suon-se-cung-singapore-airlines-uu-dai-chi-tu-139-usd-khu-hoi/","0","4","0","41"
"https://khangvuongbooking.com/san-ve-re-thang-10-chi-tu-39-usd-cung-air-asia-du-lich-chau-a-da-doi/","0","1","0","6"
"https://khangvuongbooking.com/sau-ngay-01-04-cac-hang-hang-khong-dong-loat-tang-gia-ve/","0","1","0","10"
"https://khangvuongbooking.com/scoot-mo-ban-ve-1-chieu-di-berlin-duc-chi-tu-299-usd-uu-dai/","0","12","0","26.25"
"https://khangvuongbooking.com/sieu-khuyen-mai-300-000-ve-vietjet-0-dong-bay-khap-dong-nam/","0","2","0","50.5"
"https://khangvuongbooking.com/sieu-khuyen-mai-cuoi-tuan-jetstar-giam-gia-bat-ngo-chi-tu-11k/","0","45","0","62.6"
"https://khangvuongbooking.com/sieu-khuyen-mai-sieu-giam-gia-bay-khap-chau-a-cung-jetstar-voi-ve-may-bay-chi-tu-88-000d/","0","1","0","10"
"https://khangvuongbooking.com/sieu-khuyen-mai-tu-vietnam-airlines-don-thu-quyen-ru/","0","11","0","23.09090909090909"
"https://khangvuongbooking.com/sieu-khuyen-mai-ve-cebu-pacific-chi-tu-2-026-000d/","0","7","0","23.285714285714285"
"https://khangvuongbooking.com/sieu-khuyen-mai-ve-vietjet-air-chi-tu-205000d-don-duong-bay-moi-ha-noi-yangon/","0","1","0","11"
"https://khangvuongbooking.com/sieu-khuyen-mai-vietnam-airlines-giam-75-gia-ve/","0","62","0","65.90322580645162"
"https://khangvuongbooking.com/sieu-re-ve-air-asia-giam-den-50-mung-quoc-khanh-29/","0","13","0","20.692307692307693"
"https://khangvuongbooking.com/sieu-re-ve-singapore-airlines-tu-151-usd-vong-quanh-the-gioi-mot-luot/","0","4","0","8"
"https://khangvuongbooking.com/sieu-uu-dai-kham-pha-viet-nam-khi-bay-tu-perth/","0","9","0","58.888888888888886"
"https://khangvuongbooking.com/sieu-uu-dai-thu-6-bay-khap-the-gioi-voi-gia-cuc-soc-cung-vietjet/","0","6","0","18.833333333333332"
"https://khangvuongbooking.com/singapore-airlines-km-dac-biet-ve-khu-hoi-di-singapore-chau-au-chi-tu-146-usd/","0","8","0","12.5"
"https://khangvuongbooking.com/sinh-nhat-website-bamboo-airways-khuyen-mai-ngan-uu-dai/","0","2","0","45.5"
"https://khangvuongbooking.com/starlux-airlines-khuyen-mai-10-ve-may-bay-di-dai-bac/","0","41","0","32.26829268292683"
"https://khangvuongbooking.com/sung-so-ve-malindo-air-uu-dai-bat-ngo-gia-cuc-soc-chi-tu-49-usd/","0","1","0","2"
"https://khangvuongbooking.com/tag/5-ngay-vang-dau-thang-san-ve-may-bay-vietnam-airlines-gia-re-chi-tu-99-usd/","0","1","0","4"
"https://khangvuongbooking.com/tag/5-ngay-vang-thang-11/","0","1","0","7"
"https://khangvuongbooking.com/tag/5-ngoi-chua-tai-sai-gon-cau-gi-duoc-nay-ban-nen-den-dip-dau-xuan/","0","1","0","8"
"https://khangvuongbooking.com/tag/air-asia-km-ve-di-malaysia-gia-re/","0","12","0","8.666666666666668"
"https://khangvuongbooking.com/tag/air-asia-km-ve-di-thai-lan-tu-36-usd/","0","1","0","9"
"https://khangvuongbooking.com/tag/air-asia-km-ve-may-bay-di-bangkok-gia-re/","0","1","0","9"
"https://khangvuongbooking.com/tag/air-asia-mo-duong-bay-thang-ha-noi-penang/","0","1","0","6"
"https://khangvuongbooking.com/tag/air-asia/","0","5365","0","6.454240447343896"
"https://khangvuongbooking.com/tag/all-nippon-airways/","0","1","0","1"
"https://khangvuongbooking.com/tag/am-thuc-hue/","0","1","0","30"
"https://khangvuongbooking.com/tag/asiana-airlines-km-ve-di-my-gia-re/","0","5","0","10.6"
"https://khangvuongbooking.com/tag/asiana-airlines-km-ve-khu-hoi-chi-tu-2-692-usd/","0","6","0","63.5"
"https://khangvuongbooking.com/tag/bay-dai-loan-chi-tu-0-dong/","0","2","0","6"
"https://khangvuongbooking.com/tag/bong-sen-vang/","0","3","0","7.333333333333333"
"https://khangvuongbooking.com/tag/book-ve-may-bay-di-dai-loan/","0","1","0","3"
"https://khangvuongbooking.com/tag/book-ve-may-bay-di-han-quoc/","0","1","0","50"
"https://khangvuongbooking.com/tag/book-ve-may-bay-di-hong-kong-khu-hoi/","0","1","0","8"
"https://khangvuongbooking.com/tag/book-ve-may-bay-di-malaysia/","0","9","0","10.88888888888889"
"https://khangvuongbooking.com/tag/bung-no-23-000-ve-may-bay-co-vu-u23-viet-nam-gia-chi-tu-23-000d-cung-vietjet-air/","0","2","0","6"
"https://khangvuongbooking.com/tag/cac-loai-mi-noi-tieng-o-nhat/","0","1","0","9"
"https://khangvuongbooking.com/tag/cach-tranh-met-moi-khi-di-may-baym/","0","1","0","7"
"https://khangvuongbooking.com/tag/cam-nang-hanh-ly-cam-van-chuyen-tren-chuyen-bay-vietjet-air/","0","2","0","5"
"https://khangvuongbooking.com/tag/cathay-pacific/","0","3","0","22.666666666666668"
"https://khangvuongbooking.com/tag/cebu-km-ve-di-manila-tu-65-usd/","0","7","0","9"
"https://khangvuongbooking.com/tag/cebu-pacific-km-ve-di-manila-tu-70-usd/","0","1","0","12"
"https://khangvuongbooking.com/tag/cebu-pacific-km-ve-di-tagbilaran-gia-re/","0","3","0","9"
"https://khangvuongbooking.com/tag/cebu-pacific/","0","63","0","4.317460317460318"
"https://khangvuongbooking.com/tag/chuon-trinh-khuyen-mai-cua-vietjet-air/","0","1","0","8"
"https://khangvuongbooking.com/tag/chuong-trinh-khuyen-mai-cua-eva-air/","0","5","0","27.6"
"https://khangvuongbooking.com/tag/chuong-trinh-khuyen-mai-cua-qatar-airways/","0","7","0","58.714285714285715"
"https://khangvuongbooking.com/tag/chuong-trinh-khuyen-mai-cua-vietnam-airlines/","0","1","0","11"
"https://khangvuongbooking.com/tag/chuong-trinh-khuyen-mai-vietnam-airlines/","0","1","0","10"
"https://khangvuongbooking.com/tag/chuong-trinh-km-cua-cebu-pacific/","0","1","0","108"
"https://khangvuongbooking.com/tag/chuong-trinh-km-cua-qatar-airwqays/","0","1","0","2"
"https://khangvuongbooking.com/tag/chuong-trinh-km-cua-vietjet-air/","0","21","0","10.333333333333334"
"https://khangvuongbooking.com/tag/chuong-trinh-km-cua-vietnam-airlines/","0","8","0","3.75"
"https://khangvuongbooking.com/tag/co-nen-dat-ve-may-bay-ban-dem/","0","19","0","18.36842105263158"
"https://khangvuongbooking.com/tag/cuoi-tuan-sieu-khuyen-mai-jetstar/","0","1","0","7"
"https://khangvuongbooking.com/tag/dai-loan-mien-visa/","0","1","0","8"
"https://khangvuongbooking.com/tag/dai-ly-all-nippon-airways/","0","8","0","9.375"
"https://khangvuongbooking.com/tag/dai-ly-asiana-airlines/","0","3","0","10.333333333333334"
"https://khangvuongbooking.com/tag/dai-ly-emirates/","0","5574","0","7.2900968783638325"
"https://khangvuongbooking.com/tag/dai-ly-eva-air/","0","1","0","16"
"https://khangvuongbooking.com/tag/dai-ly-khang-vuong-booking/","0","47","0","4.276595744680851"
"https://khangvuongbooking.com/tag/dai-ly-manlindo-air/","0","1","0","11"
"https://khangvuongbooking.com/tag/dai-ly-qatar-airways/","0","361","0","8.614958448753463"
"https://khangvuongbooking.com/tag/dai-ly-qatar-airwqays/","0","78","0","16.128205128205128"
"https://khangvuongbooking.com/tag/dai-ly-scoot/","0","2","0","6"
"https://khangvuongbooking.com/tag/dai-ly-thai-lion-air/","0","14","0","28.5"
"https://khangvuongbooking.com/tag/dai-ly-ve-may-bay-gia-re-jetstar/","0","1","0","14"
"https://khangvuongbooking.com/tag/dai-ly-ve-may-bay-gia-re-khang-vuong-booking/","0","1","0","5"
"https://khangvuongbooking.com/tag/dai-ly-vietjet-air/","0","1","0","6"
"https://khangvuongbooking.com/tag/dai-ly-vietnam-airlines/","0","1","0","11"
"https://khangvuongbooking.com/tag/dat-mua-ve-may-bay-di-thai-lan-tai-air-asia-giam-toi-20-gia-ve/","0","8","0","11.125"
"https://khangvuongbooking.com/tag/dat-ve-may-bay-air-asia-gia-re/","0","2","0","11.5"
"https://khangvuongbooking.com/tag/dat-ve-may-bay-air-asia-khuyen-mai/","0","1","0","17"
"https://khangvuongbooking.com/tag/dat-ve-may-bay-di-da-lat/","0","2","0","9"
"https://khangvuongbooking.com/tag/dat-ve-may-bay-di-duc/","0","4","0","13.5"
"https://khangvuongbooking.com/tag/dat-ve-may-bay-di-ha-noi/","0","4","0","10"
"https://khangvuongbooking.com/tag/dat-ve-may-bay-di-han-quoc-bao-nhieu-tien/","0","2","0","9"
"https://khangvuongbooking.com/tag/dat-ve-may-bay-di-malaysia/","0","27","0","10.37037037037037"
"https://khangvuongbooking.com/tag/dat-ve-may-bay-di-nga/","0","8","0","26.75"
"https://khangvuongbooking.com/tag/dat-ve-may-bay-di-nha-trang/","0","3","0","9"
"https://khangvuongbooking.com/tag/dat-ve-may-bay-di-nhat-ban-khu-hoi/","0","1","0","9"
"https://khangvuongbooking.com/tag/dat-ve-may-bay-di-sai-gon/","0","2","0","32.5"
"https://khangvuongbooking.com/tag/dat-ve-may-bay-di-thai-lan-khu-hoi/","0","6","0","15.833333333333334"
"https://khangvuongbooking.com/tag/dat-ve-may-bay-di-thai-lan/","0","1","0","6"
"https://khangvuongbooking.com/tag/dat-ve-may-bay-di-tp-ho-chi-minh/","0","1","0","12"
"https://khangvuongbooking.com/tag/dat-ve-may-bay-etihad-khu-hoi/","0","1","0","11"
"https://khangvuongbooking.com/tag/dat-ve-may-bay-qatar-airway/","0","14","0","9.285714285714286"
"https://khangvuongbooking.com/tag/dat-ve-may-bay-qatar-airways/","0","11","0","10"
"https://khangvuongbooking.com/tag/doi-ngay-bay-asiana/","0","46","0","23.82608695652174"
"https://khangvuongbooking.com/tag/du-lich-phap/","0","6888","0","8.937282229965156"
"https://khangvuongbooking.com/tag/emirates-km-ve-khu-hoi-tu-12-300-000-vnd/","0","7","0","44"
"https://khangvuongbooking.com/tag/eva-air-km-ve-di-dai-loan-chi-tu-197-usd/","0","1","0","21"
"https://khangvuongbooking.com/tag/eva-air-km-ve-may-bay-di-my-gia-re/","0","4","0","13.25"
"https://khangvuongbooking.com/tag/gia-ve-may-bay-di-anh-bao-nhieu-tien/","0","1","0","1"
"https://khangvuongbooking.com/tag/gia-ve-may-bay-di-duc-bao-nhieu-tien/","0","1","0","10"
"https://khangvuongbooking.com/tag/gia-ve-may-bay-di-han-quoc-khu-hoi/","0","6","0","14.166666666666666"
"https://khangvuongbooking.com/tag/gia-ve-may-bay-di-hong-kong-bao-nhieu-tien/","0","1","0","50"
"https://khangvuongbooking.com/tag/gia-ve-may-bay-di-my-bao-nhieu-tien/","0","6","0","15.166666666666666"
"https://khangvuongbooking.com/tag/gia-ve-may-bay-di-singapore-bao-nhieu-tien/","0","1","0","6"
"https://khangvuongbooking.com/tag/gia-ve-may-bay-di-thai-lan-bao-nhieu-tien/","0","47","0","45.829787234042556"
"https://khangvuongbooking.com/tag/gia-ve-may-bay-di-trung-quoc-bao-nhieu-tien/","0","2","0","7"
"https://khangvuongbooking.com/tag/gia-ve-may-bay-etihad/","0","8","0","11"
"https://khangvuongbooking.com/tag/gia-ve-may-bay-jetstar-khu-hoi/","0","2","0","43"
"https://khangvuongbooking.com/tag/han-che-u-tai-khi-di-may-bay/","0","1","0","146"
"https://khangvuongbooking.com/tag/han-quoc-don-gian-hoa-thu-tuc-cap-visa-cho-du-khach-viet/","0","2","0","26"
"https://khangvuongbooking.com/tag/hanh-ly-han-che-van-chuyen-vietnam-airlines/","0","2","0","79"
"https://khangvuongbooking.com/tag/hanh-ly-tra-truoc-vietnam-airlines/","0","1","0","37"
"https://khangvuongbooking.com/tag/hoan-doi-ve-malindo-air/","0","7","0","30.857142857142858"
"https://khangvuongbooking.com/tag/hoan-doi-ve-thai-airways/","0","1","0","19"
"https://khangvuongbooking.com/tag/http-khangvuongbooking-com/","0","73","0","7.890410958904109"
"https://khangvuongbooking.com/tag/jetstar-km-ve-chi-tu-11-000d/","0","2","0","3"
"https://khangvuongbooking.com/tag/jetstar-km-ve-chi-tu-48-000-vnd/","0","2","0","7"
"https://khangvuongbooking.com/tag/jetstar-pacific/","0","4","0","7.5"
"https://khangvuongbooking.com/tag/jetstar/","0","1","0","6"
"https://khangvuongbooking.com/tag/khang-vuong-booking/","0","5625","0","7.747022222222222"
"https://khangvuongbooking.com/tag/khong-su-dung-bang-lai-xe-lam-thu-tuc-di-may-bay/","0","1","0","20"
"https://khangvuongbooking.com/tag/khuyen-mai-air-asia/","0","1","0","9"
"https://khangvuongbooking.com/tag/khuyen-mai-bamboo-airways/","0","32","0","22.4375"
"https://khangvuongbooking.com/tag/khuyen-mai-cathay-pacific/","0","2","0","4.5"
"https://khangvuongbooking.com/tag/khuyen-mai-china-southern-airlines/","0","1","0","10"
"https://khangvuongbooking.com/tag/khuyen-mai-emirates/","0","6851","0","7.386220989636549"
"https://khangvuongbooking.com/tag/khuyen-mai-eva-air/","0","8","0","7.75"
"https://khangvuongbooking.com/tag/khuyen-mai-jetstar/","0","1","0","10"
"https://khangvuongbooking.com/tag/khuyen-mai-malaysia-airlines/","0","1","0","12"
"https://khangvuongbooking.com/tag/khuyen-mai-qatar-airways/","0","2","0","2"
"https://khangvuongbooking.com/tag/khuyen-mai-singapore-airline/","0","4","0","11.25"
"https://khangvuongbooking.com/tag/khuyen-mai-thai-airways/","0","1","0","9"
"https://khangvuongbooking.com/tag/khuyen-mai-ve-may-bay-thang-8/","0","6","0","11.5"
"https://khangvuongbooking.com/tag/khuyen-mai-vietjet-air/","0","1","0","9"
"https://khangvuongbooking.com/tag/khuyen-mai-vietjet-ve-0-dong/","0","1","0","11"
"https://khangvuongbooking.com/tag/korean-air-km-ve-khu-hoi-di-nhat-ban-chi-tu-505-usd/","0","3","0","5.666666666666667"
"https://khangvuongbooking.com/tag/korean-air-km-ve-khu-hoi-di-nhat-ban-gia-re/","0","3","0","92.66666666666667"
"https://khangvuongbooking.com/tag/korean-air/","0","2420","0","7.689669421487603"
"https://khangvuongbooking.com/tag/korenan-air-km-ve-di-bac-my-han-quoc/","0","1","0","4"
"https://khangvuongbooking.com/tag/le-hoi-songkran/","0","1","0","9"
"https://khangvuongbooking.com/tag/malindo-air/","0","1","0","10"
"https://khangvuongbooking.com/tag/mua-ve-may-bay-di-dai-loan-khu-hoi/","0","1","0","2"
"https://khangvuongbooking.com/tag/mua-ve-may-bay-di-ha-lan-khu-hoi/","0","1","0","8"
"https://khangvuongbooking.com/tag/mua-ve-may-bay-di-ha-noi-khu-hoi/","0","2","0","8.5"
"https://khangvuongbooking.com/tag/mua-ve-may-bay-di-seattle-o-dau/","0","3","0","2"
"https://khangvuongbooking.com/tag/mua-ve-may-bay-di-trung-quoc-bao-nhieu-tien/","0","2","0","9"
"https://khangvuongbooking.com/tag/nhung-quy-dinh-ba-bau-di-may-bay-jetstar/","0","7","0","14.714285714285714"
"https://khangvuongbooking.com/tag/nhung-quy-dinh-ba-bau-di-may-bay-vietjet-air/","0","92","0","16.5"
"https://khangvuongbooking.com/tag/nhung-quy-dinh-ba-bau-di-may-bay-vietnam-airlines/","0","2","0","12.5"
"https://khangvuongbooking.com/tag/nok-air-km-ve-may-bay-di-thai-lan-gia-re/","0","3","0","6"
"https://khangvuongbooking.com/tag/phong-ve-khang-vuong-booking/","0","93","0","13.78494623655914"
"https://khangvuongbooking.com/tag/qatar-airways-km-ve-khu-hoi-chi-tu-16-100-000-vnd/","0","2","0","6.5"
"https://khangvuongbooking.com/tag/qatar-airways-km-ve-khu-hoi-chi-tu-40-900-000-d/","0","7","0","3.4285714285714284"
"https://khangvuongbooking.com/tag/qatar-airways-km-ve-may-bay-di-chau-au-gia-re/","0","2","0","13.5"
"https://khangvuongbooking.com/tag/qatar-airways/","0","8052","0","7.659711872826627"
"https://khangvuongbooking.com/tag/qatar-airwqays-km-ve-khu-hoi-tu-3200000-vnd/","0","68","0","9.294117647058824"
"https://khangvuongbooking.com/tag/qatar-km-ve-khu-hoi-tu-15-500-000-vnd/","0","35","0","14.4"
"https://khangvuongbooking.com/tag/quy-dinh-cua-jetstar-doi-voi-ba-bau-di-may-bay/","0","1","0","10"
"https://khangvuongbooking.com/tag/quy-dinh-hoan-doi-ve-may-bay-vietjet-air-ban-nen-biet/","0","2","0","5"
"https://khangvuongbooking.com/tag/quy-dinh-tre-em-di-may-bay-vietjet-air-ban-can-biet/","0","1","0","3"
"https://khangvuongbooking.com/tag/san-ve-may-bay-gia-re-cua-air-asia/","0","1","0","7"
"https://khangvuongbooking.com/tag/san-ve-may-bay-gia-re-cua-cebu-pacific/","0","9","0","27.77777777777778"
"https://khangvuongbooking.com/tag/san-ve-may-bay-gia-re-cua-qatar-airways/","0","23","0","36.91304347826087"
"https://khangvuongbooking.com/tag/san-ve-may-bay-gia-re-cua-vietjet-air/","0","2","0","8.5"
"https://khangvuongbooking.com/tag/san-ve-may-bay-gia-re-cua-vietnam-airlines/","0","11","0","13.090909090909092"
"https://khangvuongbooking.com/tag/san-ve-may-bay-gia-re/","0","7","0","28"
"https://khangvuongbooking.com/tag/san-ve-re-cua-cebu/","0","4","0","57.75"
"https://khangvuongbooking.com/tag/san-ve-re-cua-singapore-airlines/","0","1","0","12"
"https://khangvuongbooking.com/tag/scoot-khuyen-mai-ve-mot-chieu-chi-tu-31-usd/","0","2","0","10"
"https://khangvuongbooking.com/tag/scoot/","0","1","0","1"
"https://khangvuongbooking.com/tag/singapore-airlines/","0","5374","0","4.822478600669892"
"https://khangvuongbooking.com/tag/thai-airways-km-ve-khu-hoi-di-thai-lan-chi-tu-175-usd/","0","1","0","5"
"https://khangvuongbooking.com/tag/thu-tuc-giay-to-danh-cho-ba-bau-di-may-bay-vietjet-air/","0","1","0","12"
"https://khangvuongbooking.com/tag/van-phong-khang-vuong-booking/","0","4","0","5.25"
"https://khangvuongbooking.com/tag/ve-0-dong-cua-vietjet-air/","0","1","0","9"
"https://khangvuongbooking.com/tag/ve-11-000-d-cua-jetstar/","0","2","0","10"
"https://khangvuongbooking.com/tag/ve-11k-cua-jetstar/","0","1","0","7"
"https://khangvuongbooking.com/tag/ve-88-000d-cua-jetstar/","0","1","0","8"
"https://khangvuongbooking.com/tag/ve-bay-gia-re-khang-vuong-booking/","0","10","0","23.4"
"https://khangvuongbooking.com/tag/ve-bay-jetstar-chi-tu-23k-cung-an-mung-chien-thang-doi-tuyen-u23-viet-nam-buoc-vao-chung-ket/","0","2","0","10.5"
"https://khangvuongbooking.com/tag/ve-emirates/","0","8876","0","5.564105452906714"
"https://khangvuongbooking.com/tag/ve-ha-noi-du-kathmandu-gia-re/","0","49","0","33.30612244897959"
"https://khangvuongbooking.com/tag/ve-ho-chi-minh-di-berlin-gia-re/","0","1","0","9"
"https://khangvuongbooking.com/tag/ve-jetstar-0-dong/","0","2","0","8.5"
"https://khangvuongbooking.com/tag/ve-khu-hoi-qatar-airways/","0","14","0","7.714285714285714"
"https://khangvuongbooking.com/tag/ve-may-bay-0-dong-vietjet/","0","2","0","15.5"
"https://khangvuongbooking.com/tag/ve-may-bay-0-dong/","0","1","0","37"
"https://khangvuongbooking.com/tag/ve-may-bay-abu-dhabi-gia-re/","0","1","0","7"
"https://khangvuongbooking.com/tag/ve-may-bay-air-asia-khuyen-mai/","0","2","0","7"
"https://khangvuongbooking.com/tag/ve-may-bay-asiana-airlines/","0","1","0","47"
"https://khangvuongbooking.com/tag/ve-may-bay-asiana-gia-re/","0","66","0","15.409090909090908"
"https://khangvuongbooking.com/tag/ve-may-bay-asiana/","0","9","0","40.44444444444444"
"https://khangvuongbooking.com/tag/ve-may-bay-bamboo-airways/","0","1","0","15"
"https://khangvuongbooking.com/tag/ve-may-bay-cathay-pacific-gia-re/","0","35","0","10.485714285714286"
"https://khangvuongbooking.com/tag/ve-may-bay-cathay-pacific/","0","6","0","1.6666666666666665"
"https://khangvuongbooking.com/tag/ve-may-bay-cebu-pacific-gia-re/","0","1","0","9"
"https://khangvuongbooking.com/tag/ve-may-bay-cebu-pacific/","0","132","0","40.50757575757576"
"https://khangvuongbooking.com/tag/ve-may-bay-china-southern-airlines-gia-re/","0","1","0","15"
"https://khangvuongbooking.com/tag/ve-may-bay-di-bali-gia-re/","0","5","0","9.6"
"https://khangvuongbooking.com/tag/ve-may-bay-di-berlin-gia-re-nhat/","0","1","0","8"
"https://khangvuongbooking.com/tag/ve-may-bay-di-berlin-gia-re/","0","2","0","13"
"https://khangvuongbooking.com/tag/ve-may-bay-di-campuchia-gia-re/","0","27","0","11.925925925925926"
"https://khangvuongbooking.com/tag/ve-may-bay-di-cao-hung-gia-re/","0","4","0","33.25"
"https://khangvuongbooking.com/tag/ve-may-bay-di-chiang-mai-gia-re/","0","1","0","9"
"https://khangvuongbooking.com/tag/ve-may-bay-di-da-lat-gia-re/","0","9","0","21.88888888888889"
"https://khangvuongbooking.com/tag/ve-may-bay-di-da-nang/","0","2","0","9.5"
"https://khangvuongbooking.com/tag/ve-may-bay-di-dai-bac-gia-re/","0","2","0","7"
"https://khangvuongbooking.com/tag/ve-may-bay-di-dai-bac-khu-hoi/","0","1","0","7"
"https://khangvuongbooking.com/tag/ve-may-bay-di-dai-bac/","0","1","0","4"
"https://khangvuongbooking.com/tag/ve-may-bay-di-dai-loan-gia-re/","0","2","0","9"
"https://khangvuongbooking.com/tag/ve-may-bay-di-dong-hoi-gia-re/","0","2","0","6.5"
"https://khangvuongbooking.com/tag/ve-may-bay-di-duc-gia-re/","0","12","0","7.25"
"https://khangvuongbooking.com/tag/ve-may-bay-di-ha-noi-gia-re/","0","5","0","37.4"
"https://khangvuongbooking.com/tag/ve-may-bay-di-ha-noi-vietnam-airlines/","0","17","0","23.352941176470587"
"https://khangvuongbooking.com/tag/ve-may-bay-di-hai-phong-gia-re/","0","6","0","9.5"
"https://khangvuongbooking.com/tag/ve-may-bay-di-han-quoc-gia-re/","0","3","0","9.666666666666666"
"https://khangvuongbooking.com/tag/ve-may-bay-di-hongkong-gia-re/","0","2","0","11"
"https://khangvuongbooking.com/tag/ve-may-bay-di-hue-gia-re/","0","3","0","13"
"https://khangvuongbooking.com/tag/ve-may-bay-di-indonesia-gia-re/","0","1","0","9"
"https://khangvuongbooking.com/tag/ve-may-bay-di-kathmandu-gia-re-tu-viet-nam/","0","3","0","5.666666666666667"
"https://khangvuongbooking.com/tag/ve-may-bay-di-kuala-lumpur-gia-re/","0","29","0","62.275862068965516"
"https://khangvuongbooking.com/tag/ve-may-bay-di-lao-gia-re/","0","1","0","7"
"https://khangvuongbooking.com/tag/ve-may-bay-di-malaysia-airlines-gia-re/","0","1","0","9"
"https://khangvuongbooking.com/tag/ve-may-bay-di-malaysia-bao-nhieu-tien/","0","1","0","11"
"https://khangvuongbooking.com/tag/ve-may-bay-di-malaysia/","0","3","0","10"
"https://khangvuongbooking.com/tag/ve-may-bay-di-melbourne-gia-re/","0","1","0","2"
"https://khangvuongbooking.com/tag/ve-may-bay-di-moscow-gia-re/","0","18","0","14.38888888888889"
"https://khangvuongbooking.com/tag/ve-may-bay-di-my-gia-re-cua-eva-air/","0","3","0","18.333333333333332"
"https://khangvuongbooking.com/tag/ve-may-bay-di-my-gia-re/","0","2","0","10"
"https://khangvuongbooking.com/tag/ve-may-bay-di-myanmar-gia-re/","0","1","0","27"
"https://khangvuongbooking.com/tag/ve-may-bay-di-nhat-ban-gia-re/","0","39","0","31.102564102564102"
"https://khangvuongbooking.com/tag/ve-may-bay-di-phap-gia-re/","0","26","0","9.192307692307692"
"https://khangvuongbooking.com/tag/ve-may-bay-di-philippines-gia-re/","0","112","0","64.25"
"https://khangvuongbooking.com/tag/ve-may-bay-di-phu-quoc-gia-re/","0","3","0","4.333333333333334"
"https://khangvuongbooking.com/tag/ve-may-bay-di-phuket/","0","1","0","50"
"https://khangvuongbooking.com/tag/ve-may-bay-di-quang-chau-bao-nhieu-tien/","0","1","0","3"
"https://khangvuongbooking.com/tag/ve-may-bay-di-quang-chau/","0","1","0","8"
"https://khangvuongbooking.com/tag/ve-may-bay-di-seoul-gia-re/","0","4","0","82.75"
"https://khangvuongbooking.com/tag/ve-may-bay-di-siem-reap-gia-re/","0","1","0","10"
"https://khangvuongbooking.com/tag/ve-may-bay-di-singapore-khu-hoi/","0","6","0","9.833333333333334"
"https://khangvuongbooking.com/tag/ve-may-bay-di-thai-lan-air-asia/","0","5","0","9.8"
"https://khangvuongbooking.com/tag/ve-may-bay-di-thai-lan-gia-re-cua-nok-air/","0","3","0","8.333333333333332"
"https://khangvuongbooking.com/tag/ve-may-bay-di-thai-lan-gia-re/page/1/","0","2","0","7.5"
"https://khangvuongbooking.com/tag/ve-may-bay-di-thai-lan/","0","7","0","68"
"https://khangvuongbooking.com/tag/ve-may-bay-di-thanh-pho-ho-chi-minh-gia-re/","0","1","0","11"
"https://khangvuongbooking.com/tag/ve-may-bay-di-thuy-sy-gia-re/","0","1","0","11"
"https://khangvuongbooking.com/tag/ve-may-bay-di-uc-bao-nhieu-tien/","0","1","0","8"
"https://khangvuongbooking.com/tag/ve-may-bay-di-uc-chi-tu-159-usd/","0","1","0","8"
"https://khangvuongbooking.com/tag/ve-may-bay-di-uc-gia-re/","0","7","0","10"
"https://khangvuongbooking.com/tag/ve-may-bay-di-uc-khu-hoi/","0","2","0","16"
"https://khangvuongbooking.com/tag/ve-may-bay-di-uc-vietjet-air/","0","1","0","9"
"https://khangvuongbooking.com/tag/ve-may-bay-di-vieng-chan/","0","1","0","10"
"https://khangvuongbooking.com/tag/ve-may-bay-di-vienna-gia-re/","0","2","0","19.5"
"https://khangvuongbooking.com/tag/ve-may-bay-di-y-gia-re/","0","3","0","9.333333333333334"
"https://khangvuongbooking.com/tag/ve-may-bay-emirate-hang-thuong-gia/","0","6","0","40.333333333333336"
"https://khangvuongbooking.com/tag/ve-may-bay-emirates-gia-re/","0","305","0","8.304918032786885"
"https://khangvuongbooking.com/tag/ve-may-bay-etihad-gia-re/","0","12","0","10.666666666666666"
"https://khangvuongbooking.com/tag/ve-may-bay-eva-air-gia-re/","0","8","0","35.125"
"https://khangvuongbooking.com/tag/ve-may-bay-gia-re-cua-scoot/","0","2","0","8"
"https://khangvuongbooking.com/tag/ve-may-bay-ha-noi-di-cao-hung-gia-re/","0","1","0","11"
"https://khangvuongbooking.com/tag/ve-may-bay-ha-noi-di-han-quoc/","0","2","0","11"
"https://khangvuongbooking.com/tag/ve-may-bay-ha-noi-di-malaysia/","0","1","0","41"
"https://khangvuongbooking.com/tag/ve-may-bay-ha-noi-di-siem-reap/","0","5","0","19"
"https://khangvuongbooking.com/tag/ve-may-bay-ha-noi-di-sydney/","0","107","0","41.6822429906542"
"https://khangvuongbooking.com/tag/ve-may-bay-ha-noi-di-yangon/","0","57","0","10.035087719298245"
"https://khangvuongbooking.com/tag/ve-may-bay-jetstar-gia-re/","0","16","0","15.875"
"https://khangvuongbooking.com/tag/ve-may-bay-jetstar-pacific-gia-re/","0","2","0","24"
"https://khangvuongbooking.com/tag/ve-may-bay-khu-hoi-di-nhat-ban/","0","2","0","32.5"
"https://khangvuongbooking.com/tag/ve-may-bay-khu-hoi/","0","5","0","9.4"
"https://khangvuongbooking.com/tag/ve-may-bay-korean-air-bao-nhieu-tien/","0","3","0","8"
"https://khangvuongbooking.com/tag/ve-may-bay-korean-air-gia-re/","0","31","0","55.064516129032256"
"https://khangvuongbooking.com/tag/ve-may-bay-korean-air-khu-hoi/","0","1","0","1"
"https://khangvuongbooking.com/tag/ve-may-bay-malindo-air-gia-re/","0","3","0","9"
"https://khangvuongbooking.com/tag/ve-may-bay-nok-air-bao-nhieu-tien/","0","3","0","9"
"https://khangvuongbooking.com/tag/ve-may-bay-nok-air-gia-re/","0","4","0","6.25"
"https://khangvuongbooking.com/tag/ve-may-bay-qatar-airways-gia-re/","0","7","0","8.428571428571429"
"https://khangvuongbooking.com/tag/ve-may-bay-qatar-airways/","0","8","0","9.875"
"https://khangvuongbooking.com/tag/ve-may-bay-tet-khuyen-mai/","0","166","0","45.89156626506024"
"https://khangvuongbooking.com/tag/ve-may-bay-thai-airways-gia-re/","0","2","0","7"
"https://khangvuongbooking.com/tag/ve-may-bay-thai-lion-air-gia-re/","0","1","0","6"
"https://khangvuongbooking.com/tag/ve-may-bay-tiger-air-gia-re/","0","1","0","10"
"https://khangvuongbooking.com/tag/ve-may-bay-tphcm-di-bangkok/","0","1","0","11"
"https://khangvuongbooking.com/tag/ve-may-bay-tphcm-di-han-quoc/","0","3","0","10.333333333333334"
"https://khangvuongbooking.com/tag/ve-may-bay-tphcm-di-hong-kong/","0","1","0","3"
"https://khangvuongbooking.com/tag/ve-may-bay-tphcm-di-los-angeles/","0","6","0","50.333333333333336"
"https://khangvuongbooking.com/tag/ve-may-bay-tphcm-di-melbourne/","0","1","0","7"
"https://khangvuongbooking.com/tag/ve-may-bay-tphcm-di-seoul/","0","2","0","8"
"https://khangvuongbooking.com/tag/ve-may-bay-tphcm-di-uc/","0","1","0","11"
"https://khangvuongbooking.com/tag/ve-may-bay-vietjet-air-gia-re/","0","35","0","44.08571428571429"
"https://khangvuongbooking.com/tag/ve-may-bay-vietjet-air/","0","7","0","32.14285714285714"
"https://khangvuongbooking.com/tag/ve-may-bay-vietjet/","0","1","0","1"
"https://khangvuongbooking.com/tag/ve-may-bay-vietnam-airlines-gia-re/","0","1","0","13"
"https://khangvuongbooking.com/tag/ve-may-bay-vietnam-airlines/","0","4","0","9.5"
"https://khangvuongbooking.com/tag/ve-may-may-khuyen-mai/","0","1","0","9"
"https://khangvuongbooking.com/tag/ve-qatar-airways-chi-tu-17-600-000-d/","0","6","0","5.333333333333333"
"https://khangvuongbooking.com/tag/ve-vietjet-air-0-dong/","0","7","0","11.285714285714286"
"https://khangvuongbooking.com/tag/ve-vietnam-airlines-giam-gia-di-bangkok/","0","3","0","72"
"https://khangvuongbooking.com/tag/ve-vietnam-airlines/","0","10","0","14.2"
"https://khangvuongbooking.com/tag/vietjet-air-km-ve-may-bay-di-thai-lan-gia-re/","0","10","0","9"
"https://khangvuongbooking.com/tag/vietjet-air-mo-duong-bay-thang/","0","1","0","19"
"https://khangvuongbooking.com/tag/vietjet-km-ve-199k-hcm-di-phnom-penh/","0","6","0","9.833333333333334"
"https://khangvuongbooking.com/tag/vietjet-mo-duong-bay-thang-viet-nam-den-uc/","0","1","0","17"
"https://khangvuongbooking.com/tag/vietnam-airlines-km-ngay-black-friday/","0","1","0","7"
"https://khangvuongbooking.com/tag/vietnam-airlines-km-ve-chi-tu-399-000d/","0","3","0","8"
"https://khangvuongbooking.com/tag/vietnam-airlines-km-ve-chi-tu-99-usd/","0","6","0","8.166666666666668"
"https://khangvuongbooking.com/tag/vietnam-airlines-km-ve-di-uc-chi-tu-700-usd/","0","3","0","8.333333333333332"
"https://khangvuongbooking.com/tag/vietnam-airlines-km-ve-khu-hoi-chi-tu-399-000d/","0","25","0","35.84"
"https://khangvuongbooking.com/tag/vietnam-airlines-km-ve-may-bay-di-uc-gia-re/","0","3","0","5.666666666666667"
"https://khangvuongbooking.com/tag/vietnam-airlineskm-ve-cho-hanh-trinh-noi-dia/","0","2","0","73"
"https://khangvuongbooking.com/tai-sao-ban-phai-that-day-an-toan-khi-co-den-bao-tren-may-bay/","0","73","0","7.561643835616438"
"https://khangvuongbooking.com/tan-huong-chuyen-nghi-mat-khap-chau-au-cung-ve-qatar-giam-30-cuc-uu-dai/","0","1","0","1"
"https://khangvuongbooking.com/tan-huong-dich-vu-xa-hoa-voi-ve-khu-hoi-asiana-hang-thuong-gia-chi-tu-2349-usd/","0","8","0","12.125"
"https://khangvuongbooking.com/tan-huong-ki-nghi-tuyet-voi-tai-manila-philippines-voi-ve-cebu-pacicfic-chi-tu-65-usd/","0","3","0","16"
"https://khangvuongbooking.com/tan-huong-uu-dai-ve-khu-hoi-tu-168-trieu-dong-du-lich-the-gioi-cung-qatar-airways/","0","1","0","7"
"https://khangvuongbooking.com/tang-tan-suat-bay-di-singapore-dai-bac-ve-vietnam-airlines-uu-dai-chi-tu-120-usd/","0","12","0","6.833333333333333"
"https://khangvuongbooking.com/thai-lion-air-uu-dai-giua-nam-ve-mot-chieu-sieu-re-chi-tu-35-usd/","0","2","0","11"
"https://khangvuongbooking.com/thoa-suc-kham-pha-chau-au-voi-ve-singapore-airlines-uu-dai-chi-tu-718-usd-khu-hoi/","0","3","0","16"
"https://khangvuongbooking.com/thong-bao-lich-nghi-tet-at-ty-2025/","0","1","0","83"
"https://khangvuongbooking.com/thong-bao-quy-dinh-xuat-nhap-canh-doi-voi-cac-chuyen-bay-tu-han-quoc/","0","11","0","30.636363636363637"
"https://khangvuongbooking.com/thong-tin-huu-ich/","0","14888","0","9.96258731864589"
"https://khangvuongbooking.com/thong-tin-quy-dinh-hanh-ly-dac-biet-vietnam-airlines/","0","3","0","8"
"https://khangvuongbooking.com/thu-5-ruc-ro-uu-dai-vietnam-airlines-giam-109-000-dong/","0","16","0","40.75"
"https://khangvuongbooking.com/thu-5-ruc-ro-vietnam-airlines-khuyen-mai-chi-tu-498-000-vnd/","0","2","0","11"
"https://khangvuongbooking.com/thu-5-ruc-ro-vietnam-airlines-khuyen-mai-chi-tu-513-000-vnd/","0","12","0","18.166666666666668"
"https://khangvuongbooking.com/thu-nam-ruc-ro-uu-dai-bat-ngo-tu-vietnam-airlines/","0","80","0","19.8125"
"https://khangvuongbooking.com/tiet-kiem-dac-biet-ve-vietnam-airlines-ha-noi-di-sydney-gia-chi-tu-500-usd/","0","15","0","38.06666666666667"
"https://khangvuongbooking.com/tieu-chuan-hanh-ly-tra-truoc-hang-hang-khong-vietnam-airlines/","0","44","0","9"
"https://khangvuongbooking.com/tiger-air-uu-dai-ve-chi-tu-35-usd-bay-khap-16-diem-den-tren-the-gioi/","0","1","0","8"
"https://khangvuongbooking.com/tim-ve-re-ho-chi-minh-sgn-di-chennai/","0","106","0","17.056603773584907"
"https://khangvuongbooking.com/tim-ve-re-tp-hcm-di-an-do-thang-10-11-12/","0","11","0","9.818181818181818"
"https://khangvuongbooking.com/tong-dai-so-dien-thoai-starlux-airlines/","0","1","0","1"
"https://khangvuongbooking.com/top-4-hon-dao-san-francisco-hap-dan-nhat/","0","15","0","8.533333333333333"
"https://khangvuongbooking.com/top-5-dia-chi-du-lich-ma-khi-den-hong-kong-ban-nhat-dinh-nen-ghe-tham/","0","4","0","18"
"https://khangvuongbooking.com/top-5-dia-diem-du-lich-canada/","0","50","0","48.36"
"https://khangvuongbooking.com/top-5-mon-an-han-quoc-noi-tieng-ai-cung-biet/","0","501","0","19.684630738522955"
"https://khangvuongbooking.com/trai-nghiem-du-lich-manila-tu-tuc-cuoi-nam-gia-hap-dan-chi-tu-70-usdchieu/","0","100","0","30.56"
"https://khangvuongbooking.com/trai-nghiem-mua-tai-thai-lan-malaysia-chi-tu-8-usd/","0","2","0","32.5"
"https://khangvuongbooking.com/trai-nghiem-mua-xuan-xu-han-cung-ve-korean-air-chi-tu-342-usd-khu-hoi/","0","6","0","8.333333333333332"
"https://khangvuongbooking.com/trai-nghiem-tuyet-voi-cung-air-asia-khi-mua-ve-may-bay-di-thai-lan-voi-gia-chi-tu-33-usd/","0","84","0","60.11904761904762"
"https://khangvuongbooking.com/tre-em-co-can-ho-chieu-khi-di-nuoc-ngoai-hay-khong/","0","4","0","9"
"https://khangvuongbooking.com/tre-em-di-may-bay-vietnam-airlines-va-nhung-dieu-can-biet/","0","155","0","13.425806451612903"
"https://khangvuongbooking.com/tron-goi-khu-hoi-hang-thuong-gia-vietnam-airlines-di-thuong-hai-chi-tu-682-usd/","0","396","0","62.89393939393939"
"https://khangvuongbooking.com/truy-lung-cac-dia-diem-vui-choi-halloween-o-ha-noi/","0","13","0","13.923076923076923"
"https://khangvuongbooking.com/truy-tim-3-cung-dien-hoang-gia-thai-lan-noi-tieng/","0","307","0","71.63192182410424"
"https://khangvuongbooking.com/tu-39-usd-cung-vietnam-airlines-du-ngoan-dong-nam-a-khong-ton-kem/","0","2","0","6.5"
"https://khangvuongbooking.com/tu-seattle-di-chau-a-gia-ve-asiana-khu-hoi-uu-dai-chi-tu-662-usd/","0","3","0","11.666666666666666"
"https://khangvuongbooking.com/tung-bung-khuyen-mai-ve-air-asia-chi-tu-4-usd/","0","22","0","6.954545454545454"
"https://khangvuongbooking.com/tuyen-dung-nhan-vien-content-pr-marketing/","0","4","0","39"
"https://khangvuongbooking.com/tuyen-dung-nhan-vien-seo-co-kinh-nghiem-luong-tot/","0","23","0","69"
"https://khangvuongbooking.com/tuyen-dung/","0","17017","0","3.914908620790974"
"https://khangvuongbooking.com/ung-pho-dich-covid-19-vietnam-airlines-tam-ngung-khai-thac-chuyen-bay-den-han-quoc/","0","3","0","10.666666666666666"
"https://khangvuongbooking.com/uu-dai-10-gia-ve-mung-sinh-nhat-vang-cung-vietnam-airlines/","0","2","0","60"
"https://khangvuongbooking.com/uu-dai-48h-bay-khong-doi-cho-voi-ve-qatar-airways-chi-tu-142-trieu-dong/","0","3","0","5.666666666666667"
"https://khangvuongbooking.com/uu-dai-bay-cung-qatar-airways-gia-sieu-re-chi-tu-3400000d-khu-hoi/","0","2","0","8.5"
"https://khangvuongbooking.com/uu-dai-bay-cung-qatar-hang-business-giam-den-35-cho-hanh-trinh-chau-au-tron-ven/","0","31","0","7.387096774193548"
"https://khangvuongbooking.com/uu-dai-cuoi-nam-ve-vietnam-airlines-chi-tu-399-000d/","0","1","0","5"
"https://khangvuongbooking.com/uu-dai-dac-biet-cung-vietjet-air-kham-pha-myanmar-chi-tu-205-000d/","0","1","0","5"
"https://khangvuongbooking.com/uu-dai-dac-biet-giam-30-ve-vietnam-airlines-hanh-trinh-ha-noi-sydney/","0","5","0","11.8"
"https://khangvuongbooking.com/uu-dai-dac-biet-giam-den-12-ve-di-quang-chau-cua-china-southern-airlines/","0","14","0","43.214285714285715"
"https://khangvuongbooking.com/uu-dai-dac-biet-khi-bay-cung-qatar-hanh-trinh-ha-noi-chau-au-chi-tu-16-100-000-vnd/","0","8","0","8.125"
"https://khangvuongbooking.com/uu-dai-dac-biet-ve-asiana-mua-cuoi-nam-di-my-gia-chi-tu-546-usd/","0","10","0","23.6"
"https://khangvuongbooking.com/uu-dai-dac-biet-ve-vietnam-airlines-di-chau-au-khu-hoi-chi-tu-535-usd/","0","27","0","37.074074074074076"
"https://khangvuongbooking.com/uu-dai-giam-15-ve-khu-hoi-ha-noi-sydney-cua-vietnam-airlines/","0","6","0","50.333333333333336"
"https://khangvuongbooking.com/uu-dai-giam-gia-25-ve-hang-thuong-gia-bamboo-airways/","0","28","0","73.5"
"https://khangvuongbooking.com/uu-dai-mua-1-tang-1-ve-business-class-malaysia-airlines/","0","29","0","17.17241379310345"
"https://khangvuongbooking.com/uu-dai-mua-thu-giam-gia-15-hanh-trinh-viet-nam-london/","0","10","0","17.2"
"https://khangvuongbooking.com/uu-dai-mua-thu-ve-nok-air-bay-thai-lan-chi-tu-34-usd-sieu-km/","0","1","0","85"
"https://khangvuongbooking.com/uu-dai-tron-goi-ve-mot-chieu-chi-tu-75-usd-di-philippines/","0","63","0","77.07936507936508"
"https://khangvuongbooking.com/uu-dai-tu-jetstar-gia-ve-mot-chieu-chi-tu-49-000-vnd/","0","3","0","8.333333333333332"
"https://khangvuongbooking.com/uu-dai-ve-jetstar-cuoi-tuan-chi-tu-58-000d-mung-dai-le-3004/","0","2","0","30.5"
"https://khangvuongbooking.com/uu-dai-ve-qatar-giam-sau-chi-tu-4200000d-de-dang-bay-khap-chau-au/","0","7","0","8.714285714285715"
"https://khangvuongbooking.com/uu-dai-ve-vietnam-airlines-khuyen-mai-5-ngay-vang-di-quoc-te/","0","3","0","12"
"https://khangvuongbooking.com/v","0","18","0","3.611111111111111"
"https://khangvuongbooking.com/ve-air-asia-dat-ngay-bay-lien-khuyen-mai-cuoi-nam-chi-tu-6-usd/","0","3","0","9"
"https://khangvuongbooking.com/ve-air-asia-giam-gia-sau-den-50-cho-hanh-trinh-bay-bangkok-tu-viet-nam/","0","1","0","18"
"https://khangvuongbooking.com/ve-cebu-pacific-uu-dai-bay-ngay-philippines-gia-chi-tu-70-usd/","0","1","0","11"
"https://khangvuongbooking.com/ve-chi-tu-576-usd-thoa-suc-bay-my-chau-a-cung-asiana-airlines/","0","1","0","8"
"https://khangvuongbooking.com/ve-dep-tu-49-usd-du-ngoan-khap-noi-cung-malaysia-airlines/","0","1","0","9"
"https://khangvuongbooking.com/ve-emirates-du-lich-khap-the-gioi-chi-tu-5-297-000d/","0","12","0","7.5"
"https://khangvuongbooking.com/ve-emirates-uu-dai-khu-hoi-bay-dubai-chau-au-chi-tu-17169000d-sieu-tiet-kiem/","0","1","0","10"
"https://khangvuongbooking.com/ve-jetstar-pacific-chi-tu-320d-cuc-re-nhan-dip-chao-don-may-bay-moi/","0","5","0","40.8"
"https://khangvuongbooking.com/ve-khu-hoi-chi-tu-197-usd-du-hi-dai-loan-cung-eva-air/","0","3","0","9.333333333333334"
"https://khangvuongbooking.com/ve-khu-hoi-qatar-giam-den-30-chi-tu-177-trieu-dong-bay-khap-chau-au-het-mua-dong/","0","12","0","14.833333333333334"
"https://khangvuongbooking.com/ve-may-bay-0-dong-tu-vietjet-air-chao-mung-duong-bay-moi/","0","5","0","179.4"
"https://khangvuongbooking.com/ve-may-bay-air-asia/","0","1","0","24"
"https://khangvuongbooking.com/ve-may-bay-air-france/","0","3","0","13"
"https://khangvuongbooking.com/ve-may-bay-cac-hang-hang-khong/","0","114","0","15.859649122807017"
"https://khangvuongbooking.com/ve-may-bay-cebu-pacific/","0","344","0","53.758720930232556"
"https://khangvuongbooking.com/ve-may-bay-china-airlines/","0","145","0","49.772413793103446"
"https://khangvuongbooking.com/ve-may-bay-china-southern-airlines/","0","52","0","50.30769230769231"
"https://khangvuongbooking.com/ve-may-bay-da-nang-di-busan-han-quoc-gia-re/","0","494","0","21.975708502024293"
"https://khangvuongbooking.com/ve-may-bay-da-nang-di-con-minh/","0","267","0","34.445692883895134"
"https://khangvuongbooking.com/ve-may-bay-da-nang-di-daegu-han-quoc-gia-re/","0","151","0","22.62251655629139"
"https://khangvuongbooking.com/ve-may-bay-da-nang-di-dai-bac-dai-loan-gia-re/","0","213","0","41.82629107981221"
"https://khangvuongbooking.com/ve-may-bay-da-nang-di-ha-mon/","0","97","0","13.11340206185567"
"https://khangvuongbooking.com/ve-may-bay-da-nang-di-hong-kong/","0","281","0","35.487544483985765"
"https://khangvuongbooking.com/ve-may-bay-da-nang-di-jeju-han-quoc-gia-re/","0","167","0","19.017964071856287"
"https://khangvuongbooking.com/ve-may-bay-da-nang-di-seoul-han-quoc-gia-re/","0","227","0","28.779735682819382"
"https://khangvuongbooking.com/ve-may-bay-da-nang-di-tay-an/","0","144","0","12.319444444444445"
"https://khangvuongbooking.com/ve-may-bay-da-nang-di-tham-quyen/","0","306","0","28.395424836601308"
"https://khangvuongbooking.com/ve-may-bay-da-nang-di-trung-khanh/","0","170","0","16.517647058823528"
"https://khangvuongbooking.com/ve-may-bay-di-an-do-gia-re/","0","565","0","27.41592920353982"
"https://khangvuongbooking.com/ve-may-bay-di-anh-gia-re-moi-nhat-2025/","0","254","0","59.27165354330709"
"https://khangvuongbooking.com/ve-may-bay-di-anh-gia-re/","0","41","0","47.65853658536585"
"https://khangvuongbooking.com/ve-may-bay-di-ca-mau/","0","176","0","87.69886363636364"
"https://khangvuongbooking.com/ve-may-bay-di-canada-gia-re/","0","7","0","52.57142857142857"
"https://khangvuongbooking.com/ve-may-bay-di-canada-gia-re/b","0","1","0","10"
"https://khangvuongbooking.com/ve-may-bay-di-cao-hung-dai-loan/","0","672","0","40.5"
"https://khangvuongbooking.com/ve-may-bay-di-con-dao/","0","1","0","47"
"https://khangvuongbooking.com/ve-may-bay-di-da-lat/","0","1","0","44"
"https://khangvuongbooking.com/ve-may-bay-di-dai-bac/","0","5","0","73"
"https://khangvuongbooking.com/ve-may-bay-di-dai-loan-gia-re/","0","822","0","42.43065693430657"
"https://khangvuongbooking.com/ve-may-bay-di-dai-trung-dai-loan/","0","205","0","42.71707317073171"
"https://khangvuongbooking.com/ve-may-bay-di-dien-bien/","0","1","0","9"
"https://khangvuongbooking.com/ve-may-bay-di-domodedovo-moscow-nga-vietnam-airlines/","0","80","0","15.225"
"https://khangvuongbooking.com/ve-may-bay-di-ha-lan/","0","1","0","7"
"https://khangvuongbooking.com/ve-may-bay-di-ha-noi/","0","80","0","48.425"
"https://khangvuongbooking.com/ve-may-bay-di-han-quoc/","0","1","0","101"
"https://khangvuongbooking.com/ve-may-bay-di-hong-kong/","0","528","0","74.55871212121212"
"https://khangvuongbooking.com/ve-may-bay-di-hue/","0","1","0","8"
"https://khangvuongbooking.com/ve-may-bay-di-london-gia-re/","0","2","0","8"
"https://khangvuongbooking.com/ve-may-bay-di-my-gia-re/","0","324","0","56.55864197530864"
"https://khangvuongbooking.com/ve-may-bay-di-my-gia-re/page/2/","0","25","0","36.44"
"https://khangvuongbooking.com/ve-may-bay-di-my-gia-re/page/3/","0","105","0","22.19047619047619"
"https://khangvuongbooking.com/ve-may-bay-di-my-gia-re/page/6/","0","16","0","40.5625"
"https://khangvuongbooking.com/ve-may-bay-di-nga-moscow/","0","3707","0","36.48907472349609"
"https://khangvuongbooking.com/ve-may-bay-di-nha-trang/","0","9","0","66.44444444444444"
"https://khangvuongbooking.com/ve-may-bay-di-nhat-ban-gia-re/","0","1300","0","52.98153846153846"
"https://khangvuongbooking.com/ve-may-bay-di-phu-quoc/","0","2","0","10"
"https://khangvuongbooking.com/ve-may-bay-di-pleiku/","0","2","0","8"
"https://khangvuongbooking.com/ve-may-bay-di-quang-chau/","0","523","0","50.250478011472275"
"https://khangvuongbooking.com/ve-may-bay-di-singapore/","0","721","0","63.04854368932039"
"https://khangvuongbooking.com/ve-may-bay-di-tp-hcm/","0","227","0","62.54625550660793"
"https://khangvuongbooking.com/ve-may-bay-di-uc/","0","681","0","49.57562408223201"
"https://khangvuongbooking.com/ve-may-bay-di-vinh/","0","36","0","9.11111111111111"
"https://khangvuongbooking.com/ve-may-bay-du-hoc-sinh-bac-kinh/","0","25","0","23.92"
"https://khangvuongbooking.com/ve-may-bay-du-hoc-sinh-chiet-giang/","0","434","0","13.26036866359447"
"https://khangvuongbooking.com/ve-may-bay-du-hoc-sinh-quang-chau/","0","89","0","21.685393258426966"
"https://khangvuongbooking.com/ve-may-bay-eva-air/","0","228","0","58.32017543859649"
"https://khangvuongbooking.com/ve-may-bay-gia-re/","0","2","0","9"
"https://khangvuongbooking.com/ve-may-bay-ha-noi-di-brisbane-uc/","0","471","0","33.67091295116773"
"https://khangvuongbooking.com/ve-may-bay-ha-noi-di-busan-han-quoc-gia-re/","0","304","0","38.661184210526315"
"https://khangvuongbooking.com/ve-may-bay-ha-noi-di-calgary-canada/","0","450","0","35.553333333333335"
"https://khangvuongbooking.com/ve-may-bay-ha-noi-di-cao-hung-dai-loan-gia-re/","0","364","0","39.5467032967033"
"https://khangvuongbooking.com/ve-may-bay-ha-noi-di-daegu-han-quoc-gia-re/","0","105","0","23.333333333333332"
"https://khangvuongbooking.com/ve-may-bay-ha-noi-di-dai-bac-dai-loan-gia-re/","0","701","0","39.5435092724679"
"https://khangvuongbooking.com/ve-may-bay-ha-noi-di-dai-loan-gia-re/","0","62","0","42.354838709677416"
"https://khangvuongbooking.com/ve-may-bay-ha-noi-di-dai-trung-dai-loan-gia-re/","0","250","0","43.584"
"https://khangvuongbooking.com/ve-may-bay-ha-noi-di-edmonton-canada/","0","384","0","41.796875"
"https://khangvuongbooking.com/ve-may-bay-ha-noi-di-gwangju-han-quoc-gia-re/","0","121","0","10.710743801652892"
"https://khangvuongbooking.com/ve-may-bay-ha-noi-di-hong-kong/","0","2057","0","34.872143898881866"
"https://khangvuongbooking.com/ve-may-bay-ha-noi-di-melbourne-uc/","0","790","0","32.332911392405066"
"https://khangvuongbooking.com/ve-may-bay-ha-noi-di-montreal-canada/","0","177","0","21.06779661016949"
"https://khangvuongbooking.com/ve-may-bay-ha-noi-di-phuc-chau/","0","532","0","13.171052631578947"
"https://khangvuongbooking.com/ve-may-bay-ha-noi-di-seoul-han-quoc-gia-re/","0","804","0","33.657960199004975"
"https://khangvuongbooking.com/ve-may-bay-ha-noi-di-sydney-uc/","0","552","0","48.48731884057971"
"https://khangvuongbooking.com/ve-may-bay-ha-noi-di-trung-khanh/","0","1104","0","24.143115942028984"
"https://khangvuongbooking.com/ve-may-bay-hang/","0","3732","0","9.65005359056806"
"https://khangvuongbooking.com/ve-may-bay-ho-chi-minh-di-adelaide-uc/","0","270","0","34.714814814814815"
"https://khangvuongbooking.com/ve-may-bay-ho-chi-minh-di-busan-han-quoc-gia-re/","0","319","0","43.3448275862069"
"https://khangvuongbooking.com/ve-may-bay-ho-chi-minh-di-cao-hung-dai-loan-gia-re/","0","69","0","37.130434782608695"
"https://khangvuongbooking.com/ve-may-bay-ho-chi-minh-di-daegu-han-quoc-gia-re/","0","130","0","15.753846153846155"
"https://khangvuongbooking.com/ve-may-bay-ho-chi-minh-di-dai-loan-gia-re/","0","333","0","37.573573573573576"
"https://khangvuongbooking.com/ve-may-bay-ho-chi-minh-di-dai-trung-dai-loan-gia-re/","0","630","0","30.323809523809523"
"https://khangvuongbooking.com/ve-may-bay-ho-chi-minh-di-edmonton-canada/","0","538","0","30.897769516728623"
"https://khangvuongbooking.com/ve-may-bay-ho-chi-minh-di-hong-kong/","0","416","0","52.37259615384615"
"https://khangvuongbooking.com/ve-may-bay-ho-chi-minh-di-jeju-han-quoc-gia-re/","0","239","0","27.640167364016737"
"https://khangvuongbooking.com/ve-may-bay-ho-chi-minh-di-melbourne-uc/","0","413","0","38.743341404358354"
"https://khangvuongbooking.com/ve-may-bay-ho-chi-minh-di-nam-kinh/","0","516","0","28.93798449612403"
"https://khangvuongbooking.com/ve-may-bay-ho-chi-minh-di-ottawa-canada/","0","554","0","43.29602888086642"
"https://khangvuongbooking.com/ve-may-bay-ho-chi-minh-di-perth-uc/","0","197","0","39.40609137055838"
"https://khangvuongbooking.com/ve-may-bay-ho-chi-minh-di-seoul-han-quoc-gia-re/","0","490","0","43.65714285714286"
"https://khangvuongbooking.com/ve-may-bay-ho-chi-minh-di-sydney-uc/","0","258","0","49.13565891472868"
"https://khangvuongbooking.com/ve-may-bay-ho-chi-minh-di-uc-australia/","0","919","0","63.64961915125136"
"https://khangvuongbooking.com/ve-may-bay-jetstar/","0","1481","0","21.49358541525996"
"https://khangvuongbooking.com/ve-may-bay-nha-trang-di-dai-bac-dai-loan-gia-re/","0","33","0","28.272727272727273"
"https://khangvuongbooking.com/ve-may-bay-qatar-airways/","0","298","0","61.26845637583892"
"https://khangvuongbooking.com/ve-may-bay-quoc-te/ve-may-bay-di-anh-gia-re/","0","99","0","41.313131313131315"
"https://khangvuongbooking.com/ve-may-bay-quoc-te/ve-may-bay-di-duc-gia-re/","0","325","0","48.08"
"https://khangvuongbooking.com/ve-may-bay-quoc-te/ve-may-bay-di-hong-kong-gia-re/","0","55","0","65.25454545454545"
"https://khangvuongbooking.com/ve-may-bay-quoc-te/ve-may-bay-di-indonesia-gia-re/","0","2","0","21"
"https://khangvuongbooking.com/ve-may-bay-quoc-te/ve-may-bay-di-macao-gia-re/","0","1","0","10"
"https://khangvuongbooking.com/ve-may-bay-quoc-te/ve-may-bay-di-my-gia-re/","0","50","0","33.64"
"https://khangvuongbooking.com/ve-may-bay-quoc-te/ve-may-bay-di-my-gia-re/page/1/","0","1","0","8"
"https://khangvuongbooking.com/ve-may-bay-quoc-te/ve-may-bay-di-nhat-ban-gia-re/","0","37","0","63.2972972972973"
"https://khangvuongbooking.com/ve-may-bay-quoc-te/ve-may-bay-di-phap-gia-re/","0","6","0","29.166666666666668"
"https://khangvuongbooking.com/ve-may-bay-quoc-te/ve-may-bay-di-singapore-gia-re/","0","1","0","8"
"https://khangvuongbooking.com/ve-may-bay-quoc-te/ve-may-bay-di-thai-lan-gia-re/","0","2","0","3.5"
"https://khangvuongbooking.com/ve-may-bay-quoc-te/ve-may-bay-di-trung-quoc-gia-re/","0","69","0","44.231884057971016"
"https://khangvuongbooking.com/ve-may-bay-quoc-te/ve-may-bay-di-uc-gia-re/","0","34","0","52.85294117647059"
"https://khangvuongbooking.com/ve-may-bay-tet-khuyen-mai-vietnam-airlines-chi-tu-99-000-vnd/","0","6","0","9.833333333333334"
"https://khangvuongbooking.com/ve-may-bay-thai-airways/","0","11","0","39.72727272727273"
"https://khangvuongbooking.com/ve-may-bay-tiger-airways/","0","477","0","51.737945492662476"
"https://khangvuongbooking.com/ve-may-bay-tu-ha-noi-di-domodedovo-moscow-vietnam-airlines/","0","361","0","29.897506925207757"
"https://khangvuongbooking.com/ve-may-bay-tu-ho-chi-minh-di-domodedovo-moscow-nga/","0","383","0","23.85378590078329"
"https://khangvuongbooking.com/ve-may-bay-tu-ho-chi-minh-di-quang-chau/","0","1948","0","36.898870636550306"
"https://khangvuongbooking.com/ve-may-bay-tu-ho-chi-minh-di-tham-quyen/","0","72","0","30.083333333333332"
"https://khangvuongbooking.com/ve-may-bay-tu-ho-chi-minh-di-thanh-do/","0","679","0","30.34020618556701"
"https://khangvuongbooking.com/ve-may-bay-tu-ho-chi-minh-di-thuong-hai/","0","940","0","39.314893617021276"
"https://khangvuongbooking.com/ve-may-bay-vietjet-air/","0","185","0","16.308108108108108"
"https://khangvuongbooking.com/ve-may-bay-vietnam-airlines/","0","23","0","24.565217391304348"
"https://khangvuongbooking.com/ve-qatar-kham-pha-mua-chau-au-de-dang-chi-tu-20600000d-khu-hoi/","0","11","0","7.090909090909091"
"https://khangvuongbooking.com/ve-tet-vietnam-airlines-chi-tu-299-000d/","0","1","0","9"
"https://khangvuongbooking.com/ve-tiger-air-uu-dai-kham-pha-singapore-dau-nam-chi-tu-34-usd/","0","2","0","9"
"https://khangvuongbooking.com/ve-tu-35-usd-den-kuala-lumpur-quay-tung-malaysia-cung-air-asia/","0","1","0","99"
"https://khangvuongbooking.com/ve-tway-air-mot-chieu-bay-han-quoc-gia-re-nhu-mo-chi-tu-132-usd/","0","65","0","62.76923076923077"
"https://khangvuongbooking.com/ve-vietnam-airlines-chi-tu-124-usd-5-ngay-vang-thang-10-di-quoc-te/","0","1","0","8"
"https://khangvuongbooking.com/ve-vietnam-airlines-hang-thuong-gia-tp-hcm-di-thanh-hoa-chi-tu-3-trieu-dong/","0","46","0","10.41304347826087"
"https://khangvuongbooking.com/ve-vietnam-airlines-sieu-tiet-kiem-chi-tu-69-usd-khu-hoi-di-quoc-te/","0","4","0","19"
"https://khangvuongbooking.com/ve-vietnam-airlines-uu-dai-giam-17-nhan-dip-sinh-nhat-bong-sen-vang/","0","4","0","5.25"
"https://khangvuongbooking.com/vi-vu-khap-gioi-voi-ve-air-asia-mot-chieu-chi-tu-5-usd/","0","4","0","54.25"
"https://khangvuongbooking.com/vietjet-air-giam-99-ve-may-bay-gia-re-sale-12-12/","0","28","0","81.39285714285714"
"https://khangvuongbooking.com/vietjet-air-giam-gia-ve-may-bay-di-thanh-hoa-199k-dip-tet/","0","5","0","46.4"
"https://khangvuongbooking.com/vietjet-air-khai-thac-lai-duong-bay-da-lat-di-bangkok-gia-uu-dai/","0","63","0","38.06349206349206"
"https://khangvuongbooking.com/vietjet-air-khai-thac-tro-lai-chang-bay-di-cao-hung-tu-ha-noi-tphcm/","0","2","0","6.5"
"https://khangvuongbooking.com/vietjet-air-khai-truong-duong-bay-ha-noi-dai-bac/","0","13","0","77.3076923076923"
"https://khangvuongbooking.com/vietjet-air-khai-truong-duong-bay-moi-ha-noi-cao-hung-gia-chi-tu-0-dong/","0","1","0","4"
"https://khangvuongbooking.com/vietjet-air-khuyen-mai-hang-trieu-ve-0-dong-black-friday/","0","1","0","11"
"https://khangvuongbooking.com/vietjet-air-khuyen-mai-quoc-khanh-2-9-giam-50-gia-ve-may-bay/","0","1","0","46"
"https://khangvuongbooking.com/vietjet-air-khuyen-mai-ve-may-bay-di-dong-bac-a/","0","2","0","4"
"https://khangvuongbooking.com/vietjet-air-km-cuc-khung-di-thai-thoai-mai-voi-15-000-ve-0-dong/","0","33","0","40.39393939393939"
"https://khangvuongbooking.com/vietjet-air-mo-ban-2-trieu-ve-0-dong-phuc-vu-duong-bay-mua/","0","208","0","65.3125"
"https://khangvuongbooking.com/vietjet-air-mo-duong-bay-thang-giua-viet-nam-va-uc/","0","20","0","38.25"
"https://khangvuongbooking.com/vietjet-air-mo-duong-bay-thang-tu-ho-chi-minh-di-nagoya-fukuoka/","0","219","0","36.054794520547944"
"https://khangvuongbooking.com/vietjet-air-nang-han-muc-hanh-ly-xach-tay-9kg/","0","36","0","17.333333333333332"
"https://khangvuongbooking.com/vietjet-air-sieu-khuyen-mai-ve-0-dong-di-dai-loan-han-quoc/","0","11","0","36.63636363636363"
"https://khangvuongbooking.com/vietjet-air-tung-1-trieu-ve-0-dong-san-ve-ngay-bay-khap-viet-nam/","0","1","0","42"
"https://khangvuongbooking.com/vietjet-air-tung-15-000-ve-0-dong-nhan-dip-khai-truong-nha-ga-cat-bi/","0","7","0","11.571428571428571"
"https://khangvuongbooking.com/vietjet-air-tung-ve-loc-phat-chi-tu-68-000d/","0","2","0","9.5"
"https://khangvuongbooking.com/vietjet-air-uu-dai-20-ve-may-bay-den-le-hoi-holi-an-do/","0","13","0","44"
"https://khangvuongbooking.com/vietjet-air-uu-dai-20kg-hanh-ly-ky-gui-va-1-suat-an-den-trung-quoc/","0","26","0","13.384615384615385"
"https://khangvuongbooking.com/vietjet-air-uu-dai-gia-ve-may-bay-di-uc-tu-5-500-000d/","0","3","0","10.666666666666666"
"https://khangvuongbooking.com/vietjet-air-uu-dai-ve-0-dong-cac-duong-bay-trong-nuoc-tu-ha-noi/","0","26","0","32.230769230769226"
"https://khangvuongbooking.com/vietjet-air-uu-dai-ve-0-dong-chao-don-50-nam-ruc-ro/","0","5","0","31.2"
"https://khangvuongbooking.com/vietjet-air-uu-dai-ve-may-bay-di-singapore-dip-tet-2023/","0","19","0","72.84210526315789"
"https://khangvuongbooking.com/vietjet-air-uu-dai-ve-tu-199k-mung-duong-bay-moi-hcm-phnom-penh/","0","1","0","8"
"https://khangvuongbooking.com/vietjet-khai-truong-duong-bay-moi-ha-noi-busan-ve-chi-tu-920-000d/","0","1","0","5"
"https://khangvuongbooking.com/vietjet-khuyen-mai-20kg-hanh-ly-ky-gui-mien-phi-dai-loan/","0","24","0","23.833333333333332"
"https://khangvuongbooking.com/vietjet-khuyen-mai-99-gia-ve-may-bay-black-friday-2022/","0","4","0","6.25"
"https://khangvuongbooking.com/vietjet-khuyen-mai-ve-may-bay-0-dong-bay-di-cho-chi/","0","14","0","73.78571428571429"
"https://khangvuongbooking.com/vietjet-khuyen-mai-ve-may-bay-1402d-dip-le-tinh-nhan-14-2/","0","1","0","6"
"https://khangvuongbooking.com/vietnam-airlines-bamboo-airways-trien-khai-dich-vu-van-chuyen-dao-mai/","0","16","0","22.375"
"https://khangvuongbooking.com/vietnam-airlines-cho-ngoi-thoai-mai-hanh-trinh-nhu-y/","0","21","0","13.761904761904763"
"https://khangvuongbooking.com/vietnam-airlines-den-dong-nam-a-gia-ve-tam-tay-chi-tu-200-000d/","0","3","0","51.666666666666664"
"https://khangvuongbooking.com/vietnam-airlines-flash-sale-mung-50-nam-giai-phong-da-nang/","0","26","0","49.42307692307692"
"https://khangvuongbooking.com/vietnam-airlines-giam-10-gia-ve-dip-valentine-14-2/","0","1","0","6"
"https://khangvuongbooking.com/vietnam-airlines-giam-15-ve-may-bay-ky-niem-19-nam-bong-sen-vang/","0","5","0","53.2"
"https://khangvuongbooking.com/vietnam-airlines-giam-20-phi-chon-cho-ngoi-ve-phuong-dong/","0","2","0","14"
"https://khangvuongbooking.com/vietnam-airlines-he-ruc-ro-uu-dai-tha-ga/","0","9","0","9"
"https://khangvuongbooking.com/vietnam-airlines-khai-thac-cac-chuyen-bay-tu-viet-nam-den-han-quoc/","0","27","0","22.925925925925927"
"https://khangvuongbooking.com/vietnam-airlines-khai-xuan-khuyen-mai-ve-may-bay-chi-tu-502-000-vnd/","0","7","0","5.142857142857143"
"https://khangvuongbooking.com/vietnam-airlines-khuyen-mai-5-gia-ve-may-bay-cuoi-tuan/","0","19","0","14.789473684210526"
"https://khangvuongbooking.com/vietnam-airlines-khuyen-mai-chi-299-000-vnd-don-he-ruc-ro/","0","2","0","8"
"https://khangvuongbooking.com/vietnam-airlines-khuyen-mai-chi-tu-593-000-vnd-thu-5-ruc-ro/","0","1","0","29"
"https://khangvuongbooking.com/vietnam-airlines-khuyen-mai-dau-thang-gia-tot-chi-tu-579-000-vnd/","0","2","0","9.5"
"https://khangvuongbooking.com/vietnam-airlines-khuyen-mai-giam-20-mung-tan-sinh-vien/","0","106","0","64.19811320754717"
"https://khangvuongbooking.com/vietnam-airlines-khuyen-mai-he-di-nhat-ban-khu-hoi-chi-tu-8-700-000d/","0","21","0","21.476190476190474"
"https://khangvuongbooking.com/vietnam-airlines-khuyen-mai-khu-hoi-di-moscow-chi-tu-3-799-000d/","0","19","0","6.684210526315789"
"https://khangvuongbooking.com/vietnam-airlines-khuyen-mai-ngay-tang-qua-du-lich-tha-ga/","0","1","0","6"
"https://khangvuongbooking.com/vietnam-airlines-khuyen-mai-ve-may-bay-di-uc-tu-viet-nam/","0","124","0","48.41935483870968"
"https://khangvuongbooking.com/vietnam-airlines-mien-phi-hanh-ly-ky-gui-23kg-cho-ve-pho-thong/","0","2","0","8"
"https://khangvuongbooking.com/vietnam-airlines-mien-phi-nang-hang-cho-ve-pho-thong/","0","24","0","18.791666666666668"
"https://khangvuongbooking.com/vietnam-airlines-mo-ban-lai-chang-bay-giua-viet-nam-va-trung-quoc/","0","95","0","26.189473684210526"
"https://khangvuongbooking.com/vietnam-airlines-nhan-doi-khuyen-mai-chuyen-bay-di-uc/","0","5","0","41.2"
"https://khangvuongbooking.com/vietnam-airlines-tam-dung-ban-hanh-ly-tra-truoc-mot-chuyen-bay-tu-nhat/","0","21","0","30.952380952380953"
"https://khangvuongbooking.com/vietnam-airlines-tang-175-chuyen-bay-noi-dia-phuc-vu-dip-3004-va-0105/","0","3","0","11.666666666666666"
"https://khangvuongbooking.com/vietnam-airlines-uu-dai-20-gia-ve-hang-thuong-gia/","0","295","0","51.122033898305084"
"https://khangvuongbooking.com/vietnam-airlines-uu-dai-chuyen-bay-giua-ha-noi-va-sai-gon/","0","11","0","31.363636363636363"
"https://khangvuongbooking.com/vietnam-airlines-uu-dai-dich-vu-bo-tro-den-50/","0","44","0","14.954545454545455"
"https://khangvuongbooking.com/vietnam-airlines-uu-dai-ve-bay-sieu-tiet-kiem-den-san-francisco/","0","6","0","57.166666666666664"
"https://khangvuongbooking.com/vietnam-airlines-uu-dai-ve-khu-hoi-da-nang-di-bangkok-chi-tu-699-000d/","0","68","0","70.92647058823529"
"https://khangvuongbooking.com/vietnam-airlines-uu-dai-ve-may-bay-di-perth-tu-viet-nam/","0","114","0","44.64035087719298"
"https://khangvuongbooking.com/vietnam-airlines-uu-dai-ve-may-bay-gia-re-di-con-dao-thang-10/","0","4","0","23.5"
"https://khangvuongbooking.com/vivu-theo-nhom-vietnam-airlines-khuyen-mai-giam-den-15/","0","55","0","49.38181818181818"
"https://khangvuongbooking.com/vo-tu-kham-khong-lo-ve-gia-cung-malindo-air-bay-khap-chau-voi-ve-bay-chi-tu-89-usd/","0","2","0","37.5"
"https://khangvuongbooking.com/vu-tru-goi-moi-san-ngay-ve-vietjet-gia-hoi/","0","1","0","6"
"https://khangvuongbooking.com/vui-say-bay-gia-re-cung-ve-air-asia-chi-tu-31-usd-chieu/","0","2","0","10"
"https://khangvuongbooking.com/vui-tet-canh-ty-nhan-li-xi-khuyen-mai-10-tu-vietnam-airlines/","0","8","0","5.625"
"https://khangvuongbooking.com/wp-content/uploads/2015/10/germany.jpg","0","1","0","70"
"https://khangvuongbooking.com/wp-content/uploads/2015/12/air-china2-e1449215644258.jpg","0","1","0","25"
"https://khangvuongbooking.com/wp-content/uploads/2017/03/cd.jpg","0","1","0","25"
"https://khangvuongbooking.com/wp-content/uploads/2018/02/Tan_Son_Nhat1.jpg","0","1","0","9"
"https://khangvuongbooking.com/wp-content/uploads/2018/02/san-bay-quoc-te-da-nang-2.jpg","0","1","0","30"
"https://khangvuongbooking.com/wp-content/uploads/2018/02/san-bay-quoc-te-da-nang.jpg","0","1","0","23"
"https://khangvuongbooking.com/wp-content/uploads/2018/07/1450202_586194808118709_388579283_n-1-Copy.jpg","0","2","0","14"
"https://khangvuongbooking.com/wp-content/uploads/2018/07/bangkok-thailand-2880x1800.jpg","0","1","0","3"
"https://khangvuongbooking.com/wp-content/uploads/2022/10/Los-Angeles-con-duoc-biet-den-la-kinh-do-anh-sang-cua-Bang-California.webp","0","1","0","64"
"https://khangvuongbooking.com/wp-content/uploads/2023/06/Com-cuon-rong-bien-Kimbap-noi-tieng-khap-the-gioi.webp","0","1","0","30"
"https://khangvuongbooking.com/wp-content/uploads/2023/06/Kim-chi-Han-Quoc-ngon-xuyt-xoa.webp","0","2","0","51.5"
"https://khangvuongbooking.com/wp-content/uploads/2023/06/Kimbap-tam-giac-Han-Quoc-duoc-gioi-tre-ua-chuong.webp","0","1","0","7"
"https://khangvuongbooking.com/wp-content/uploads/2025/03/Doi-ve-may-bay-Air-France.webp","0","1","0","20"
"https://khangvuongbooking.com/wp-content/uploads/2025/03/Doi-ve-may-bay-Delta-Airlines.webp","0","1","0","94"
"https://khangvuongbooking.com/wp-content/uploads/2025/03/Doi-ve-may-bay-KLM.webp","0","1","0","22"
"https://khangvuongbooking.com/wp-content/uploads/2025/05/Ve-may-bay-Ho-Chi-Minh-di-Vancouver-Canada.webp","0","1","0","35"
"https://khangvuongbooking.com/wp-content/uploads/2025/05/Xin-visa-du-hoc-Trung-Quoc-can-nhung-gi.webp","0","1","0","24"
"https://khangvuongbooking.com/wp-content/uploads/2025/09/Ghe-hang-thuong-gia-hang-STARLUX-Airlines.png","0","1","0","18"
"https://khangvuongbooking.com/wp-content/uploads/2025/09/Long-van-chuyen-cho-meo-di-may-bay_1.jpg","0","1","0","17"
