source_url,source_path,clicks,impressions,ctr,position,mapping_defined,mapped_target,http_status,runtime_target,mapping_status,query_count,top_queries
"https://khangvuongbooking.com/mua-them-hanh-ly-ana-nippon-airways/","/mua-them-hanh-ly-ana-nippon-airways","829","17517","0.04732545527202146","7.235656790546327","true","/mua-them-hanh-ly","0","","mapping_defined_unverified","5","mua thêm hành lý ký gửi ana | mua thêm hành lý ký gửi ana bao nhiều tiền | ana airline hành lý | dai ly nippon airways | kích thước hành lý ký gửi ana"
"https://khangvuongbooking.com/mua-them-hanh-ly-air-asia/","/mua-them-hanh-ly-air-asia","704","30176","0.02332979851537646","6.587155355249204","true","/mua-them-hanh-ly","0","","mapping_defined_unverified","5","mua thêm hành lý ký gửi air asia | mua thêm hành lý air asia | giá mua thêm hành lý ký gửi air asia | mua hành lý ký gửi air asia | mua hành lý airasia"
"https://khangvuongbooking.com/mua-them-hanh-ly-japan-airlines/","/mua-them-hanh-ly-japan-airlines","697","11302","0.061670500796319236","8.641390904264732","true","/mua-them-hanh-ly-japan-airlines","0","","mapping_defined_unverified","5","mua thêm hành lý ký gửi japan airline | mua thêm hành lý japan airline | quy định hành lý japan airlines | kích thước hành lý ký gửi japan airlines | dai ly japan airlines"
"https://khangvuongbooking.com/mua-them-hanh-ly-turkish-airlines/","/mua-them-hanh-ly-turkish-airlines","616","13506","0.045609358803494746","5.462905375388716","true","/mua-them-hanh-ly-turkish-airlines","0","","mapping_defined_unverified","5","mua thêm hành lý ký gửi turkish airline | hành lý ký gửi turkish airlines | turkish airlines hành lý ký gửi | quy định hành lý của turkish airlines | hành lý xách tay turkish airlines"
"https://khangvuongbooking.com/kinh-hai-chuyen-ma-am-o-khach-san-grand-hyatt-dai-bac/","/kinh-hai-chuyen-ma-am-o-khach-san-grand-hyatt-dai-bac","530","4167","0.1271898248140149","10.093352531797457","true","/cam-nang-bay","0","","mapping_defined_unverified","5","grand hyatt đài loan | grandhyatt taipei | khách sạn bên đường tại đài bắc | khách sạn đài bắc | grand hyatt taipei"
"https://khangvuongbooking.com/doi-ve-may-bay-air-asia/","/doi-ve-may-bay-air-asia","476","14255","0.03339179235356016","9.314836899333567","true","/doi-ngay-ve","0","","mapping_defined_unverified","5","phí đổi vé air asia | đổi vé air asia | đổi vé máy bay air asia | doi ve air asia | vé air asia"
"https://khangvuongbooking.com/mua-them-hanh-ly-qatar-airways/","/mua-them-hanh-ly-qatar-airways","469","13667","0.034316236189361235","5.95031828491988","true","/mua-them-hanh-ly-qatar-airways","0","","mapping_defined_unverified","5","mua thêm hành lý ký gửi qatar airway giá | mua thêm hành lý qatar airways | mua thêm hành lý ký gửi qatar airway | hãng qatar airways hành lý ký gửi | qatar airways mua thêm hành lý ký gửi"
"https://khangvuongbooking.com/mua-them-hanh-ly-emirates/","/mua-them-hanh-ly-emirates","407","12154","0.03348691788711535","6.206351818331414","true","/mua-them-hanh-ly-emirates","0","","mapping_defined_unverified","5","giá mua thêm hành lý ký gửi emirates | mua thêm hành lý ký gửi emirates | mua thêm hành lý emirates | emirates mua thêm hành lý | hành lý ký gửi emirates"
"https://khangvuongbooking.com/mua-them-hanh-ly-air-china/","/mua-them-hanh-ly-air-china","328","8965","0.0365867261572783","6.975460122699387","true","/mua-them-hanh-ly-air-china","0","","mapping_defined_unverified","5","mua thêm hành lý ký gửi air china | air china hành lý xách tay | mua thêm hành lý air china | quy định hành lý air china | quy định hành lý xách tay air china"
"https://khangvuongbooking.com/mua-them-hanh-ly-sichuan-airlines/","/mua-them-hanh-ly-sichuan-airlines","319","4699","0.06788678442221749","4.739519046605661","true","/mua-them-hanh-ly","0","","mapping_defined_unverified","5","sichuan airlines hành lý | mua thêm hành lý ký gửi sichuan airlines | sichuan airlines, hành lý | hãng sichuan airlines | chi phí bao nhiêu"
"https://khangvuongbooking.com/mua-them-hanh-ly-china-eastern-airlines/","/mua-them-hanh-ly-china-eastern-airlines","304","26218","0.011595087344572432","7.793576931878862","true","/mua-them-hanh-ly-china-eastern","0","","mapping_defined_unverified","5","mua thêm hành lý ký gửi china eastern airlines | china eastern airlines quy định hành lý | quy định hành lý ký gửi china eastern airlines | hành lý ký gửi china eastern airlines | quy định hành lý china eastern airlines"
"https://khangvuongbooking.com/mua-them-hanh-ly-hongkong-airlines/","/mua-them-hanh-ly-hongkong-airlines","273","5054","0.054016620498614956","6.3246933122279385","true","/mua-them-hanh-ly","0","","mapping_defined_unverified","5","hk express hành lý | hong kong airlines đánh giá | hongkong airlines | hãng hongkong airlines | hong kong airlines"
"https://khangvuongbooking.com/mua-them-hanh-ly-delta-airlines/","/mua-them-hanh-ly-delta-airlines","266","5719","0.046511627906976744","6.586291309669523","true","/mua-them-hanh-ly","0","","mapping_defined_unverified","5","delta | hành lý xách tay delta airlines | vé máy bay đi mỹ hãng delta | mua thêm hành lý ký gửi đi mỹ | hành lý xách tay hãng delta"
"https://khangvuongbooking.com/mua-them-hanh-ly-cathay-pacific/","/mua-them-hanh-ly-cathay-pacific","249","9256","0.026901469317199653","6.570980985306828","true","/mua-them-hanh-ly-cathay-pacific","0","","mapping_defined_unverified","5","mua thêm hành lý cathay pacific | mua thêm hành lý ký gửi cathay pacific | giá mua thêm hành lý ký gửi cathay pacific | hành lý ký gửi cathay pacific | giá hành lý ký gửi cathay pacific"
"https://khangvuongbooking.com/mua-them-hanh-ly-air-canada/","/mua-them-hanh-ly-air-canada","228","6422","0.03550295857988166","6.957645593273123","true","/mua-them-hanh-ly","0","","mapping_defined_unverified","5","mua thêm hành lý ký gửi đi canada | hành lý ký gửi air canada | hành lý xách tay air canada | dai ly air canada | gửi hành lý cá nhân đi canada"
"https://khangvuongbooking.com/mua-them-hanh-ly-tway-air/","/mua-them-hanh-ly-tway-air","222","4380","0.050684931506849315","5.883561643835616","true","/mua-them-hanh-ly","0","","mapping_defined_unverified","5","t'way air hành lý ký gửi | lý t | t'way air | tway | site:khangvuongbooking.com"
"https://khangvuongbooking.com/mua-them-hanh-ly-singapore-airlines/","/mua-them-hanh-ly-singapore-airlines","221","6680","0.03308383233532934","6.841766467065868","true","/mua-them-hanh-ly-singapore-airlines","0","","mapping_defined_unverified","5","mua thêm hành lý ký gửi singapore airline | phí mua thêm hành lý singapore airlines | mua thêm hành lý singapore airline | hành lý ký gửi singapore airline | quy định hành lý ký gửi singapore airline"
"https://khangvuongbooking.com/mua-them-hanh-ly-philippines-airlines/","/mua-them-hanh-ly-philippines-airlines","210","4933","0.042570443948915467","5.058787755929455","true","/mua-them-hanh-ly","0","","mapping_defined_unverified","5","quy định hành lý ký gửi philippine airline | 230usd to vnd | chắc chưa | hanoi to manila | hãng hàng không philippines airlines"
"https://khangvuongbooking.com/mua-them-hanh-ly-vietnam-airlines/","/mua-them-hanh-ly-vietnam-airlines","200","40641","0.004921138751507099","7.895499618611747","true","/mua-them-hanh-ly-vietnam-airlines","0","","mapping_defined_unverified","5","giá mua thêm kg hành lý vietnam airline quốc tế | mua thêm hành lý vietnam airlines | giá mua thêm kiện hành lý vietnam airline quốc tế | mua thêm hành lý ký gửi vietnam airlines quốc tế | mua thêm hành lý ký gửi vietnam airlines"
"https://khangvuongbooking.com/mua-them-hanh-ly-malaysia-airlines/","/mua-them-hanh-ly-malaysia-airlines","198","6117","0.032368808239333004","5.795487984306033","true","/mua-them-hanh-ly","0","","mapping_defined_unverified","5","mua thêm hành lý ký gửi malaysia airlines | hành lý ký gửi malaysia airlines | site:khangvuongbooking.com | hãng hàng không mh | mua thêm"
"https://khangvuongbooking.com/huong-dan-mua-them-hanh-ly-cac-hang-hang-khong/","/huong-dan-mua-them-hanh-ly-cac-hang-hang-khong","193","22647","0.008522100057402747","12.563606658718594","true","/mua-them-hanh-ly","0","","mapping_defined_unverified","5","mua thêm hành lý ký gửi quốc tế | mua thêm hành lý ký gửi | giá mua thêm hành lý ký gửi | cách mua thêm hành lý vietnam airline | mua thêm hành lý emirates"
"https://khangvuongbooking.com/mua-them-hanh-ly-china-airlines/","/mua-them-hanh-ly-china-airlines","192","36282","0.005291880271208864","8.027396505154071","true","/mua-them-hanh-ly-china-airlines","0","","mapping_defined_unverified","5","mua thêm hành lý china airlines | giá mua thêm hành lý ký gửi china airlines | china airlines mua thêm hành lý ký gửi | hành lý ký gửi china airlines | mua thêm hành lý ký gửi china airline"
"https://khangvuongbooking.com/mua-them-hanh-ly-asiana-airlines/","/mua-them-hanh-ly-asiana-airlines","162","8841","0.01832371903630811","6.807714059495532","true","/mua-them-hanh-ly","0","","mapping_defined_unverified","5","mua thêm hành lý ký gửi asiana airline | mua thêm hành lý asiana airlines | hành lý xách tay asiana airline | hành lý ký gửi asiana airline | hành lý asiana airlines"
"https://khangvuongbooking.com/mua-them-hanh-ly-china-southern-airlines/","/mua-them-hanh-ly-china-southern-airlines","161","9946","0.016187412024934646","7.869394731550372","true","/mua-them-hanh-ly-china-southern","0","","mapping_defined_unverified","5","mua thêm hành lý ký gửi china southern airlines | quy định hành lý ký gửi china southern airlines | hành lý ký gửi china southern airlines | china southern airlines hành lý ký gửi | hành lý china southern airlines"
"https://khangvuongbooking.com/","/","154","27263","0.005648681363019477","11.403220481971903","true","/","0","","mapping_defined_unverified","5","khang vuong booking | vé máy bay mai trí vương | khang vuong | đặt vé máy bay giá rẻ | ve may bay"
"https://khangvuongbooking.com/mua-them-hanh-ly-xiamen-airlines/","/mua-them-hanh-ly-xiamen-airlines","152","3255","0.046697388632872504","5.526574500768049","true","/mua-them-hanh-ly","0","","mapping_defined_unverified","5","xiamen airlines có tốt không | excess baggage | vé máy bay đi xiamen | site:khangvuongbooking.com | xiamen airlines"
"https://khangvuongbooking.com/mua-them-hanh-ly-starlux-airlines/","/mua-them-hanh-ly-starlux-airlines","140","8452","0.01656412683388547","10.238050165641269","true","/mua-them-hanh-ly-starlux-airlines","0","","mapping_defined_unverified","5","mua thêm hành lý ký gửi starlux | starlux airlines hành lý xách tay | kích thước hành lý ký gửi starlux | starlux airlines | starlux"
"https://khangvuongbooking.com/mua-them-hanh-ly-korean-air/","/mua-them-hanh-ly-korean-air","133","4304","0.030901486988847583","8.192843866171003","true","/mua-them-hanh-ly-korean-air","0","","mapping_defined_unverified","5","mua thêm hành lý ký gửi korean air | mua thêm hành lý korean air | cách mua thêm hành lý ký gửi của korean air | mua thêm hành lý ký gửi đi mỹ | hành lý xách tay korean air"
"https://khangvuongbooking.com/mua-them-hanh-ly-united-airlines/","/mua-them-hanh-ly-united-airlines","127","4301","0.029528016740292956","5.653336433387584","true","/mua-them-hanh-ly","0","","mapping_defined_unverified","5","mua thêm hành lý ký gửi united airlines | hành lý xách tay hãng united airlines | hành lý xách tay united airline | hành lý ký gửi united airlines | mua thêm hành lý ký gửi đi mỹ"
"https://khangvuongbooking.com/huong-dan-doi-ngay-bay-cac-hang-hang-khong/","/huong-dan-doi-ngay-bay-cac-hang-hang-khong","126","27871","0.0045208281008934014","7.4730364895411","true","/hang-bay","0","","mapping_defined_unverified","5","vé máy bay có đổi ngày được không | vé máy bay có thể đổi ngày được không | mua vé máy bay có đổi ngày được không | vé máy bay có đổi được ngày không | có đổi được vé máy bay không"
"https://khangvuongbooking.com/doi-ve-may-bay-qatar-airways/","/doi-ve-may-bay-qatar-airways","126","4946","0.02547513141932875","9.61200970481197","true","/doi-ngay-ve-qatar-airways","0","","mapping_defined_unverified","5","doi ve qatar airways | vé máy bay đi qatar | vé máy bay qatar | khang vuong booking | vé máy bay việt nam qatar"
"https://khangvuongbooking.com/mua-them-hanh-ly-eva-air/","/mua-them-hanh-ly-eva-air","118","52514","0.0022470198423277603","10.349068819743307","true","/mua-them-hanh-ly-eva-air","0","","mapping_defined_unverified","5","mua thêm hành lý eva air | giá mua thêm hành lý ký gửi eva air | mua thêm hành lý ký gửi hãng eva | eva air mua thêm hành lý | mua hanh ly eva air"
"https://khangvuongbooking.com/mua-them-hanh-ly-indigo-airlines/","/mua-them-hanh-ly-indigo-airlines","113","2254","0.05013309671694765","5.340283939662822","true","/mua-them-hanh-ly","0","","mapping_defined_unverified","5","mua thêm hành lý ký gửi đi mỹ | mua thêm hành lý | indigo | mua thêm hành lý ký gửi quốc tế | site:khangvuongbooking.com"
"https://khangvuongbooking.com/mua-them-hanh-ly-air-france/","/mua-them-hanh-ly-air-france","112","2611","0.04289544235924933","6.059364228265032","true","/mua-them-hanh-ly","0","","mapping_defined_unverified","5","air france my booking | airfrance | airfrance booking | airfrance.mu | kí gửi"
"https://khangvuongbooking.com/doi-ve-may-bay-turkish-airlines/","/doi-ve-may-bay-turkish-airlines","108","3298","0.03274711946634324","7.695269860521528","true","/doi-ngay-ve-turkish-airlines","0","","mapping_defined_unverified","5","vé máy bay turkish airlines | tra cứu vé máy bay turkish airlines | doi ve turkish airlines | check vé máy bay turkish airlines | turkish"
"https://khangvuongbooking.com/mua-them-hanh-ly-scoot-air/","/mua-them-hanh-ly-scoot-air","105","7257","0.014468788755684168","7.40870883285104","true","/mua-them-hanh-ly","0","","mapping_defined_unverified","5","giá mua thêm hành lý ký gửi scoot | mua hành lý scoot | mua thêm hành lý ký gửi scoot | mua thêm hành lý scoot | đại lý flyscoot"
"https://khangvuongbooking.com/mua-them-hanh-ly-american-airlines/","/mua-them-hanh-ly-american-airlines","102","2801","0.03641556586933238","8.32738307747233","true","/mua-them-hanh-ly","0","","mapping_defined_unverified","5","kiểm tra vé máy bay american đi mỹ | vé máy bay đi mỹ hãng american airline | mua thêm hành lý ký gửi đi mỹ | american airlines | site:khangvuongbooking.com"
"https://khangvuongbooking.com/mua-them-hanh-ly-air-macau/","/mua-them-hanh-ly-air-macau","102","2045","0.04987775061124694","4.809779951100245","true","/mua-them-hanh-ly","0","","mapping_defined_unverified","5","site:khangvuongbooking.com | air macau airlines | air macau hotline | giá mua thêm kg hành lý vietnam airline quốc tế | ly air"
"https://khangvuongbooking.com/gioi-thieu-khang-vuong-booking/","/gioi-thieu-khang-vuong-booking","99","2277","0.043478260869565216","17.63153271848924","true","/hang-bay","0","","mapping_defined_unverified","5","khang vuong | khang vuong booking | gửi hàng đi malaysia giá rẻ uy tín | mua hanh ly eva air | đại lý flyscoot"
"https://khangvuongbooking.com/mua-them-hanh-ly-thai-airways/","/mua-them-hanh-ly-thai-airways","94","4205","0.02235434007134364","6.879667063020214","true","/mua-them-hanh-ly","0","","mapping_defined_unverified","5","mua thêm hành lý ký gửi thai airways | mua thêm hành lý thai airways | giá hành lý ký gửi thai airway | hành lý xách tay thai airways | quy định hành lý ký gửi thai airways"
"https://khangvuongbooking.com/doi-ve-may-bay-eva-air/","/doi-ve-may-bay-eva-air","93","115184","0.0008074038060841784","8.87442700375052","true","/doi-ngay-ve-eva-air","0","","mapping_defined_unverified","5","doi ve eva air | phí đổi vé eva air | doi ngay eva air | đổi vé máy bay eva air | đổi vé eva air"
"https://khangvuongbooking.com/doi-ve-may-bay-ana-nippon-airways/","/doi-ve-may-bay-ana-nippon-airways","91","3846","0.023660946437857513","9.858294331773271","true","/doi-ngay-ve","0","","mapping_defined_unverified","5","phòng vé nippon airways | vé máy bay ana | vé máy bay đi mỹ hãng ana | đại lý nippon airways | dai ly nippon airways"
"https://khangvuongbooking.com/mua-them-hanh-ly-etihad/","/mua-them-hanh-ly-etihad","91","2414","0.037696768848384424","5.2369511184755595","true","/mua-them-hanh-ly","0","","mapping_defined_unverified","3","site:khangvuongbooking.com | etihad | etihad airways tuyển dụng"
"https://khangvuongbooking.com/mua-them-hanh-ly-air-india/","/mua-them-hanh-ly-air-india","86","1507","0.05706702057067021","5.642335766423358","true","/mua-them-hanh-ly","0","","mapping_defined_unverified","5","site:khangvuongbooking.com | india ly | ly air | air india | giá cụ thể"
"https://khangvuongbooking.com/ve-may-bay-ha-noi-di-thanh-dao-son-dong/","/ve-may-bay-ha-noi-di-thanh-dao-son-dong","84","9495","0.008846761453396525","8.529647182727752","false","","0","","needs_mapping_review","5","vé máy bay hà nội thanh đảo | vé máy bay đi sơn đông trung quốc | vé máy bay đi thanh đảo | vé máy bay đi thanh đảo trung quốc | hà nội thanh đảo"
"https://khangvuongbooking.com/ve-may-bay-ha-noi-di-hang-chau/","/ve-may-bay-ha-noi-di-hang-chau","81","10254","0.007899356348741955","9.87565827969573","true","/ve-may-bay","0","","mapping_defined_unverified","5","bay từ hà nội đến hàng châu mất bao lâu | bay thẳng hà nội hàng châu | vé máy bay đi hàng châu | vé máy bay hà nội hàng châu | giá vé máy bay hà nội hàng châu"
"https://khangvuongbooking.com/doi-ve-may-bay-emirates/","/doi-ve-may-bay-emirates","79","3155","0.02503961965134707","6.896671949286846","true","/doi-ngay-ve-emirates","0","","mapping_defined_unverified","5","đổi vé máy bay emirates | site:khangvuongbooking.com | vé máy bay emirates | đặt vé máy bay emirates | giá vé emirates"
"https://khangvuongbooking.com/ve-may-bay-ho-chi-minh-di-thanh-dao-son-dong/","/ve-may-bay-ho-chi-minh-di-thanh-dao-son-dong","78","6689","0.011660935864852744","7.909104499925251","false","","0","","needs_mapping_review","5","vé máy bay đi thanh đảo | vé máy bay đi thanh đảo trung quốc | vé máy bay đi sơn đông trung quốc | sơn đông trung quốc cách việt nam bao nhiêu km | chuyến bay tới thanh đảo"
"https://khangvuongbooking.com/doi-ve-may-bay-starlux-airlines/","/doi-ve-may-bay-starlux-airlines","75","5857","0.01280519037049684","11.152296397473108","true","/doi-ngay-ve-starlux-airlines","0","","mapping_defined_unverified","5","doi ve starlux airlines | starlux | starlux airlines | booking vé máy bay | khang vuong booking"
"https://khangvuongbooking.com/mua-them-hanh-ly-cebu-pacific/","/mua-them-hanh-ly-cebu-pacific","71","4165","0.017046818727490996","16.080672268907563","true","/mua-them-hanh-ly","0","","mapping_defined_unverified","5","dai ly cebu pacific | đại lý cebu pacific | phong ve cebu pacific | phòng vé cebu pacific | văn phòng hãng cebu pacific"
"https://khangvuongbooking.com/ve-may-bay-ho-chi-minh-di-cap-nhi-tan/","/ve-may-bay-ho-chi-minh-di-cap-nhi-tan","67","5255","0.01274976213130352","7.9977164605137965","true","/ve-may-bay","0","","mapping_defined_unverified","5","chuyến bay tới cáp nhĩ tân | vé máy bay đi cáp nhĩ tân | hành lý 23kg đi cáp nhĩ tân có thể mang gì | vé máy bay cáp nhĩ tân | chuyến bay từ tp. hồ chí minh đến cáp nhĩ tân"
"https://khangvuongbooking.com/doi-ve-may-bay-japan-airlines/","/doi-ve-may-bay-japan-airlines","64","9004","0.007107952021323856","8.598622834295869","true","/doi-ngay-ve-japan-airlines","0","","mapping_defined_unverified","5","doi ve japan airlines | đổi vé máy bay japan airline | quản lý đặt chỗ japan airlines | site:khangvuongbooking.com | tổng đài japan airlines"
"https://khangvuongbooking.com/doi-ve-may-bay-scoot-air/","/doi-ve-may-bay-scoot-air","64","5221","0.012258188086573453","10.263551043861328","true","/doi-ngay-ve","0","","mapping_defined_unverified","5","phòng vé flyscoot | số điện thoại hãng flyscoot | đại lý flyscoot | doi ve scoot | vé máy bay scoot"
"https://khangvuongbooking.com/doi-ve-may-bay-cathay-pacific/","/doi-ve-may-bay-cathay-pacific","63","2779","0.022670025188916875","7.810003598416697","true","/doi-ngay-ve-cathay-pacific","0","","mapping_defined_unverified","5","đổi vé máy bay cathay pacific | cách đổi vé máy bay cathay pacific bằng điểm asia miles | đại lý cathay pacific | cách thức đổi dặm bay của cathay pacific hoạt động như thế nào? | tôi có thể nhận được các ưu đãi tốt hơn khi đặt vé trên trang web chính thức của cathay pacific hay trên các trang web du lịch bên thứ ba?"
"https://khangvuongbooking.com/mua-them-hanh-ly-vietjet-air/","/mua-them-hanh-ly-vietjet-air","60","19821","0.003027092477675193","10.547399223046265","true","/mua-them-hanh-ly-vietjet-air","0","","mapping_defined_unverified","5","mua thêm hành lý vietjet | mua thêm hành lý ký gửi vietjet | mua hành lý vietjet | mua thêm hành lý ký gửi vietjet sau khi mua vé | mua thêm hành lý xách tay vietjet"
"https://khangvuongbooking.com/doi-ve-may-bay-china-airlines/","/doi-ve-may-bay-china-airlines","48","8717","0.005506481587702191","12.55087759550304","true","/doi-ngay-ve-china-airlines","0","","mapping_defined_unverified","5","doi ve china airlines | đổi vé máy bay china airlines | ve may bay china airlines di my | doi ngay china airlines | booking vé máy bay"
"https://khangvuongbooking.com/doi-ve-may-bay-singapore-airlines/","/doi-ve-may-bay-singapore-airlines","48","2778","0.017278617710583154","8.950323974082075","true","/doi-ngay-ve-singapore-airlines","0","","mapping_defined_unverified","5","vé máy bay singapore airlines | đổi vé máy bay singapore airlines | site:khangvuongbooking.com | doi ve singapore airlines | văn phòng bán vé hãng hàng không singapore tại việt nam"
"https://khangvuongbooking.com/ve-may-bay-ha-noi-di-urumqi-tan-cuong/","/ve-may-bay-ha-noi-di-urumqi-tan-cuong","45","4277","0.010521393500116905","8.689501987374328","true","/ve-may-bay","0","","mapping_defined_unverified","5","bay hà nội tân cương mất bao lâu | vé máy bay đi urumqi | thời tiết urumqi | chuyến bay tới ürümqi | vé máy bay hà nội thiên tân"
"https://khangvuongbooking.com/doi-ve-may-bay-air-china/","/doi-ve-may-bay-air-china","45","3048","0.014763779527559055","10.521981627296588","true","/doi-ngay-ve-air-china","0","","mapping_defined_unverified","5","doi ve air china | check vé máy bay air china | vé máy bay đi an huy trung quốc | đổi vé máy bay china airlines | air china đánh giá"
"https://khangvuongbooking.com/doi-ve-may-bay-sichuan-airlines/","/doi-ve-may-bay-sichuan-airlines","43","2035","0.02113022113022113","8.58869778869779","true","/doi-ngay-ve","0","","mapping_defined_unverified","5","sichuan airlines quản lý đặt chỗ | site:khangvuongbooking.com | hãng hàng không sichuan airlines | hãng hàng không tứ xuyên | hình ảnh vé máy bay"
"https://khangvuongbooking.com/so-dien-thoai-tong-dai-china-eastern-airlines/","/so-dien-thoai-tong-dai-china-eastern-airlines","42","3653","0.01149739939775527","10.007391185327128","true","/hang-bay","0","","mapping_defined_unverified","5","hotline china eastern airlines | tổng đài china eastern airlines | china eastern airlines hotline | văn phòng đại diện china eastern airlines tại hà nội | dai ly china eastern airlines"
"https://khangvuongbooking.com/dich-vu-sua-ten-ve-eva-air/","/dich-vu-sua-ten-ve-eva-air","41","1665","0.024624624624624624","17.502702702702702","true","/sua-ten-ve-eva-air","0","","mapping_defined_unverified","5","doi ve eva air | đổi vé máy bay eva air | mua hanh ly eva air | phí đổi vé eva air | eva bị lỗi"
"https://khangvuongbooking.com/doi-ve-may-bay-philippines-airlines/","/doi-ve-may-bay-philippines-airlines","41","1035","0.03961352657004831","12.069565217391304","true","/doi-ngay-ve","0","","mapping_defined_unverified","5","vé máy bay đi philippines bao nhiêu tiền | giá vé máy bay philippines | vé máy bay sài gòn philippines | giá vé máy bay sang philippines | vé máy bay sang philippines"
"https://khangvuongbooking.com/ve-may-bay-ho-chi-minh-di-urumqi-tan-cuong/","/ve-may-bay-ho-chi-minh-di-urumqi-tan-cuong","40","3072","0.013020833333333334","9.631184895833334","true","/ve-may-bay","0","","mapping_defined_unverified","5","vé máy bay đi tân cương | vé máy bay tân cương | vé máy bay đi urumqi | chuyến bay tới ürümqi | thời tiết urumqi"
"https://khangvuongbooking.com/mua-them-hanh-ly-jetstar/","/mua-them-hanh-ly-jetstar","40","2192","0.01824817518248175","9.376824817518248","true","/mua-them-hanh-ly","0","","mapping_defined_unverified","5","phí mua thêm hành lý jetstar | jetstar mua thêm hành lý | site:khangvuongbooking.com | giá hành lý ký gửi jetstar | jetstar hành lý ký gửi"
"https://khangvuongbooking.com/mua-them-hanh-ly-lao-airlines/","/mua-them-hanh-ly-lao-airlines","40","1013","0.039486673247778874","5.788746298124383","true","/mua-them-hanh-ly","0","","mapping_defined_unverified","5","site:khangvuongbooking.com | các chuyến bay từ vte đến lpq | có | gwei lao | hành lý 187"
"https://khangvuongbooking.com/sanh-thuc-chau-va-chau-au-qua-nhung-chiec-banh/","/sanh-thuc-chau-va-chau-au-qua-nhung-chiec-banh","39","705","0.05531914893617021","12.412765957446808","true","/cam-nang-bay","0","","mapping_defined_unverified","5","bánh âu là gì | các loại bánh âu | bánh âu | site:khangvuongbooking.com | bánh á"
"https://khangvuongbooking.com/dai-ly-phong-ve-starlux-airlines/","/dai-ly-phong-ve-starlux-airlines","38","2659","0.01429108687476495","7.480631816472358","true","/hang-bay","0","","mapping_defined_unverified","5","văn phòng đại diện starlux airlines tại tphcm | hãng bay starlux của nước nào | văn phòng starlux airlines | starlux airlines là hãng nào | starlux airlines của nước nào"
"https://khangvuongbooking.com/doi-ve-may-bay-china-southern-airlines/","/doi-ve-may-bay-china-southern-airlines","37","5281","0.007006248816512024","14.162090513160386","true","/doi-ngay-ve-china-southern","0","","mapping_defined_unverified","5","doi ve china southern | china southern airlines | doi ngay china southern | china southern airlines manage booking | đổi vé máy bay china southern airlines"
"https://khangvuongbooking.com/so-dien-thoai-tong-dai-starlux-airlines/","/so-dien-thoai-tong-dai-starlux-airlines","37","2959","0.012504224400135181","6.9635011828320375","true","/hang-bay","0","","mapping_defined_unverified","5","starlux airlines vietnam số điện thoại | starlux airlines hotline | văn phòng starlux airlines | starlux airlines vietnam sổ điện thoại | văn phòng đại diện starlux airlines tại tphcm"
"https://khangvuongbooking.com/dich-vu-checkin-chon-cho-ngoi-hang-eva-air/","/dich-vu-checkin-chon-cho-ngoi-hang-eva-air","37","2844","0.013009845288326301","8.075246132208157","false","","0","","needs_mapping_review","5","eva air check in online trước báo lâu | chọn chỗ ngồi eva air | daoi ve eva air | eva check in | eva booking"
"https://khangvuongbooking.com/mua-them-hanh-ly-vietravel-airlines/","/mua-them-hanh-ly-vietravel-airlines","35","8760","0.003995433789954338","6.33013698630137","true","/mua-them-hanh-ly","0","","mapping_defined_unverified","5","cách mua hành lý ký gửi vietravel | mua hành lý vietravel | mua hành lý ký gửi vietravel airlines | cách mua thêm hành lý ký gửi vietravel | giá hành lý ký gửi vietravel airlines"
"https://khangvuongbooking.com/doi-ve-may-bay-indigo-airlines/","/doi-ve-may-bay-indigo-airlines","34","1087","0.031278748850046","6.358785648574057","true","/doi-ngay-ve","0","","mapping_defined_unverified","2","indigo đánh giá | site:khangvuongbooking.com"
"https://khangvuongbooking.com/booking/","/booking","33","7596","0.004344391785150079","3.1276987888362298","true","/cam-nang-bay","0","","mapping_defined_unverified","5","95h lý nam đế | khang vuong booking | site:khangvuongbooking.com | 95 lý nam đế | 95 lý nam đế hoàn kiếm hà nội"
"https://khangvuongbooking.com/doi-ve-may-bay-china-eastern-airlines/","/doi-ve-may-bay-china-eastern-airlines","32","10906","0.0029341646799926646","10.411149825783973","true","/doi-ngay-ve-china-eastern","0","","mapping_defined_unverified","5","doi ve china eastern | quan lý đặt chỗ china eastern airlines | văn phòng đại diện china eastern airlines tại hà nội | doi ve china eastern airlines | dai ly china eastern airlines"
"https://khangvuongbooking.com/doi-ve-may-bay-air-canada/","/doi-ve-may-bay-air-canada","32","1324","0.02416918429003021","11.450906344410877","true","/doi-ngay-ve","0","","mapping_defined_unverified","5","air canada đánh giá | dai ly air canada | tiền vé máy bay đi canada | air canada check in online | chi phí thường bao nhiêu"
"https://khangvuongbooking.com/ve-may-bay-ha-noi-di-cap-nhi-tan/","/ve-may-bay-ha-noi-di-cap-nhi-tan","31","2657","0.011667293940534437","10.181031238238615","false","","0","","needs_mapping_review","5","bay từ hà nội đến cáp nhĩ tân bao lâu | chuyến bay tới cáp nhĩ tân | vé máy bay đi cáp nhĩ tân | vé máy bay hà nội cáp nhĩ tân | chuyến bay từ tp. hồ chí minh đến cáp nhĩ tân"
"https://khangvuongbooking.com/so-dien-thoai-tong-dai-china-airlines/","/so-dien-thoai-tong-dai-china-airlines","30","5052","0.0059382422802850355","10.706650831353919","true","/hang-bay","0","","mapping_defined_unverified","5","tổng đài china airlines | số điện thoại china airlines | văn phòng china airlines tại tphcm | so dien thoai china airlines | số điện thoại địa chỉ hãng china airlines"
"https://khangvuongbooking.com/doi-ve-may-bay-korean-air/","/doi-ve-may-bay-korean-air","29","2879","0.010072941993747829","16.243834664814173","true","/doi-ngay-ve-korean-air","0","","mapping_defined_unverified","5","quản lý đặt chỗ korean air | korean air check-in | đổi vé máy bay korean air | đại lý korean air | kiểm tra vé máy bay korean air"
"https://khangvuongbooking.com/chuyen-bay-sai-gon-tp-hcm-di-houston-my-thang-9/","/chuyen-bay-sai-gon-tp-hcm-di-houston-my-thang-9","29","2847","0.010186160871092378","11.153846153846153","false","","0","","needs_mapping_review","5","vé máy bay từ houston đi tp. hồ chí minh | vé máy bay đi houston | vé máy bay từ tphcm đi houston | vé máy bay từ tp. hồ chí minh đi houston | vé máy bay từ houston về sài gòn"
"https://khangvuongbooking.com/doi-ve-may-bay-air-india/","/doi-ve-may-bay-air-india","29","872","0.033256880733944956","7.122706422018348","true","/doi-ngay-ve","0","","mapping_defined_unverified","4","site:khangvuongbooking.com | chuyển nhượng vé máy bay | air india booking online | air india check-in"
"https://khangvuongbooking.com/doi-ve-may-bay-malaysia-airlines/","/doi-ve-may-bay-malaysia-airlines","28","2553","0.010967489228358794","9.928319623971797","true","/doi-ngay-ve","0","","mapping_defined_unverified","5","quản lý đặt chỗ malaysia airlines | vé malaysia | vé máy bay đi malaysia bao nhieu tien | mua vé máy bay đi malaysia | giá vé máy bay malaysia"
"https://khangvuongbooking.com/mua-them-hanh-ly-qantas-airways/","/mua-them-hanh-ly-qantas-airways","28","909","0.030803080308030802","6.589658965896589","true","/mua-them-hanh-ly","0","","mapping_defined_unverified","5","site:khangvuongbooking.com | cách mua thêm hành lý ký gửi | giá là bao nhiêu | mua hành lý ký gửi | qantas"
"https://khangvuongbooking.com/doi-ve-may-bay-air-france/","/doi-ve-may-bay-air-france","27","957","0.02821316614420063","10.138975966562173","true","/doi-ngay-ve","0","","mapping_defined_unverified","5","đổi vé máy bay air france | vé máy bay air france | air france odwołany lot | liên lạc | quản lý đặt chỗ"
"https://khangvuongbooking.com/ve-may-bay-tu-ho-chi-minh-di-trung-khanh/","/ve-may-bay-tu-ho-chi-minh-di-trung-khanh","26","5552","0.004682997118155619","13.472442363112393","false","","0","","needs_mapping_review","5","chuyến bay tới trùng khánh | từ thành phố hồ chí minh đến trùng khánh bao nhiêu km | vé máy bay đi trùng khánh | vé máy bay đi trùng khánh trung quốc | giá vé máy bay hải phòng trùng khánh"
"https://khangvuongbooking.com/mua-them-hanh-ly-aeroflot/","/mua-them-hanh-ly-aeroflot","25","3418","0.007314218841427736","12.168519602106494","true","/mua-them-hanh-ly","0","","mapping_defined_unverified","5","site:khangvuongbooking.com | dai ly aeroflot | đại lý aeroflot | aeroflot đánh giá | aeroflot"
"https://khangvuongbooking.com/doi-ve-may-bay-vietravel-airlines/","/doi-ve-may-bay-vietravel-airlines","24","6939","0.0034587116299178555","8.556276120478454","true","/doi-ngay-ve","0","","mapping_defined_unverified","5","cách đổi vé máy bay vietravel | cách đổi vé vietravel airlines | đổi vé vietravel airlines | đổi vé máy bay vietravel | phí đổi vé vietravel"
"https://khangvuongbooking.com/doi-ve-may-bay-delta-airlines/","/doi-ve-may-bay-delta-airlines","24","1701","0.014109347442680775","10.648442092886537","true","/doi-ngay-ve","0","","mapping_defined_unverified","5","vé máy bay đi mỹ hãng delta | delta air lines đánh giá | hướng dẫn đổi vé máy bay cathay pacific | vé delta hữu hạn | delta.com"
"https://khangvuongbooking.com/dich-vu-checkin-chon-cho-ngoi-hang-china-airlines/","/dich-vu-checkin-chon-cho-ngoi-hang-china-airlines","24","1542","0.01556420233463035","7.528534370946822","true","/hang-bay","0","","mapping_defined_unverified","5","checkin china airlines | chon china | check-in china airlines | china checkin | check in china"
"https://khangvuongbooking.com/dich-vu-nang-hang-ve-eva-air/","/dich-vu-nang-hang-ve-eva-air","24","929","0.02583423035522067","8.48762109795479","true","/nang-hang-ve-eva-air","0","","mapping_defined_unverified","5","nâng hạng vé máy bay eva air | royal laurel class | phí đổi vé eva air | site:khangvuongbooking.com | ""eva air"""
"https://khangvuongbooking.com/dat-mua-ve-may-bay-da-nang-di-my/","/dat-mua-ve-may-bay-da-nang-di-my","23","4741","0.004851297194684666","15.271883568867327","true","/ve-may-bay","0","","mapping_defined_unverified","5","vé máy bay đà nẵng đi mỹ | vé máy bay từ mỹ về đà nẵng | vé máy bay đi jamaica | vé máy bay ra đà nẵng | săn vé máy bay giá rẻ đi đà nẵng"
"https://khangvuongbooking.com/mua-them-hanh-ly-british-airways/","/mua-them-hanh-ly-british-airways","23","712","0.032303370786516857","9.10814606741573","true","/mua-them-hanh-ly","0","","mapping_defined_unverified","5","mua thêm hành lý ký gửi quốc tế | mua thêm | mua thêm cân hành lý ký gửi | mua thêm kg ở sân bay | site:khangvuongbooking.com"
"https://khangvuongbooking.com/dich-vu-nang-hang-ve-hang-china-southern-airlines/","/dich-vu-nang-hang-ve-hang-china-southern-airlines","22","506","0.043478260869565216","8.604743083003953","true","/nang-hang-ve-china-southern","0","","mapping_defined_unverified","5","doi ve china southern | china southern airlines upgrade | tổng đài china southern airlines | china southern airlines | china southern airlines customer service"
"https://khangvuongbooking.com/dai-ly-phong-ve-china-eastern-airlines/","/dai-ly-phong-ve-china-eastern-airlines","21","7927","0.0026491737101047054","14.428283083133595","true","/hang-bay","0","","mapping_defined_unverified","5","văn phòng china eastern airlines tại tphcm | đại lý china eastern airlines | dai ly china eastern airlines | doi ve china eastern airlines | mua hanh ly china eastern airlines"
"https://khangvuongbooking.com/ve-may-bay-di-nga-gia-re-moi-nhat-2025/","/ve-may-bay-di-nga-gia-re-moi-nhat-2025","21","6199","0.003387643168252944","20.090175834812065","true","/ve-may-bay","0","","mapping_defined_unverified","5","ve may bay di nga | vé máy bay đi nga | từ việt nam sang nga bao nhiêu km | vé máy bay hà nội đi nga | vé máy bay từ nga về việt nam"
"https://khangvuongbooking.com/ve-may-bay-ha-noi-di-tam-a-hai-nam/","/ve-may-bay-ha-noi-di-tam-a-hai-nam","21","1881","0.011164274322169059","8.56087187666135","false","","0","","needs_mapping_review","5","vé máy bay đi tam á | đi tam á có cần visa không | vé máy bay đi hải nam trung quốc | vé máy bay hà nội đảo hải nam | site:khangvuongbooking.com"
"https://khangvuongbooking.com/ve-may-bay-du-hoc-sinh-quang-tay/","/ve-may-bay-du-hoc-sinh-quang-tay","21","1544","0.013601036269430052","14.243523316062177","false","","0","","needs_mapping_review","5","vé máy bay đi trường sa trung quốc | vé máy bay đi quế lâm | vé máy bay đi quảng tây trung quốc | sân bay quảng tây trung quốc | vé máy bay lao động du học giá rẻ"
"https://khangvuongbooking.com/ve-may-bay-tu-ha-noi-di-irkutsk/","/ve-may-bay-tu-ha-noi-di-irkutsk","21","961","0.021852237252861603","10.398543184183142","true","/ve-may-bay","0","","mapping_defined_unverified","4","dự báo thời tiết irkutsk | irkutsk | vé máy bay từ hà nội đi berlin | mấy tiếng"
"https://khangvuongbooking.com/dich-vu-nang-hang-ve-hang-starlux-airlines/","/dich-vu-nang-hang-ve-hang-starlux-airlines","21","689","0.030478955007256895","7.795355587808418","false","","0","","needs_mapping_review","5","doi ve stảlux airlines | hạng thương gia starlux | site:khangvuongbooking.com | starlux airlines vip | starlux vip"
"https://khangvuongbooking.com/ve-may-bay-ha-noi-di-tay-an/","/ve-may-bay-ha-noi-di-tay-an","20","3271","0.006114338122898196","12.644756955059615","true","/ve-may-bay","0","","mapping_defined_unverified","5","vé máy bay đi tây an | vé máy bay đi tây an trung quốc | vé máy bay hà nội tây an | thiểm tây cách hà nội bao nhiêu km | vé máy bay đi lhasa"
"https://khangvuongbooking.com/chuyen-bay-ha-noi-di-washington-my-thang-9/","/chuyen-bay-ha-noi-di-washington-my-thang-9","20","1907","0.01048767697954903","5.314630309386471","true","/hang-bay","0","","mapping_defined_unverified","5","khoảng cách từ moscow đến washington dc | từ việt nam sang mỹ bao nhiêu km | từ hà nội đến mỹ bao nhiêu km | việt nam cách mỹ bao nhiêu km | mỹ cách việt nam bao nhiêu km"
"https://khangvuongbooking.com/doi-ve-may-bay-thai-airways/","/doi-ve-may-bay-thai-airways","20","1685","0.011869436201780416","8.312166172106824","true","/doi-ngay-ve","0","","mapping_defined_unverified","5","doi ve thai airways | vé máy bay thai airways | site:khangvuongbooking.com | lịch bay thai airways | manage my booking"
"https://khangvuongbooking.com/chuyen-bay-ha-noi-di-miami-florida-my-thang-9/","/chuyen-bay-ha-noi-di-miami-florida-my-thang-9","20","1171","0.017079419299743808","9.786507258753202","false","","0","","needs_mapping_review","5","vé máy bay đi miami | việt nam cách hoa kỳ bao nhiêu km | chuyến bay tới miami | nước mỹ cách việt nam bao nhiêu km | mỹ cách việt nam bao xa"
"https://khangvuongbooking.com/doi-ve-may-bay-united-airlines/","/doi-ve-may-bay-united-airlines","20","1138","0.01757469244288225","13.031634446397188","true","/doi-ngay-ve","0","","mapping_defined_unverified","5","vé máy bay united airlines | vé máy bay đi mỹ hãng united | kiểm tra vé máy bay united airlines | united.com | site:khangvuongbooking.com"
"https://khangvuongbooking.com/chuyen-bay-sai-gon-tp-hcm-di-atlanta-my-thang-9/","/chuyen-bay-sai-gon-tp-hcm-di-atlanta-my-thang-9","20","1053","0.01899335232668566","8.21937321937322","false","","0","","needs_mapping_review","5","chuyến bay tới atlanta | vé máy bay đi atlanta | khách sạn tại atlanta | thuốc lá atlanta giá bao nhiêu | atlanta là ở đâu"
"https://khangvuongbooking.com/doi-ve-may-bay-etihad-airways/","/doi-ve-may-bay-etihad-airways","20","741","0.02699055330634278","7.812415654520918","true","/doi-ngay-ve-etihad-airways","0","","mapping_defined_unverified","4","đổi vé máy bay etihad airways | site:khangvuongbooking.com | hãng bay etihad | etihad airways đánh giá"
"https://khangvuongbooking.com/doi-ve-may-bay-air-macau/","/doi-ve-may-bay-air-macau","19","1085","0.017511520737327188","22.28663594470046","true","/doi-ngay-ve","0","","mapping_defined_unverified","5","vé máy bay đi macau | vé máy bay hà nội macau | check vé máy bay air macau | site:khangvuongbooking.com | air macau hotline"
"https://khangvuongbooking.com/doi-ve-may-bay-cebu-pacific/","/doi-ve-may-bay-cebu-pacific","18","3730","0.00482573726541555","16.315817694369976","true","/doi-ngay-ve","0","","mapping_defined_unverified","5","doi ve cebu pacific | phong ve cebu pacific | phòng vé cebu pacific | văn phòng hãng cebu pacific | vé máy bay đi cebu"
"https://khangvuongbooking.com/mua-them-hanh-ly-royal-brunei-airlines/","/mua-them-hanh-ly-royal-brunei-airlines","18","364","0.04945054945054945","10.846153846153847","true","/mua-them-hanh-ly","0","","mapping_defined_unverified","2","vé máy bay đi brunei | site:khangvuongbooking.com"
"https://khangvuongbooking.com/ve-may-bay-tu-ha-noi-di-vu-han/","/ve-may-bay-tu-ha-noi-di-vu-han","17","3724","0.004564983888292159","14.911654135338345","true","/ve-may-bay","0","","mapping_defined_unverified","5","vé máy bay đi vũ hán | vé máy bay hà nội vũ hán | vé máy bay đi vũ hán trung quốc | chuyến bay từ hà nội đến vũ hán | vé máy bay từ hà nội đi vũ hán"
"https://khangvuongbooking.com/chuyen-bay-sai-gon-tp-hcm-di-chicago-my-thang-9/","/chuyen-bay-sai-gon-tp-hcm-di-chicago-my-thang-9","17","1636","0.01039119804400978","11.18154034229829","true","/hang-bay","0","","mapping_defined_unverified","5","vé máy bay đi chicago | chicago cách việt nam bao nhiêu tiếng | vé máy bay từ chicago về việt nam | vé máy bay từ tp hồ chí minh đi chicago | ve may bay di chicago"
"https://khangvuongbooking.com/mua-them-hanh-ly-klm/","/mua-them-hanh-ly-klm","17","647","0.02627511591962906","7.409582689335394","true","/mua-them-hanh-ly","0","","mapping_defined_unverified","5","l klm | site:khangvuongbooking.com | mua hành lý ký gửi | hãng hàng không klm | klm kit"
"https://khangvuongbooking.com/dich-vu-nang-hang-ve-hang-qatar-airways/","/dich-vu-nang-hang-ve-hang-qatar-airways","17","480","0.035416666666666666","7.279166666666667","true","/nang-hang-ve-qatar-airways","0","","mapping_defined_unverified","4","qatar airways | dai ly qatar airways | quản lý đặt chỗ qatar airways | muốn tìm hiểu"
"https://khangvuongbooking.com/mua-them-hanh-ly-malindo-air/","/mua-them-hanh-ly-malindo-air","16","340","0.047058823529411764","7.220588235294118","true","/mua-them-hanh-ly","0","","mapping_defined_unverified","5","site:khangvuongbooking.com | mua hành lý ký gửi air asia | baggage allowance | giá mua thêm hành lý ký gửi air asia | malindo"
"https://khangvuongbooking.com/ve-may-bay-tu-ha-noi-di-thuong-hai/","/ve-may-bay-tu-ha-noi-di-thuong-hai","15","11490","0.0013054830287206266","16.480591818973018","true","/ve-may-bay","0","","mapping_defined_unverified","5","hà nội cách thượng hải bao nhiêu km | từ hà nội đến thượng hải bao nhiêu km | vé máy bay đi thượng hải | giá vé máy bay hà nội thượng hải | giá vé máy bay từ hà nội đi thượng hải"
"https://khangvuongbooking.com/dich-vu-nang-hang-ve-hang-china-eastern-airlines/","/dich-vu-nang-hang-ve-hang-china-eastern-airlines","15","1496","0.010026737967914439","14.08355614973262","true","/nang-hang-ve-china-eastern","0","","mapping_defined_unverified","5","doi ve china eastern airlines | mua hanh ly china eastern airlines | mua hanh ly china eastern | doi ve china eastern | dai ly china eastern airlines"
"https://khangvuongbooking.com/ve-may-bay-ha-noi-di-hai-khau/","/ve-may-bay-ha-noi-di-hai-khau","15","1226","0.012234910277324634","10.12805872756933","false","","0","","needs_mapping_review","5","chuyến bay tới hải khẩu | site:khangvuongbooking.com | sân bay hải khẩu trung quốc | 6rmb to usd | china southern airlines"
"https://khangvuongbooking.com/dich-vu-nang-hang-ve-hang-emirates/","/dich-vu-nang-hang-ve-hang-emirates","15","885","0.01694915254237288","8.774011299435028","false","","0","","needs_mapping_review","5","site:khangvuongbooking.com | điểm của lưu trú.ks marriot đổi để nâng hạng bay emirates ntn | hạng thương gia emirates | văn phòng bán vé của emirates tại việt nam | emerais"
"https://khangvuongbooking.com/mua-them-hanh-ly-bamboo-airways/","/mua-them-hanh-ly-bamboo-airways","14","4442","0.0031517334533993696","9.466006303466907","true","/mua-them-hanh-ly-bamboo-airways","0","","mapping_defined_unverified","5","mua hành lý ký gửi bamboo online | mua thêm hành lý ký gửi bamboo online | mua thêm hành lý bamboo online | mua thêm hành lý bamboo | mua hành lý ký gửi bamboo"
"https://khangvuongbooking.com/ve-may-bay-tu-ho-chi-minh-di-vu-han/","/ve-may-bay-tu-ho-chi-minh-di-vu-han","14","2528","0.005537974683544304","16.064873417721518","true","/ve-may-bay","0","","mapping_defined_unverified","5","vé máy bay đi vũ hán | vé máy bay đi vũ hán trung quốc | vé máy bay hà nội vũ hán | vé máy bay từ hà nội đi vũ hán | vé máy bay đi wuhan / vé máy bay đi vũ hán"
"https://khangvuongbooking.com/chuyen-bay-sai-gon-tp-hcm-di-miami-florida-my-thang-9/","/chuyen-bay-sai-gon-tp-hcm-di-miami-florida-my-thang-9","14","1259","0.011119936457505957","12.510722795869738","true","/hang-bay","0","","mapping_defined_unverified","5","vé máy bay đi miami | chuyến bay tới miami | vé máy bay từ tp. hồ chí minh đi miami | chuyến đi đến miami | miami"
"https://khangvuongbooking.com/doi-ve-may-bay-hongkong-airlines/","/doi-ve-may-bay-hongkong-airlines","14","1007","0.013902681231380337","6.621648460774578","true","/doi-ngay-ve","0","","mapping_defined_unverified","5","doi ve hong kong air | hong kong airlines đánh giá | site:khangvuongbooking.com | dời lịch bay | hk"
"https://khangvuongbooking.com/dich-vu-dat-ve-may-bay-cho-cho-meo-di-my/","/dich-vu-dat-ve-may-bay-cho-cho-meo-di-my","14","963","0.014537902388369679","9.14122533748702","false","","0","","needs_mapping_review","5","vé máy bay cho chó | vé máy bay cho mèo | vận chuyển chó mèo đi mỹ | giá vé máy bay cho chó | chưa"
"https://khangvuongbooking.com/doi-ve-may-bay-xiamen-airlines/","/doi-ve-may-bay-xiamen-airlines","14","791","0.017699115044247787","8.888748419721871","true","/doi-ngay-ve","0","","mapping_defined_unverified","3","vé máy bay đi xiamen | manage booking | xiamen airlines"
"https://khangvuongbooking.com/doi-ve-may-bay-lao-airlines/","/doi-ve-may-bay-lao-airlines","14","425","0.03294117647058824","6.2964705882352945","true","/doi-ngay-ve","0","","mapping_defined_unverified","2","site:khangvuongbooking.com | lao airlines check in online"
"https://khangvuongbooking.com/doi-ve-may-bay-vietjet-air/","/doi-ve-may-bay-vietjet-air","13","6895","0.0018854242204496012","14.547353154459753","true","/doi-ngay-ve-vietjet-air","0","","mapping_defined_unverified","5","đổi vé máy bay vietjet | phí đổi vé vietjet | đổi vé vietjet | cách đổi vé máy bay vietjet | đổi chuyến bay vietjet"
"https://khangvuongbooking.com/tong-dai-so-dien-thoai-korean-air/","/tong-dai-so-dien-thoai-korean-air","13","1892","0.006871035940803382","10.929175475687103","true","/cam-nang-bay","0","","mapping_defined_unverified","5","số điện thoại korean air tại tphcm | tổng đài korean air | korean air vietnam số điện thoại | phòng vé korean air đà nẵng | văn phòng đại diện korean air tại hồ chí minh"
"https://khangvuongbooking.com/ve-may-bay-ho-chi-minh-di-con-minh/","/ve-may-bay-ho-chi-minh-di-con-minh","13","1290","0.010077519379844961","12.212403100775195","false","","0","","needs_mapping_review","5","vé máy bay đi côn minh | chuyến bay từ tp. hồ chí minh đến côn minh | đại lý côn minh trung quốc | vé máy bay đi kunming / vé máy bay đi côn minh | chuyến bay từ hà nội đến côn minh"
"https://khangvuongbooking.com/ve-may-bay-ho-chi-minh-di-dai-lien/","/ve-may-bay-ho-chi-minh-di-dai-lien","13","1262","0.010301109350237718","10.398573692551505","true","/ve-may-bay","0","","mapping_defined_unverified","5","vé máy bay đi đại lý trung quốc | vé máy bay đi đại lý | vé máy bay đi đại liên | vé máy bay đi xiamen | đại liên"
"https://khangvuongbooking.com/doi-ve-may-bay-vietnam-airlines/","/doi-ve-may-bay-vietnam-airlines","12","3303","0.0036330608537693005","21.559491371480473","true","/doi-ngay-ve-vietnam-airlines","0","","mapping_defined_unverified","5","doi ve vietnam airlines | đổi vé máy bay vietnam airlines | đổi vé máy bay vietnam airline | cách đổi vé máy bay vietnam airlines | đổi vé máy bay"
"https://khangvuongbooking.com/thong-tin-nang-hang-the-va-gia-han-the-hoi-vien-eva-air/","/thong-tin-nang-hang-the-va-gia-han-the-hoi-vien-eva-air","12","1795","0.006685236768802228","8.526462395543176","true","/nang-hang-ve-eva-air","0","","mapping_defined_unverified","5","doi ngay eva air | nâng hạng vé máy bay eva air | site:khangvuongbooking.com | ""eva air"" | eva air milelion"
"https://khangvuongbooking.com/dat-ve-may-bay-sai-gon-tp-hcm-di-dallas-texas-my-thang-8/","/dat-ve-may-bay-sai-gon-tp-hcm-di-dallas-texas-my-thang-8","12","1606","0.007471980074719801","15.542341220423411","true","/ve-may-bay","0","","mapping_defined_unverified","5","vé máy bay đi dallas | vé máy bay đi texas | chuyến bay tới dallas | vé máy bay đi dallas-fort worth | vé máy bay đi mỹ texas"
"https://khangvuongbooking.com/doi-ve-may-bay-tway-air/","/doi-ve-may-bay-tway-air","12","874","0.013729977116704805","9.479405034324943","true","/doi-ngay-ve","0","","mapping_defined_unverified","5","t'way air | vé t | t way | tway | tway booking"
"https://khangvuongbooking.com/chuyen-bay-sai-gon-tp-hcm-di-dallas-texas-my-thang-9/","/chuyen-bay-sai-gon-tp-hcm-di-dallas-texas-my-thang-9","12","695","0.017266187050359712","9.189928057553956","false","","0","","needs_mapping_review","5","dallas texas mấy giờ | dallas mấy giờ | giờ dallas mỹ | ho chi minh city dallas | sân bay dfw"
"https://khangvuongbooking.com/mua-them-hanh-ly-thai-lion-air/","/mua-them-hanh-ly-thai-lion-air","12","517","0.02321083172147002","4.7678916827853","true","/mua-them-hanh-ly","0","","mapping_defined_unverified","1","hành lý 187"
"https://khangvuongbooking.com/ve-may-bay-tu-ha-noi-di-bac-kinh/","/ve-may-bay-tu-ha-noi-di-bac-kinh","11","9198","0.0011959121548162643","15.486736247010219","true","/ve-may-bay","0","","mapping_defined_unverified","5","từ hà nội đến bắc kinh bao nhiêu km | giá vé máy bay hà nội bắc kinh | vé máy bay đi bắc kinh | giá vé máy bay bắc kinh hà nội | chuyến bay hà nội bắc kinh"
"https://khangvuongbooking.com/so-dien-thoai-tong-dai-eva-air/","/so-dien-thoai-tong-dai-eva-air","11","8177","0.0013452366393542864","12.58004158004158","true","/cam-nang-bay","0","","mapping_defined_unverified","5","tong dai eva air | tổng đài eva air | so dien thoai eva air | dai ly eva air | eva air vietnam số điện thoại"
"https://khangvuongbooking.com/dai-ly-phong-ve-china-airlines/","/dai-ly-phong-ve-china-airlines","11","2114","0.005203405865657522","15.709082308420056","true","/hang-bay","0","","mapping_defined_unverified","5","dai ly china air | đại lý china airlines | phòng vé china airlines | địa chỉ văn phòng hãng china airlines | van phong china airlines"
"https://khangvuongbooking.com/meo-nho-de-nhanh-chong-qua-cua-ninh-san-bay/","/meo-nho-de-nhanh-chong-qua-cua-ninh-san-bay","11","1454","0.007565337001375516","8.517193947730398","true","/cam-nang-bay","0","","mapping_defined_unverified","5","qua cửa an ninh sân bay | đi qua cổng an ninh sân bay | cửa an ninh | cổng an ninh sân bay | cửa an ninh sân bay"
"https://khangvuongbooking.com/doi-ve-may-bay-aeroflot/","/doi-ve-may-bay-aeroflot","11","871","0.012629161882893225","18.105625717566017","true","/doi-ngay-ve","0","","mapping_defined_unverified","5","phòng vé aeroflot | đại lý aeroflot | dai ly aeroflot | văn phòng aeroflot | aeroflot đánh giá"
"https://khangvuongbooking.com/dat-ve-may-bay-sai-gon-tp-hcm-di-phoenix-arizona-my-thang-8/","/dat-ve-may-bay-sai-gon-tp-hcm-di-phoenix-arizona-my-thang-8","11","841","0.013079667063020214","14.810939357907253","false","","0","","needs_mapping_review","5","vé máy bay đi phoenix | chuyến bay tới phoenix, arizona | vé máy bay từ tp. hồ chí minh đi phoenix | tuan quan phoenix az | arizona mỹ"
"https://khangvuongbooking.com/ve-bay-vietjet-0-dong-khung-gio-vang-12h-14h-moi-ngay/","/ve-bay-vietjet-0-dong-khung-gio-vang-12h-14h-moi-ngay","10","2682","0.0037285607755406414","8.902684563758388","true","/cam-nang-bay","0","","mapping_defined_unverified","5","0đ giờ vàng | 12h rồi vietjet thôi - vé bay 0 đồng khung giờ vàng 12h-14h mỗi ngày | săn vé máy bay giá rẻ 12h | vietjet 12h | khung giờ săn vé máy bay giá rẻ vietjet"
"https://khangvuongbooking.com/ve-may-bay-thanh-pho-ho-chi-minh-di-hang-chau/","/ve-may-bay-thanh-pho-ho-chi-minh-di-hang-chau","10","1742","0.0057405281285878304","18.0390355912744","true","/ve-may-bay","0","","mapping_defined_unverified","5","chuyến bay tp. hồ chí minh hàng châu | giá vé máy bay tp. hồ chí minh hàng châu | vé máy bay đi hàng châu | vé máy bay đi hangzhou | chuyến bay từ tp. hồ chí minh đến hàng châu"
"https://khangvuongbooking.com/dat-mua-ve-may-bay-sai-gon-di-my-thuong-gia/","/dat-mua-ve-may-bay-sai-gon-di-my-thuong-gia","10","1577","0.0063411540900443885","13.738744451490172","false","","0","","needs_mapping_review","5","vé máy bay đi mỹ hạng thương gia | giá vé máy bay hạng thương gia đi mỹ | giá vé máy bay đi mỹ hạng thương gia | hình ảnh vé máy bay đi mỹ | vé máy bay hạng thương gia đi mỹ"
"https://khangvuongbooking.com/chuyen-bay-sai-gon-tp-hcm-di-honolulu-my-thang-9/","/chuyen-bay-sai-gon-tp-hcm-di-honolulu-my-thang-9","10","992","0.010080645161290322","8.513104838709676","false","","0","","needs_mapping_review","5","vé máy bay từ tp. hồ chí minh đi honolulu | từ hawaii về việt nam bao nhiêu tiếng | chuyến bay tới honolulu | vé máy bay đi honolulu | diện tích đảo hawaii"
"https://khangvuongbooking.com/gioi-thieu/","/gioi-thieu","9","6890","0.0013062409288824384","4.128592162554426","true","/cam-nang-bay","0","","mapping_defined_unverified","4","95h lý nam đế | site:khangvuongbooking.com | khang vuong booking | khang vuong"
"https://khangvuongbooking.com/ve-may-bay-di-phap-gia-re-moi-nhat-2025/","/ve-may-bay-di-phap-gia-re-moi-nhat-2025","9","5452","0.0016507703595011005","30.969369038884814","true","/ve-may-bay","0","","mapping_defined_unverified","5","ve may bay di phap | vé máy bay đi pháp | ve1 máy bay giá rẻ | vé máy bay đi nice | vé máy bay đi bordeaux"
"https://khangvuongbooking.com/chuyen-bay-sai-gon-tp-hcm-di-boston-my-thang-9/","/chuyen-bay-sai-gon-tp-hcm-di-boston-my-thang-9","9","1751","0.005139920045688178","25.222158766419188","false","","0","","needs_mapping_review","5","flights from ho chi minh city to boston | ho chi minh city to boston | ho chi minh city boston | sgn bos | sgn to bos"
"https://khangvuongbooking.com/ve-may-bay-di-oregon/","/ve-may-bay-di-oregon","9","1541","0.005840363400389357","25.81245944192083","true","/ve-may-bay","0","","mapping_defined_unverified","5","vé máy bay đi portland | site:khangvuongbooking.com | ve may bay di my bao nhieu tien | vé máy bay đi mỹ california eva | oregon mỹ"
"https://khangvuongbooking.com/bamboo-airways-uu-dai-phong-cho-first-lounge-o-san-bay-noi-bai/","/bamboo-airways-uu-dai-phong-cho-first-lounge-o-san-bay-noi-bai","9","1281","0.00702576112412178","11.430132708821233","true","/cam-nang-bay","0","","mapping_defined_unverified","5","phòng chờ bamboo nội bài | first lounge by bamboo airways | first lounge | phòng chờ thương gia bamboo nội bài | bamboo lounge"
"https://khangvuongbooking.com/chuyen-bay-sai-gon-tp-hcm-di-seattle-my-thang-9/","/chuyen-bay-sai-gon-tp-hcm-di-seattle-my-thang-9","9","881","0.01021566401816118","9.059023836549375","false","","0","","needs_mapping_review","5","vé máy bay seattle sài gòn | ho chi minh to seattle | ve may bay di seattle | chuyến bay tới seattle | site:khangvuongbooking.com"
"https://khangvuongbooking.com/doi-ve-may-bay-asiana-airlines/","/doi-ve-may-bay-asiana-airlines","9","729","0.012345679012345678","6.42798353909465","true","/doi-ngay-ve","0","","mapping_defined_unverified","2","hãng asiana | site:khangvuongbooking.com"
"https://khangvuongbooking.com/chuyen-bay-sai-gon-tp-hcm-di-ohio-my-thang-9/","/chuyen-bay-sai-gon-tp-hcm-di-ohio-my-thang-9","9","605","0.01487603305785124","8.515702479338843","true","/hang-bay","0","","mapping_defined_unverified","5","ohit.my | gửi hàng đi ohio | site:khangvuongbooking.com | vé máy bay đi cleveland | mở văn phòng ohio"
"https://khangvuongbooking.com/dich-vu-nang-hang-ve-hang-eva-air/","/dich-vu-nang-hang-ve-hang-eva-air","9","453","0.019867549668874173","8.812362030905078","false","","0","","needs_mapping_review","4","site:khangvuongbooking.com | daoi ve eva air | hang eva | nâng hạng vé máy bay eva air"
"https://khangvuongbooking.com/mua-them-hanh-ly-nok-air/","/mua-them-hanh-ly-nok-air","9","386","0.023316062176165803","8.22279792746114","true","/mua-them-hanh-ly","0","","mapping_defined_unverified","3","nok l | cách mua thêm hành lý | nok lite"
"https://khangvuongbooking.com/ve-may-bay-tu-irkutsk-nga-ve-ha-noi/","/ve-may-bay-tu-irkutsk-nga-ve-ha-noi","9","339","0.02654867256637168","14.259587020648967","true","/ve-may-bay","0","","mapping_defined_unverified","4","giá vé máy bay từ nga về hà nội | săn vé máy bay đi nga | thành phố irkutsk | vé máy bay từ nga về hà nội"
"https://khangvuongbooking.com/kinh-nghiem-thu-tuc-xin-visa-trung-quoc/","/kinh-nghiem-thu-tuc-xin-visa-trung-quoc","8","4091","0.001955512099731117","38.412124175018334","true","/visa","0","","mapping_defined_unverified","5","visa trung quốc | xin visa trung quốc | thủ tục xin visa trung quốc | làm visa trung quốc | cách xin visa trung quốc"
"https://khangvuongbooking.com/dat-ve-may-bay-sai-gon-tp-hcm-di-seattle-my-thang-7/","/dat-ve-may-bay-sai-gon-tp-hcm-di-seattle-my-thang-7","8","1567","0.005105296745373325","12.139757498404595","false","","0","","needs_mapping_review","5","ve may bay di seattle | vé máy bay đi seattle | seattle cách việt nam bao nhiêu tiếng | giờ seattle và việt nam | ho chi minh city to seattle"
"https://khangvuongbooking.com/chuyen-bay-sai-gon-tp-hcm-di-washington-my-thang-9/","/chuyen-bay-sai-gon-tp-hcm-di-washington-my-thang-9","8","1195","0.0066945606694560665","8.578242677824267","true","/hang-bay","0","","mapping_defined_unverified","2","vé máy bay sài gòn washington dc | chuyến bay tới oa-xinh-tơn"
"https://khangvuongbooking.com/ve-may-bay-ha-noi-di-dai-lien/","/ve-may-bay-ha-noi-di-dai-lien","8","853","0.009378663540445486","9.647127784290738","false","","0","","needs_mapping_review","5","vé máy bay đi đại lý | vé máy bay đi đại liên | đại liên | quá cảnh | vé máy bay từ hà nội sang trung quốc"
"https://khangvuongbooking.com/chuyen-bay-sai-gon-tp-hcm-di-phoenix-arizona-my-thang-9/","/chuyen-bay-sai-gon-tp-hcm-di-phoenix-arizona-my-thang-9","8","610","0.013114754098360656","10.637704918032787","true","/hang-bay","0","","mapping_defined_unverified","5","chuyến bay tới phoenix, arizona | vé máy bay đi phoenix | sân bay arizona | vé máy bay từ tp. hồ chí minh đi phoenix | arizona"
"https://khangvuongbooking.com/dat-mua-ve-may-bay-ha-noi-di-my-thang-9/","/dat-mua-ve-may-bay-ha-noi-di-my-thang-9","8","201","0.03980099502487562","14.149253731343284","true","/ve-may-bay","0","","mapping_defined_unverified","1","ve may bay di my thang 9"
"https://khangvuongbooking.com/dat-mua-ve-may-bay-ha-noi-di-my-khu-hoi/","/dat-mua-ve-may-bay-ha-noi-di-my-khu-hoi","7","1512","0.004629629629629629","20.05026455026455","true","/ve-may-bay","0","","mapping_defined_unverified","5","đặt vé máy bay đi mỹ giá rẻ | vé máy bay đi mỹ khứ hồi | vé máy bay hà nội đi mỹ | vé máy bay khứ hồi đi mỹ | vé khứ hồi đi mỹ"
"https://khangvuongbooking.com/ve-may-bay-ha-noi-di-jeju-han-quoc-gia-re/","/ve-may-bay-ha-noi-di-jeju-han-quoc-gia-re","7","1152","0.006076388888888889","14.202256944444445","false","","0","","needs_mapping_review","5","vé máy bay đi jeju | vé máy bay hà nội jeju | hà nội jeju | vé máy bay đi jeju hàn quốc | có chuyến bay thẳng hà nội jeju không"
"https://khangvuongbooking.com/dat-ve-may-bay-ha-noi-di-los-angeles-my-thang-8/","/dat-ve-may-bay-ha-noi-di-los-angeles-my-thang-8","7","652","0.010736196319018405","24.54601226993865","false","","0","","needs_mapping_review","5","ve may bay di los angeles | vé máy bay từ hà nội đi los angeles | ve may bay di my thang 8 | vé máy bay hà nội los angeles | vé máy bay đi mỹ hãng delta"
"https://khangvuongbooking.com/dat-mua-ve-may-bay-ana-all-nippon-airways-di-houston-texas/","/dat-mua-ve-may-bay-ana-all-nippon-airways-di-houston-texas","7","647","0.010819165378670788","33.13755795981453","true","/ve-may-bay","0","","mapping_defined_unverified","5","vé máy bay đi houston | vé máy bay từ tphcm đi houston | đại lý vé máy bay ana tại tphcm | vé máy bay đi mỹ texas | vé máy bay đi texas"
"https://khangvuongbooking.com/starlux-airlines-tang-them-1-kien-hanh-ly-ky-gui-di-my/","/starlux-airlines-tang-them-1-kien-hanh-ly-ky-gui-di-my","7","262","0.026717557251908396","16.198473282442748","true","/mua-them-hanh-ly-starlux-airlines","0","","mapping_defined_unverified","5","starlux airlines hành lý ký gửi | mua hanh ly starux airlines | site:khangvuongbooking.com | du hoc | starlux airlines"
"https://khangvuongbooking.com/dat-ve-may-bay-ha-noi-di-new-york-my-thang-8/","/dat-ve-may-bay-ha-noi-di-new-york-my-thang-8","7","217","0.03225806451612903","23.88479262672811","false","","0","","needs_mapping_review","5","ve may bay di my thang 8 | vé máy bay hà nội new york | vé máy bay từ hà nội đi new york | vé máy bay hà nội đi mỹ | vé máy bay từ hà nội đi mỹ"
"https://khangvuongbooking.com/mua-them-hanh-ly-iraero-airlines/","/mua-them-hanh-ly-iraero-airlines","7","138","0.050724637681159424","6.811594202898551","true","/mua-them-hanh-ly","0","","mapping_defined_unverified","1","site:khangvuongbooking.com"
"https://khangvuongbooking.com/chuyen-bay-ha-noi-di-new-york-my-thang-9/","/chuyen-bay-ha-noi-di-new-york-my-thang-9","6","2012","0.002982107355864811","4.556660039761431","false","","0","","needs_mapping_review","5","khoảng cách từ hà nội đến new york | từ việt nam sang mỹ bao nhiêu km | việt nam cách mỹ bao nhiêu km | việt nam sang mỹ bao nhiêu km | mỹ cách việt nam bao nhiêu km"
"https://khangvuongbooking.com/chuyen-bay-sai-gon-tp-hcm-di-new-york-my-thang-9/","/chuyen-bay-sai-gon-tp-hcm-di-new-york-my-thang-9","6","1234","0.004862236628849271","7.294975688816856","true","/hang-bay","0","","mapping_defined_unverified","5","từ việt nam bay qua new york bao nhiêu tiếng | flights from ho chi minh city to new york | vé máy bay new york sài gòn | bay từ việt nam sang new york mất bao lâu | khoảng cách"
"https://khangvuongbooking.com/dat-mua-ve-may-bay-starlux-airlines-di-my/","/dat-mua-ve-may-bay-starlux-airlines-di-my","6","1091","0.005499541704857928","12.493125572868928","true","/ve-may-bay","0","","mapping_defined_unverified","5","starlux airlines đi los angeles | vé máy bay starlux | doi ve starlux airlines | đặt vé máy bay starlux | giá vé máy bay starlux"
"https://khangvuongbooking.com/huong-dan-xin-visa-thuong-mai-cong-tac-trung-quoc/","/huong-dan-xin-visa-thuong-mai-cong-tac-trung-quoc","6","984","0.006097560975609756","29.283536585365855","true","/visa","0","","mapping_defined_unverified","5","visa thương mại trung quốc | visa công tác trung quốc | visa trung quốc công tác | visa thương mại trung quốc là gì | xin visa công tác trung quốc"
"https://khangvuongbooking.com/dat-ve-may-bay-sai-gon-tp-hcm-di-san-jose-my-thang-8/","/dat-ve-may-bay-sai-gon-tp-hcm-di-san-jose-my-thang-8","6","765","0.00784313725490196","16.511111111111113","false","","0","","needs_mapping_review","5","vé máy bay đi san jose | vé máy bay từ sài gòn đi california | giá vé máy bay từ tphcm đi california | chuyến bay tới san jose, california | thời gian san jose"
"https://khangvuongbooking.com/ban-ve-sai-gon-tp-hcm-di-phoenix-arizona-my-thang-10/","/ban-ve-sai-gon-tp-hcm-di-phoenix-arizona-my-thang-10","6","750","0.008","13","false","","0","","needs_mapping_review","5","vé máy bay đi phoenix | chuyến bay tới phoenix, arizona | vé máy bay từ tp. hồ chí minh đi phoenix | arizona mỹ | phoenix mỹ"
"https://khangvuongbooking.com/dich-vu-dat-ve-may-bay-cho-thu-cung-cho-meo-hang-china-airlines/","/dich-vu-dat-ve-may-bay-cho-thu-cung-cho-meo-hang-china-airlines","6","710","0.008450704225352112","16.880281690140848","false","","0","","needs_mapping_review","5","vé máy bay cho thú cưng | vé máy bay cho mèo | vé máy bay cho chó | dịch vụ vận chuyển chó mèo bằng máy bay | vận chuyển thú cưng bằng máy bay"
"https://khangvuongbooking.com/doi-ve-may-bay-american-airlines/","/doi-ve-may-bay-american-airlines","6","664","0.009036144578313253","10.62198795180723","true","/doi-ngay-ve","0","","mapping_defined_unverified","5","kiểm tra vé máy bay american đi mỹ | american airlines đánh giá | site:khangvuongbooking.com | vé máy bay american airlines | cách đổi vé máy bay"
"https://khangvuongbooking.com/vietjet-air-uu-dai-ve-may-bay-0-dong-den-nhat-ban-he-nay/","/vietjet-air-uu-dai-ve-may-bay-0-dong-den-nhat-ban-he-nay","6","553","0.0108499095840868","21.455696202531644","true","/khuyen-mai","0","","mapping_defined_unverified","5","vé máy bay vietjet ưu đãi | săn vé máy bay 0 đồng | vé máy bay đi nhật vietjet | giá vé máy bay đi nhật vietjet | vé máy bay đi hokkaido"
"https://khangvuongbooking.com/chuyen-bay-ha-noi-di-dallas-texas-my-thang-9/","/chuyen-bay-ha-noi-di-dallas-texas-my-thang-9","6","536","0.011194029850746268","13.222014925373134","true","/hang-bay","0","","mapping_defined_unverified","5","vé máy bay từ hà nội đi dallas | vé máy bay đi dallas | site:khangvuongbooking.com | dallas tx to | to dallas texas"
"https://khangvuongbooking.com/4-thanh-pho-du-lich-nhat-ban/","/4-thanh-pho-du-lich-nhat-ban","6","455","0.013186813186813187","30.27252747252747","true","/cam-nang-bay","0","","mapping_defined_unverified","5","thành phố nhật bản | thành phố nhật | thủ đô nhật bản | thủ đô của nhật bản | thành phố ở nhật bản"
"https://khangvuongbooking.com/dich-vu-van-chuyen-thu-cung-cho-meo-bang-may-bay-di-los-angeles-my/","/dich-vu-van-chuyen-thu-cung-cho-meo-bang-may-bay-di-los-angeles-my","6","396","0.015151515151515152","28.8989898989899","false","","0","","needs_mapping_review","5","vận chuyển thú cưng đi mỹ | vận chuyển chó mèo bằng máy bay | dịch vụ vận chuyển chó | vận chuyển chó mèo đi mỹ | dịch vụ vận chuyển chó mèo bằng máy bay"
"https://khangvuongbooking.com/aeroflot-mo-duong-bay-thang-irkutsk-nga-cam-ranh-khanh-hoa/","/aeroflot-mo-duong-bay-thang-irkutsk-nga-cam-ranh-khanh-hoa","6","356","0.016853932584269662","8.665730337078653","false","","0","","needs_mapping_review","4","phòng vé aeroflot | aeroflot | aeroflot đánh giá | giá vé"
"https://khangvuongbooking.com/dat-mua-ve-miami-my-ve-ho-chi-minh-ha-noi-gia-re/","/dat-mua-ve-miami-my-ve-ho-chi-minh-ha-noi-gia-re","6","313","0.019169329073482427","16.46964856230032","true","/cam-nang-bay","0","","mapping_defined_unverified","5","vé máy bay đi miami | miami ve | site:khangvuongbooking.com | flights from miami to vietnam | miami to ho chi minh"
"https://khangvuongbooking.com/ngay-doi-1-1-vietjet-se-khien-ban-bat-ngo/","/ngay-doi-1-1-vietjet-se-khien-ban-bat-ngo","6","311","0.01929260450160772","7.585209003215434","true","/cam-nang-bay","0","","mapping_defined_unverified","1","vietjet sale 1/1"
"https://khangvuongbooking.com/dat-mua-ve-may-bay-vietnam-airlines-di-san-francisco/","/dat-mua-ve-may-bay-vietnam-airlines-di-san-francisco","5","3975","0.0012578616352201257","34.809056603773584","true","/ve-may-bay","0","","mapping_defined_unverified","5","sfo sim card | ve may bay di san francisco | vé máy bay đi san francisco | ve may bay san francisco ve viet nam | vé máy bay từ hà nội đi san francisco"
"https://khangvuongbooking.com/ve-may-bay-di-my/","/ve-may-bay-di-my","5","2416","0.0020695364238410598","44.339817880794705","true","/ve-may-bay","0","","mapping_defined_unverified","5","ve may bay eva air di my | ve may bay di san francisco | ve may bay di los angeles | đại lý bán vé máy bay đi mỹ | vé máy bay đi washington"
"https://khangvuongbooking.com/dat-mua-ve-may-bay-ha-noi-di-my-thuong-gia/","/dat-mua-ve-may-bay-ha-noi-di-my-thuong-gia","5","1618","0.0030902348578491965","14.407911001236094","true","/ve-may-bay","0","","mapping_defined_unverified","5","vé máy bay đi mỹ hạng thương gia | giá vé máy bay hạng thương gia đi mỹ | giá vé máy bay đi mỹ hạng thương gia | vé máy bay hạng thương gia đi mỹ | vé thương gia đi mỹ"
"https://khangvuongbooking.com/dai-ly-phong-ve-korean-air-tai-viet-nam/","/dai-ly-phong-ve-korean-air-tai-viet-nam","5","486","0.0102880658436214","29.43621399176955","true","/cam-nang-bay","0","","mapping_defined_unverified","5","văn phòng đại diện korean air tại hồ chí minh | đại lý vé máy bay korean airlines | korean air đánh giá | đại lý vé máy bay korean air tại đà nẵng | phòng vé korean air đà nẵng"
"https://khangvuongbooking.com/dat-ve-may-bay-ha-noi-di-miami-florida-my-thang-7/","/dat-ve-may-bay-ha-noi-di-miami-florida-my-thang-7","5","480","0.010416666666666666","27.120833333333334","true","/ve-may-bay","0","","mapping_defined_unverified","5","vé máy bay đi miami | vé máy bay đi florida mỹ | ve di my thang 7 | thời tiết miami | florida mỹ"
"https://khangvuongbooking.com/dich-vu-dat-ve-may-bay-cho-thu-cung-cho-meo-di-new-york-my/","/dich-vu-dat-ve-may-bay-cho-thu-cung-cho-meo-di-new-york-my","5","447","0.011185682326621925","11.774049217002236","false","","0","","needs_mapping_review","5","sang new york | vé máy bay cho mèo | vé máy bay cho thú cưng | mua vé máy bay cho thú cưng | ve may bay eva air di my"
"https://khangvuongbooking.com/cach-xu-ly-hanh-ly-den-cham-hu-hong-lac-cua-vietnam-airlines/","/cach-xu-ly-hanh-ly-den-cham-hu-hong-lac-cua-vietnam-airlines","5","442","0.011312217194570135","12.040723981900452","true","/mua-them-hanh-ly-vietnam-airlines","0","","mapping_defined_unverified","5","hành lý that lạc vietnam airlines | quên đồ trên máy bay vietnam airline | hành lý thất lạc | mail.vietnamairlines.com | thất lạc hành lý vietnam airline"
"https://khangvuongbooking.com/ban-ve-sai-gon-tp-hcm-di-ohio-my-thang-10/","/ban-ve-sai-gon-tp-hcm-di-ohio-my-thang-10","5","405","0.012345679012345678","10.469135802469136","false","","0","","needs_mapping_review","5","gửi hàng đi ohio | vé máy bay đi cleveland | ohio mỹ | ohit.my | quá cảnh ở đâu"
"https://khangvuongbooking.com/ve-may-bay-di-montana/","/ve-may-bay-di-montana","5","399","0.012531328320802004","10.395989974937343","true","/ve-may-bay","0","","mapping_defined_unverified","4","site:khangvuongbooking.com | montana | sân bay mia | đặt vé máy bay đi mỹ"
"https://khangvuongbooking.com/dat-mua-ve-may-bay-ha-noi-di-my-thang-10/","/dat-mua-ve-may-bay-ha-noi-di-my-thang-10","5","350","0.014285714285714285","17.194285714285716","false","","0","","needs_mapping_review","5","ve may bay di my thang 10 | ve di my thang 10 | vé máy bay hà nội mỹ | vé máy bay tháng 10 | giá vé máy bay tháng 10"
"https://khangvuongbooking.com/tham-quan-nhung-ngoi-chua-noi-tieng-bac-nhat-nuoc-nga/","/tham-quan-nhung-ngoi-chua-noi-tieng-bac-nhat-nuoc-nga","5","287","0.017421602787456445","11.365853658536585","true","/cam-nang-bay","0","","mapping_defined_unverified","3","nhà thờ chính tòa thánh isaac | site:khangvuongbooking.com | chùa bắc nga"
"https://khangvuongbooking.com/dich-vu-dat-ve-may-bay-cho-thu-cung-cho-meo-di-houston-my/","/dich-vu-dat-ve-may-bay-cho-thu-cung-cho-meo-di-houston-my","5","180","0.027777777777777776","8.222222222222221","true","/ve-thu-cung","0","","mapping_defined_unverified","1","vé máy bay cho thú cưng"
"https://khangvuongbooking.com/ly-giai-nguyen-nhan-khien-ban-bi-om-khi-di-may-bay/","/ly-giai-nguyen-nhan-khien-ban-bi-om-khi-di-may-bay","5","83","0.060240963855421686","7.686746987951807","true","/cam-nang-bay","0","","mapping_defined_unverified","0",""
"https://khangvuongbooking.com/doi-ve-may-bay-klm/","/doi-ve-may-bay-klm","4","4437","0.000901510029299076","9.40027045300879","true","/doi-ngay-ve","0","","mapping_defined_unverified","3","site:khangvuongbooking.com | klm là hãng hàng không nào | klm royal dutch airlines đánh giá"
"https://khangvuongbooking.com/ve-may-bay-tu-ha-noi-di-tham-quyen/","/ve-may-bay-tu-ha-noi-di-tham-quyen","4","2709","0.0014765596160944998","22.691768180140272","true","/ve-may-bay","0","","mapping_defined_unverified","5","vé máy bay hà nội thâm quyến | giá vé máy bay hà nội thâm quyến | giá vé máy bay hà nội thẩm quyến | chuyến bay hà nội thẩm quyến | chuyến bay hà nội thâm quyến"
"https://khangvuongbooking.com/gia-ve-may-bay-sai-gon-tp-hcm-di-san-francisco-sfo-my-thang-11-12/","/gia-ve-may-bay-sai-gon-tp-hcm-di-san-francisco-sfo-my-thang-11-12","4","1537","0.002602472348731295","21.765777488614184","true","/ve-may-bay","0","","mapping_defined_unverified","5","ve may bay di san francisco | vé máy bay đi san francisco | sgn sfo | vé máy bay từ tp. hồ chí minh đi san francisco | ve may bay san francisco ve viet nam"
"https://khangvuongbooking.com/ve-may-bay-di-los-angeles-gia-re-moi-nhat/","/ve-may-bay-di-los-angeles-gia-re-moi-nhat","4","1088","0.003676470588235294","51.02389705882353","true","/ve-may-bay","0","","mapping_defined_unverified","5","ve may bay di los angeles | vé máy bay đi los angeles | vé máy bay từ hà nội đi los angeles | vé máy bay đi mỹ california | vé máy bay hà nội los angeles"
"https://khangvuongbooking.com/ve-may-bay-ho-chi-minh-di-brisbane-uc/","/ve-may-bay-ho-chi-minh-di-brisbane-uc","4","796","0.005025125628140704","28.9535175879397","false","","0","","needs_mapping_review","5","vé máy bay đi brisbane | vé máy bay từ hà nội đi brisbane | vé máy bay đi brisbane úc | vé máy bay hà nội brisbane | vé máy bay từ brisbane về việt nam"
"https://khangvuongbooking.com/dat-ve-may-bay-sai-gon-tp-hcm-di-honolulu-my-thang-8/","/dat-ve-may-bay-sai-gon-tp-hcm-di-honolulu-my-thang-8","4","533","0.0075046904315197","20.03377110694184","true","/ve-may-bay","0","","mapping_defined_unverified","5","vé máy bay đi honolulu | chuyến bay tới honolulu | vé máy bay từ tp. hồ chí minh đi honolulu | vé máy bay từ sài gòn đi mỹ | giá vé máy bay sài gòn đi mỹ"
"https://khangvuongbooking.com/dich-vu-nang-hang-ve-china-airlines-tai-ho-chi-minh-ha-noi/","/dich-vu-nang-hang-ve-china-airlines-tai-ho-chi-minh-ha-noi","4","481","0.008316008316008316","7.4407484407484406","true","/nang-hang-ve-china-airlines","0","","mapping_defined_unverified","5","china airlines ha noi | air china | giá bao nhiêu | hãng china air | khang vuong booking"
"https://khangvuongbooking.com/dat-ve-may-bay-ha-noi-di-san-francisco-my-thang-8/","/dat-ve-may-bay-ha-noi-di-san-francisco-my-thang-8","4","450","0.008888888888888889","23.022222222222222","false","","0","","needs_mapping_review","5","ve may bay di my thang 8 | ve may bay di san francisco my | ve may bay di san francisco | vé máy bay từ hà nội đi san francisco | vé máy bay đi san francisco"
"https://khangvuongbooking.com/ve-may-bay-ho-chi-minh-di-tam-a-hai-nam/","/ve-may-bay-ho-chi-minh-di-tam-a-hai-nam","4","403","0.009925558312655087","9.449131513647643","false","","0","","needs_mapping_review","3","vé máy bay đi tam á | chuyến bay tới tam á | sân bay phượng hoàng tam á"
"https://khangvuongbooking.com/gia-ve-may-bay-ha-noi-di-seattle-sea-my-thang-11-12/","/gia-ve-may-bay-ha-noi-di-seattle-sea-my-thang-11-12","4","384","0.010416666666666666","21.385416666666668","false","","0","","needs_mapping_review","5","ve may bay di my thang 11 | vé máy bay đi seattle | ve may bay di seattle | site:khangvuongbooking.com | vé máy bay từ hà nội đi seattle"
"https://khangvuongbooking.com/dat-ve-may-bay-ha-noi-di-new-york-my-thang-7/","/dat-ve-may-bay-ha-noi-di-new-york-my-thang-7","4","299","0.013377926421404682","26.140468227424748","true","/ve-may-bay","0","","mapping_defined_unverified","5","ve may bay di my thang 7 | vé máy bay hà nội new york | vé máy bay hà nội đi mỹ | vé máy bay từ hà nội đi new york | vé máy bay từ hà nội đi mỹ"
"https://khangvuongbooking.com/dat-mua-ve-may-bay-sai-gon-di-my-pho-thong/","/dat-mua-ve-may-bay-sai-gon-di-my-pho-thong","4","285","0.014035087719298246","20.028070175438597","false","","0","","needs_mapping_review","5","vé máy bay từ sài gòn đi mỹ | vé máy bay sài gòn đi mỹ | vé máy bay từ sài gòn đi california | giá máy bay đi mỹ | giá vé máy bay sài gòn đi mỹ"
"https://khangvuongbooking.com/thang-11-den-thuong-thuc-nhung-mon-truyen-thong-trong-ngay-le-ta/","/thang-11-den-thuong-thuc-nhung-mon-truyen-thong-trong-ngay-le-ta","4","200","0.02","13.46","true","/hang-bay","0","","mapping_defined_unverified","2","lễ tạ ơn ăn gì | bên mỹ"
"https://khangvuongbooking.com/doi-ve-may-bay-china-airlines-di-san-francisco/","/doi-ve-may-bay-china-airlines-di-san-francisco","4","172","0.023255813953488372","14.796511627906977","true","/doi-ngay-ve-china-airlines","0","","mapping_defined_unverified","3","ve may bay china airlines di my | đổi vé máy bay china airlines | doi ve china airlines"
"https://khangvuongbooking.com/mua-them-hanh-ly-s7-airlines/","/mua-them-hanh-ly-s7-airlines","4","101","0.039603960396039604","6.594059405940594","true","/mua-them-hanh-ly","0","","mapping_defined_unverified","1","li s7"
"https://khangvuongbooking.com/dich-vu-dat-ve-may-bay-cho-thu-cung-cho-meo-di-seattle-my/","/dich-vu-dat-ve-may-bay-cho-thu-cung-cho-meo-di-seattle-my","4","73","0.0547945205479452","5.534246575342466","false","","0","","needs_mapping_review","0",""
"https://khangvuongbooking.com/dich-vu-dat-ve-may-bay-cho-thu-cung-cho-meo-di-atlanta-my/","/dich-vu-dat-ve-may-bay-cho-thu-cung-cho-meo-di-atlanta-my","4","58","0.06896551724137931","8.431034482758621","true","/ve-thu-cung","0","","mapping_defined_unverified","0",""
"https://khangvuongbooking.com/ve-may-bay-di-thai-lan/","/ve-may-bay-di-thai-lan","3","4394","0.0006827492034592626","41.77787892580792","true","/ve-may-bay","0","","mapping_defined_unverified","5","vé máy bay đi thailand | vé máy bay đi thái lan | vé máy bay đi hat yai | vé máy bay đi chiang rai | vé máy bay đi bangkok"
"https://khangvuongbooking.com/ve-may-bay-ho-chi-minh-di-vancouver-canada/","/ve-may-bay-ho-chi-minh-di-vancouver-canada","3","1427","0.002102312543798178","35.07147862648914","false","","0","","needs_mapping_review","5","vé máy bay từ tphcm đi vancouver | vé máy bay sài gòn vancouver | vé máy bay từ tp hồ chí minh đi vancouver | vé máy bay từ hà nội đi vancouver | vé máy bay đi vancouver"
"https://khangvuongbooking.com/dat-mua-ve-may-bay-sai-gon-tp-hcm-di-miami-florida-my/","/dat-mua-ve-may-bay-sai-gon-tp-hcm-di-miami-florida-my","3","1148","0.002613240418118467","21.720383275261323","true","/ve-may-bay","0","","mapping_defined_unverified","5","vé máy bay đi miami | vé máy bay đi florida mỹ | miami cách việt nam bao nhiêu tiếng | sg miami | vé máy bay từ tp. hồ chí minh đi miami"
"https://khangvuongbooking.com/ve-may-bay-ho-chi-minh-di-phuc-chau/","/ve-may-bay-ho-chi-minh-di-phuc-chau","3","987","0.00303951367781155","16.860182370820667","false","","0","","needs_mapping_review","5","vé máy bay đi phúc châu | vé máy bay đi phúc kiến | vé máy bay đi fuzhou / vé máy bay đi phúc châu | sân bay phúc châu | phú châu trung quốc"
"https://khangvuongbooking.com/ban-ve-sai-gon-tp-hcm-di-san-francisco-my-thang-10/","/ban-ve-sai-gon-tp-hcm-di-san-francisco-my-thang-10","3","947","0.0031678986272439284","9.815205913410772","false","","0","","needs_mapping_review","5","sfo | sân bay sfo | vé máy bay từ tp. hồ chí minh đi san francisco | sfo là gì | sfo là sân bay nào"
"https://khangvuongbooking.com/dat-ve-may-bay-sai-gon-tp-hcm-di-washington-my-thang-8/","/dat-ve-may-bay-sai-gon-tp-hcm-di-washington-my-thang-8","3","913","0.0032858707557502738","28.07995618838992","true","/ve-may-bay","0","","mapping_defined_unverified","5","vé máy bay đi washington | vé máy bay từ sài gòn đi mỹ | vé máy bay đi washington dc | vé máy bay sài gòn washington dc | vé máy bay washington sài gòn"
"https://khangvuongbooking.com/dat-mua-ve-may-bay-ha-noi-di-my/","/dat-mua-ve-may-bay-ha-noi-di-my","3","816","0.003676470588235294","14.058823529411764","true","/ve-may-bay","0","","mapping_defined_unverified","5","từ hà nội đến mỹ bao nhiêu km | vé máy bay hà nội mỹ | vé máy bay hà nội đi mỹ | vé đi mỹ giá rẻ | cách đặt vé máy bay đi mỹ"
"https://khangvuongbooking.com/dat-ve-may-bay-sai-gon-tp-hcm-di-los-angeles-my-thang-8/","/dat-ve-may-bay-sai-gon-tp-hcm-di-los-angeles-my-thang-8","3","713","0.004207573632538569","21.612903225806452","false","","0","","needs_mapping_review","5","chuyến bay tp. hồ chí minh los angeles | ve may bay di los angeles | vé máy bay sài gòn los angeles | vé máy bay từ sài gòn đi california | vé máy bay từ tphcm đi los angeles"
"https://khangvuongbooking.com/ve-may-bay-ha-noi-di-perth-uc/","/ve-may-bay-ha-noi-di-perth-uc","3","711","0.004219409282700422","23.18424753867792","false","","0","","needs_mapping_review","5","vé máy bay hà nội perth | vé máy bay đi perth | vé máy bay đi perth úc | sân bay perth | site:khangvuongbooking.com"
"https://khangvuongbooking.com/ban-ve-ha-noi-di-washington-my-thang-10/","/ban-ve-ha-noi-di-washington-my-thang-10","3","677","0.004431314623338257","10.64549483013294","true","/hang-bay","0","","mapping_defined_unverified","3","vé máy bay từ hà nội đi washington | site:khangvuongbooking.com | ve may bay di my thang 10"
"https://khangvuongbooking.com/nhung-dieu-ban-chua-biet-ve-thanh-pho-los-angeles/","/nhung-dieu-ban-chua-biet-ve-thanh-pho-los-angeles","3","615","0.004878048780487805","26.652032520325204","true","/cam-nang-bay","0","","mapping_defined_unverified","5","los angeles | thành phố los angeles | la | los angeles ở bang nào | los angeles ở nước nào"
"https://khangvuongbooking.com/gia-ve-may-bay-sai-gon-tp-hcm-di-houston-iah-my-thang-11-12/","/gia-ve-may-bay-sai-gon-tp-hcm-di-houston-iah-my-thang-11-12","3","602","0.0049833887043189366","26.727574750830566","false","","0","","needs_mapping_review","5","vé máy bay từ houston đi tp. hồ chí minh | vé máy bay đi houston | vé máy bay từ tphcm đi houston | vé máy bay từ tp. hồ chí minh đi houston | vé máy bay từ tp hồ chí minh đi houston"
"https://khangvuongbooking.com/dat-ve-may-bay-ha-noi-di-seattle-my-thang-7/","/dat-ve-may-bay-ha-noi-di-seattle-my-thang-7","3","568","0.00528169014084507","33.098591549295776","false","","0","","needs_mapping_review","5","ve may bay di seattle my | vé máy bay đi seattle | ve may bay di seattle | vé máy bay seattle sài gòn | ve di my thang 7"
"https://khangvuongbooking.com/dat-ve-may-bay-sai-gon-tp-hcm-di-dallas-texas-my-thang-7/","/dat-ve-may-bay-sai-gon-tp-hcm-di-dallas-texas-my-thang-7","3","557","0.005385996409335727","24.18132854578097","false","","0","","needs_mapping_review","5","vé máy bay đi dallas | vé máy bay đi texas | vé máy bay đi dallas-fort worth | ho chi minh city dallas | vé máy bay đi texas mỹ"
"https://khangvuongbooking.com/ban-ve-sai-gon-tp-hcm-di-honolulu-my-thang-10/","/ban-ve-sai-gon-tp-hcm-di-honolulu-my-thang-10","3","486","0.006172839506172839","20.0761316872428","true","/hang-bay","0","","mapping_defined_unverified","5","vé máy bay đi honolulu | khách sạn giá rẻ tại honolulu | vé máy bay từ tp. hồ chí minh đi honolulu | vé máy bay đi hawaii | honolulu"
"https://khangvuongbooking.com/dat-ve-may-bay-sai-gon-tp-hcm-di-houston-my-thang-7/","/dat-ve-may-bay-sai-gon-tp-hcm-di-houston-my-thang-7","3","464","0.00646551724137931","20.85560344827586","true","/ve-may-bay","0","","mapping_defined_unverified","5","vé máy bay đi houston | vé máy bay từ tphcm đi houston | vé máy bay từ houston về sài gòn | vé máy bay đi texas | vé máy bay houston sài gòn"
"https://khangvuongbooking.com/chuyen-bay-ha-noi-di-chicago-my-thang-9/","/chuyen-bay-ha-noi-di-chicago-my-thang-9","3","459","0.006535947712418301","20.41830065359477","true","/hang-bay","0","","mapping_defined_unverified","5","vé máy bay từ hà nội đi chicago | vé máy bay đi chicago | vé máy bay từ chicago về việt nam | ve may bay di chicago | site:khangvuongbooking.com"
"https://khangvuongbooking.com/xin-visa-du-hoc-trung-quoc-can-nhung-gi/","/xin-visa-du-hoc-trung-quoc-can-nhung-gi","3","430","0.0069767441860465115","11.509302325581395","true","/visa","0","","mapping_defined_unverified","5","visa x1 | visa du học trung quốc | xin visa du học trung quốc | visa x1 trung quốc | visa x1 và x2"
"https://khangvuongbooking.com/ban-ve-sai-gon-tp-hcm-di-miami-florida-my-thang-10/","/ban-ve-sai-gon-tp-hcm-di-miami-florida-my-thang-10","3","423","0.0070921985815602835","16.55082742316785","true","/hang-bay","0","","mapping_defined_unverified","5","vé máy bay đi miami | vé máy bay từ tp. hồ chí minh đi miami | tp miami | du lịch bờ tây nước mỹ | miami tp"
"https://khangvuongbooking.com/dat-mua-ve-may-bay-sai-gon-tp-hcm-di-orlando-florida-my/","/dat-mua-ve-may-bay-sai-gon-tp-hcm-di-orlando-florida-my","3","403","0.007444168734491315","17.801488833746898","true","/ve-may-bay","0","","mapping_defined_unverified","5","vé máy bay đi orlando | vé máy bay đi florida mỹ | giá vé máy bay đi mỹ khứ hồi 2019 orlando | thuê xe tự lái incheon | vé máy bay từ tp. hồ chí minh đi orlando"
"https://khangvuongbooking.com/ban-ve-sai-gon-tp-hcm-di-denver-my-thang-10/","/ban-ve-sai-gon-tp-hcm-di-denver-my-thang-10","3","341","0.008797653958944282","15.219941348973608","false","","0","","needs_mapping_review","1","vé máy bay đi denver"
"https://khangvuongbooking.com/thien-nhien-nuoc-my-5-dia-diem-ngam-canh-dep/","/thien-nhien-nuoc-my-5-dia-diem-ngam-canh-dep","3","303","0.009900990099009901","37.9009900990099","true","/cam-nang-bay","0","","mapping_defined_unverified","5","cảnh đẹp nước mỹ | cảnh đẹp ở mỹ | cảnh đẹp mỹ | những cảnh đẹp ở mỹ | phong cảnh nước mỹ"
"https://khangvuongbooking.com/ban-ve-sai-gon-tp-hcm-di-washington-my-thang-10/","/ban-ve-sai-gon-tp-hcm-di-washington-my-thang-10","3","274","0.010948905109489052","24.51094890510949","true","/hang-bay","0","","mapping_defined_unverified","4","ve di my thang 10 | vé máy bay đi washington | khang vuong | ve may bay di my thang 10"
"https://khangvuongbooking.com/dat-ve-may-bay-sai-gon-tp-hcm-di-honolulu-my-thang-7/","/dat-ve-may-bay-sai-gon-tp-hcm-di-honolulu-my-thang-7","3","270","0.011111111111111112","16.470370370370368","false","","0","","needs_mapping_review","5","vé máy bay đi honolulu | khách sạn giá rẻ tại honolulu | vé máy bay từ hà nội đi honolulu | vé máy bay từ tp. hồ chí minh đi honolulu | vé máy bay đi hawaii"
"https://khangvuongbooking.com/ve-may-bay-tu-ho-chi-minh-di-tay-an/","/ve-may-bay-tu-ho-chi-minh-di-tay-an","3","270","0.011111111111111112","18.83703703703704","false","","0","","needs_mapping_review","4","vé máy bay đi tây an | chuyến bay từ hà nội đến tây an | chuyến bay tới tây an | sân bay tây an"
"https://khangvuongbooking.com/dat-mua-ve-boston-my-ve-ho-chi-minh-ha-noi-gia-re/","/dat-mua-ve-boston-my-ve-ho-chi-minh-ha-noi-gia-re","3","177","0.01694915254237288","18.384180790960453","true","/cam-nang-bay","0","","mapping_defined_unverified","4","vé máy bay từ boston về việt nam | vé máy bay đi boston | boston cách việt nam bao nhiêu tiếng | vé máy bay từ hà nội đi boston"
"https://khangvuongbooking.com/ve-may-bay-da-nang-di-gwangju-han-quoc-gia-re/","/ve-may-bay-da-nang-di-gwangju-han-quoc-gia-re","3","137","0.021897810218978103","22.138686131386862","true","/ve-may-bay","0","","mapping_defined_unverified","5","vé máy bay đà nẵng hàn quốc | sân bay gwangju | vé máy bay đi kwangju | han yyz | vé máy bay từ đà nẵng đi hàn quốc"
"https://khangvuongbooking.com/lay-dau-van-tay-du-khach-khi-xuat-nhap-canh-singapore/","/lay-dau-van-tay-du-khach-khi-xuat-nhap-canh-singapore","3","131","0.022900763358778626","9.213740458015268","true","/cam-nang-bay","0","","mapping_defined_unverified","0",""
"https://khangvuongbooking.com/dat-mua-ve-may-bay-starlux-airlines-di-dallas-texas/","/dat-mua-ve-may-bay-starlux-airlines-di-dallas-texas","3","100","0.03","13.19","true","/ve-may-bay","0","","mapping_defined_unverified","2","đặt vé máy bay starlux | vé máy bay đi dallas"
"https://khangvuongbooking.com/ve-may-bay-aeroflot/","/ve-may-bay-aeroflot","2","9188","0.00021767522855898998","11.046255986068786","true","/ve-may-bay","0","","mapping_defined_unverified","5","site:khangvuongbooking.com | dai ly aeroflot | văn phòng aeroflot | phòng vé aeroflot | đại lý aeroflot"
"https://khangvuongbooking.com/ve-may-bay-di-my-gia-re-moi-nhat-2025/","/ve-may-bay-di-my-gia-re-moi-nhat-2025","2","6824","0.00029308323563892143","45.99252637749121","true","/ve-may-bay","0","","mapping_defined_unverified","5","vé máy bay đi mỹ giá rẻ | vé máy bay đi mỹ | vé máy bay đi baltimore | ve may bay di my re nhat | vé máy bay đi mỹ tháng nào rẻ nhất"
"https://khangvuongbooking.com/ve-may-bay-noi-dia/","/ve-may-bay-noi-dia","2","4352","0.00045955882352941176","34.7883731617647","true","/ve-may-bay","0","","mapping_defined_unverified","5","vé máy bay nội địa | giá vé máy bay nội địa | khang vuong booking | vé máy bay giá rẻ | vé máy bay nội địa giá rẻ"
"https://khangvuongbooking.com/ve-may-bay-tu-ha-noi-di-thanh-do/","/ve-may-bay-tu-ha-noi-di-thanh-do","2","1993","0.0010035122930255895","29.534370296036126","true","/ve-may-bay","0","","mapping_defined_unverified","5","chuyến bay thành đô hà nội | giá vé máy bay thành đô hà nội | giá vé máy bay hà nội thành đô | chuyến bay hà nội thành đô | vé máy bay đi thành đô"
"https://khangvuongbooking.com/ve-may-bay-ha-noi-di-vancouver-canada/","/ve-may-bay-ha-noi-di-vancouver-canada","2","1689","0.0011841326228537595","39.32208407341622","false","","0","","needs_mapping_review","5","khách sạn giá rẻ tại vancouver | vé máy bay từ hà nội đi vancouver | vé máy bay đi vancouver | vé máy bay hà nội canada | vé máy bay hà nội vancouver"
"https://khangvuongbooking.com/tag/dai-ly-cebu-pacific/","/tag/dai-ly-cebu-pacific","2","1586","0.0012610340479192938","13.47982345523329","true","/cam-nang-bay","0","","mapping_defined_unverified","5","dai ly cebu pacific | site:khangvuongbooking.com | đại lý cebu pacific | phong ve cebu pacific | cecbu"
"https://khangvuongbooking.com/dat-mua-ve-may-bay-ha-noi-di-seattle-my/","/dat-mua-ve-may-bay-ha-noi-di-seattle-my","2","1360","0.0014705882352941176","55.86911764705882","true","/ve-may-bay","0","","mapping_defined_unverified","5","vé máy bay đi seattle | vé máy bay đi mỹ | ve may bay di my | ga chống thấm | khách sạn tại seattle"
"https://khangvuongbooking.com/dat-ve-may-bay-sai-gon-tp-hcm-di-los-angeles-my-thang-7/","/dat-ve-may-bay-sai-gon-tp-hcm-di-los-angeles-my-thang-7","2","950","0.002105263157894737","27.68315789473684","false","","0","","needs_mapping_review","5","giá vé máy baytp. hồ chí minh los angeles | chuyến bay tp. hồ chí minh los angeles | ve may bay di los angeles | vé máy bay từ tphcm đi los angeles | vé máy bay từ sài gòn đi california"
"https://khangvuongbooking.com/ve-may-bay-tu-ho-chi-minh-di-bac-kinh/","/ve-may-bay-tu-ho-chi-minh-di-bac-kinh","2","905","0.0022099447513812156","30.8","true","/ve-may-bay","0","","mapping_defined_unverified","5","giá vé máy bay bắc kinh tp. hồ chí minh | giá vé máy baytp. hồ chí minh bắc kinh | chuyến bay tp. hồ chí minh bắc kinh | vé máy bay đi bắc kinh | chuyến bay bắc kinh tp. hồ chí minh"
"https://khangvuongbooking.com/san-bay-quoc-te-noi-bai-han/","/san-bay-quoc-te-noi-bai-han","2","900","0.0022222222222222222","29.79222222222222","true","/cam-nang-bay","0","","mapping_defined_unverified","5","sân bay han | sân bay nội bài han | sân bay hà nội | han là sân bay nào | sân bay quốc tế nội bài"
"https://khangvuongbooking.com/gia-ve-may-bay-sai-gon-tp-hcm-di-los-angeles-lax-my-thang-11-12/","/gia-ve-may-bay-sai-gon-tp-hcm-di-los-angeles-lax-my-thang-11-12","2","825","0.0024242424242424242","28.28727272727273","false","","0","","needs_mapping_review","5","giá vé máy baytp. hồ chí minh los angeles | chuyến bay tp. hồ chí minh los angeles | vé máy bay từ tphcm đi los angeles | vé máy bay từ sài gòn đi los angeles | ve may bay di los angeles"
"https://khangvuongbooking.com/dat-mua-ve-may-bay-sai-gon-di-san-francisco-my/","/dat-mua-ve-may-bay-sai-gon-di-san-francisco-my","2","780","0.002564102564102564","41.008974358974356","true","/ve-may-bay","0","","mapping_defined_unverified","5","ve may bay di san francisco | vé máy bay đi san francisco | vé máy bay san francisco sài gòn | vé hồ chí minh đi san francisco | ve may bay san francisco ve viet nam"
"https://khangvuongbooking.com/chuyen-bay-sai-gon-tp-hcm-di-los-angeles-my-thang-9/","/chuyen-bay-sai-gon-tp-hcm-di-los-angeles-my-thang-9","2","732","0.00273224043715847","14.919398907103826","false","","0","","needs_mapping_review","5","chuyến bay tp. hồ chí minh los angeles | vé máy bay từ tphcm đi los angeles | vé máy bay từ sài gòn đi california | thời gian bay từ tphcm đến los angeles | vé máy bay sài gòn los angeles"
"https://khangvuongbooking.com/dat-mua-ve-may-bay-ha-noi-di-houston-my/","/dat-mua-ve-may-bay-ha-noi-di-houston-my","2","691","0.002894356005788712","41.75397973950796","true","/ve-may-bay","0","","mapping_defined_unverified","5","vé máy bay đi houston | vé máy bay houston sài gòn | vé may bay từ hà nội đi houston | vé máy bay đi texas | vé máy bay đi texas mỹ"
"https://khangvuongbooking.com/ve-may-bay-ha-noi-di-uc-australia/","/ve-may-bay-ha-noi-di-uc-australia","2","641","0.0031201248049922","54.41965678627145","true","/ve-may-bay","0","","mapping_defined_unverified","5","vé máy bay hà nội brisbane | vé máy bay từ hà nội đi úc | book vé máy bay đi úc | săn vé máy bay giá rẻ đi úc | vé máy bay hà nội đi úc"
"https://khangvuongbooking.com/dat-mua-ve-may-bay-sai-gon-di-honolulu-my/","/dat-mua-ve-may-bay-sai-gon-di-honolulu-my","2","622","0.003215434083601286","33.643086816720256","true","/ve-may-bay","0","","mapping_defined_unverified","5","vé máy bay đi honolulu | vé máy bay đi hawaii | vé máy bay từ hà nội đi honolulu | vé máy bay từ tp. hồ chí minh đi honolulu | vé máy bay sài gòn đi mỹ"
"https://khangvuongbooking.com/dich-vu-nang-hang-ve-hang-american-airlines/","/dich-vu-nang-hang-ve-hang-american-airlines","2","604","0.0033112582781456954","9.544701986754967","false","","0","","needs_mapping_review","5","site:khangvuongbooking.com | nâng hạng vé máy bay | khang vuong booking | domestic first | kiểm tra vé máy bay american đi mỹ"
"https://khangvuongbooking.com/ve-may-bay-ha-noi-di-ottawa-canada/","/ve-may-bay-ha-noi-di-ottawa-canada","2","598","0.0033444816053511705","31.745819397993312","true","/ve-may-bay","0","","mapping_defined_unverified","5","vé máy bay đi ottawa | vé máy bay từ hà nội đi ottawa | vé máy bay hà nội canada | vé máy bay từ tp hồ chí minh đi ottawa | site:khangvuongbooking.com"
"https://khangvuongbooking.com/dat-ve-may-bay-sai-gon-tp-hcm-di-san-jose-my-thang-7/","/dat-ve-may-bay-sai-gon-tp-hcm-di-san-jose-my-thang-7","2","589","0.003395585738539898","28.225806451612904","true","/ve-may-bay","0","","mapping_defined_unverified","5","vé máy bay đi san jose | vé máy bay từ sài gòn đi california | ve di my thang 7 | ban ve may bay san jose | sân bay quốc tế san jose"
"https://khangvuongbooking.com/dat-mua-ve-may-bay-da-nang-di-san-francisco-my/","/dat-mua-ve-may-bay-da-nang-di-san-francisco-my","2","506","0.003952569169960474","22.622529644268774","true","/ve-may-bay","0","","mapping_defined_unverified","5","vé máy bay đà nẵng đi mỹ | hãng hàng không nào khai thác chuyến bay từ đà nẵng đến san francisco ? | da nang to sfo | nên bay hãng hàng không nào từ đà nẵng đến san francisco ? | vé máy bay đi san diego"
"https://khangvuongbooking.com/thu-tuc-giay-to-danh-cho-ba-bau-di-may-bay-vietjet-air/","/thu-tuc-giay-to-danh-cho-ba-bau-di-may-bay-vietjet-air","2","456","0.0043859649122807015","35.4078947368421","true","/cam-nang-bay","0","","mapping_defined_unverified","5","giấy xác nhận sức khỏe de đi máy bay vietjet | quy định phụ nữ mang thai đi máy bay vietjet | bầu đi máy bay cần giấy tờ gì | quy định đi máy bay cho bà bầu | giấy khám sức khoẻ cho bà bầu đi máy bay"
"https://khangvuongbooking.com/dat-mua-ve-may-bay-ha-noi-di-my-thang-8/","/dat-mua-ve-may-bay-ha-noi-di-my-thang-8","2","436","0.0045871559633027525","14.844036697247706","true","/ve-may-bay","0","","mapping_defined_unverified","5","ve may bay di my thang 8 | vé máy bay hà nội đi mỹ | vé máy bay hà nội mỹ | vé máy bay từ hà nội đi new york | vé máy bay đi mỹ tháng 8"
"https://khangvuongbooking.com/dat-mua-ve-may-bay-ha-noi-di-san-francisco-my/","/dat-mua-ve-may-bay-ha-noi-di-san-francisco-my","2","431","0.004640371229698376","39.13457076566125","true","/ve-may-bay","0","","mapping_defined_unverified","5","ve may bay di san francisco | vé máy bay từ hà nội đi san francisco | vé hà nội đi san francisco | vé máy bay đi san francisco | vé máy bay hà nội đi mỹ"
"https://khangvuongbooking.com/dat-ve-may-bay-sai-gon-tp-hcm-di-boston-my-thang-7/","/dat-ve-may-bay-sai-gon-tp-hcm-di-boston-my-thang-7","2","426","0.004694835680751174","27.91549295774648","true","/ve-may-bay","0","","mapping_defined_unverified","5","vé máy bay đi boston | vé máy bay từ hà nội đi boston | vé máy bay sài gòn boston | ho chi minh city boston | sân bay quốc tế boston"
"https://khangvuongbooking.com/dat-mua-ve-may-bay-japan-airlines-di-my/","/dat-mua-ve-may-bay-japan-airlines-di-my","2","407","0.004914004914004914","19.127764127764127","true","/ve-may-bay","0","","mapping_defined_unverified","5","vé máy bay đi mỹ hãng japan airline | vé máy bay đi mỹ hãng nhật | vé máy bay đi nhật japan airline | đặt vé japan airlines | vé máy bay japan airline"
"https://khangvuongbooking.com/gia-ve-may-bay-ha-noi-di-los-angeles-lax-my-thang-11/","/gia-ve-may-bay-ha-noi-di-los-angeles-lax-my-thang-11","2","405","0.0049382716049382715","18.34567901234568","false","","0","","needs_mapping_review","4","vé máy bay từ hà nội đi los angeles | ve may bay di my thang 11 | ve may bay di los angeles | ve may bay di los angeles my"
"https://khangvuongbooking.com/ban-ve-ha-noi-di-dallas-texas-my-thang-10/","/ban-ve-ha-noi-di-dallas-texas-my-thang-10","2","383","0.005221932114882507","20.295039164490863","true","/hang-bay","0","","mapping_defined_unverified","5","vé máy bay đi dallas | vé máy bay từ hà nội đi dallas | dallas thuộc bang nào của mỹ | thời tiết dallas | việt mỹ"
"https://khangvuongbooking.com/ve-may-bay-di-wyoming/","/ve-may-bay-di-wyoming","2","357","0.0056022408963585435","15.65266106442577","true","/ve-may-bay","0","","mapping_defined_unverified","3","site:khangvuongbooking.com | vé máy bay alaska hà nội giá rẻ | đi mỹ bao nhiêu tiền"
"https://khangvuongbooking.com/ve-may-bay-da-nang-di-quang-chau/","/ve-may-bay-da-nang-di-quang-chau","2","336","0.005952380952380952","14.211309523809524","true","/ve-may-bay","0","","mapping_defined_unverified","5","vé máy bay đà nẵng quảng châu | giá vé đi quảng châu trung quốc | vé máy bay đi quảng châu | quang châu đà nẵng | site:khangvuongbooking.com"
"https://khangvuongbooking.com/dat-mua-ve-may-bay-sai-gon-di-my-thang-8/","/dat-mua-ve-may-bay-sai-gon-di-my-thang-8","2","334","0.005988023952095809","26.353293413173652","true","/ve-may-bay","0","","mapping_defined_unverified","5","ve may bay di my thang 8 | vé máy bay từ sài gòn đi california | vé máy bay sài gòn los angeles | vé máy bay đi mỹ tháng 8 | vé máy bay san francisco sài gòn"
"https://khangvuongbooking.com/gia-ve-may-bay-sai-gon-tp-hcm-di-boston-bos-my-thang-11-12/","/gia-ve-may-bay-sai-gon-tp-hcm-di-boston-bos-my-thang-11-12","2","330","0.006060606060606061","28.303030303030305","false","","0","","needs_mapping_review","5","sgn bos | vé máy bay đi boston | vé máy bay đi boston mỹ | vé máy bay sài gòn boston | bos sgn"
"https://khangvuongbooking.com/ve-may-bay-da-nang-di-hang-chau/","/ve-may-bay-da-nang-di-hang-chau","2","324","0.006172839506172839","11.876543209876543","true","/ve-may-bay","0","","mapping_defined_unverified","2","vé máy bay đi hàng châu | chuyến bay tới hàng châu"
"https://khangvuongbooking.com/gia-ve-may-bay-sai-gon-tp-hcm-di-atlanta-atl-my-thang-11-12/","/gia-ve-may-bay-sai-gon-tp-hcm-di-atlanta-atl-my-thang-11-12","2","307","0.006514657980456026","20.299674267100976","false","","0","","needs_mapping_review","4","vé máy bay đi atlanta | atl 11 | bang atlanta | vé máy bay từ atlanta về việt nam"
"https://khangvuongbooking.com/ban-ve-ha-noi-di-ohio-my-thang-10/","/ban-ve-ha-noi-di-ohio-my-thang-10","2","279","0.007168458781362007","13.526881720430108","false","","0","","needs_mapping_review","5","vé máy bay đi cleveland | vé máy bay từ hà nội đi cleveland | ohio mỹ | ""vé sớm"" | site:khangvuongbooking.com"
"https://khangvuongbooking.com/chuyen-bay-ha-noi-di-san-francisco-my-thang-9/","/chuyen-bay-ha-noi-di-san-francisco-my-thang-9","2","275","0.007272727272727273","7.341818181818182","false","","0","","needs_mapping_review","2","vé máy bay từ hà nội đi san francisco | hãng hàng không nào khai thác chuyến bay từ hà nội đến san francisco ?"
"https://khangvuongbooking.com/doi-ve-may-bay-british-airways/","/doi-ve-may-bay-british-airways","2","270","0.007407407407407408","7.148148148148148","true","/doi-ngay-ve","0","","mapping_defined_unverified","2","site:khangvuongbooking.com | british airways đánh giá"
"https://khangvuongbooking.com/ban-ve-sai-gon-tp-hcm-di-atlanta-my-thang-10/","/ban-ve-sai-gon-tp-hcm-di-atlanta-my-thang-10","2","261","0.007662835249042145","16.191570881226056","false","","0","","needs_mapping_review","4","vé máy bay đi atlanta | site:khangvuongbooking.com | vé máy bay đi georgia | tp atlanta"
"https://khangvuongbooking.com/bang-gia-ve-ha-noi-di-my-thang-10-11-12/","/bang-gia-ve-ha-noi-di-my-thang-10-11-12","2","259","0.007722007722007722","8.525096525096526","false","","0","","needs_mapping_review","3","giá vé máy bay đi mỹ khứ hồi 2024 | delta valley bình thuận | giá vé hạng thương gia đi mỹ"
"https://khangvuongbooking.com/dat-ve-may-bay-sai-gon-tp-hcm-di-ohio-my-thang-8/","/dat-ve-may-bay-sai-gon-tp-hcm-di-ohio-my-thang-8","2","256","0.0078125","12.06640625","false","","0","","needs_mapping_review","4","vé máy bay đi cleveland | gửi hàng đi ohio | vé máy bay geneva sài gòn | vé máy bay đi columbus"
"https://khangvuongbooking.com/dich-vu-nang-hang-ve-hang-etihad-airways/","/dich-vu-nang-hang-ve-hang-etihad-airways","2","248","0.008064516129032258","9.27016129032258","false","","0","","needs_mapping_review","1","etihad airways"
"https://khangvuongbooking.com/ve-may-bay-ho-chi-minh-di-hai-khau/","/ve-may-bay-ho-chi-minh-di-hai-khau","2","245","0.00816326530612245","12.457142857142857","false","","0","","needs_mapping_review","3","chuyến bay tới hải khẩu | site:khangvuongbooking.com | sân bay hải khẩu"
"https://khangvuongbooking.com/ve-may-bay-du-hoc-sinh-trung-khanh/","/ve-may-bay-du-hoc-sinh-trung-khanh","2","244","0.00819672131147541","28.2827868852459","false","","0","","needs_mapping_review","5","giá vé máy bay trùng khánh hà nội | vé máy bay du học sinh trung quốc | vé máy bay đi trùng khánh trung quốc | site:khangvuongbooking.com | vé máy bay hà nội trùng khánh"
"https://khangvuongbooking.com/chuyen-bay-sai-gon-tp-hcm-di-orlando-florida-my-thang-9/","/chuyen-bay-sai-gon-tp-hcm-di-orlando-florida-my-thang-9","2","243","0.00823045267489712","12.823045267489713","false","","0","","needs_mapping_review","4","vé máy bay đi orlando | giá vé máy bay đi mỹ khứ hồi 2019 orlando | site:khangvuongbooking.com | vé máy bay từ tp. hồ chí minh đi orlando"
"https://khangvuongbooking.com/chiem-nguong-cong-trinh-kien-truc-lau-doi-nhat-o-berlin-duc/","/chiem-nguong-cong-trinh-kien-truc-lau-doi-nhat-o-berlin-duc","2","236","0.00847457627118644","9.754237288135593","true","/cam-nang-bay","0","","mapping_defined_unverified","4","lâu đài charlottenburg | kiến trúc đức | nhà thờ berlin | nhà thờ lớn berlin"
"https://khangvuongbooking.com/doi-ngay-ve-may-bay-china-airlines-di-santa-ana-my/","/doi-ngay-ve-may-bay-china-airlines-di-santa-ana-my","2","228","0.008771929824561403","36.925438596491226","false","","0","","needs_mapping_review","5","ve may bay china airlines di my | doi ve china airlines | vé máy bay lễ | doi ngay china airlines | ana manage booking"
"https://khangvuongbooking.com/ban-ve-ha-noi-di-new-york-my-thang-10/","/ban-ve-ha-noi-di-new-york-my-thang-10","2","225","0.008888888888888889","27.013333333333332","false","","0","","needs_mapping_review","5","vé máy bay từ hà nội đi new york | hà nội new york | khoảng cách từ hà nội đến new york | ve may bay di new york | vé máy bay hà nội new york"
"https://khangvuongbooking.com/ban-ve-ha-noi-di-seattle-my-thang-10/","/ban-ve-ha-noi-di-seattle-my-thang-10","2","223","0.008968609865470852","14.251121076233185","false","","0","","needs_mapping_review","5","site:khangvuongbooking.com | vé máy bay từ hà nội đi seattle | ""starlux"" | ve may bay di seattle | ve may bay di seattle my"
"https://khangvuongbooking.com/ve-may-bay-ha-noi-di-adelaide-uc/","/ve-may-bay-ha-noi-di-adelaide-uc","2","218","0.009174311926605505","32.77981651376147","false","","0","","needs_mapping_review","5","vé máy bay đi adelaide | sân bay adelaide | du lịch adelaide úc | sân bay quốc tế adelaide | du lịch adelai úc"
"https://khangvuongbooking.com/quy-dinh-dich-vu-dac-biet-hang-hang-khong-vietjet-air/","/quy-dinh-dich-vu-dac-biet-hang-hang-khong-vietjet-air","2","203","0.009852216748768473","9.67487684729064","true","/hang-bay","0","","mapping_defined_unverified","4","điều kiện vé vietjet | quy định bay nội địa vietjet | dịch vụ xe lăn vietjet | vietjet"
"https://khangvuongbooking.com/dat-mua-ve-may-bay-japan-airlines-di-los-angeles/","/dat-mua-ve-may-bay-japan-airlines-di-los-angeles","2","201","0.009950248756218905","33.07960199004975","true","/ve-may-bay","0","","mapping_defined_unverified","5","vé máy bay đi mỹ hãng japan airline | vé máy bay đi nhật japan airline | jal los angeles | site:khangvuongbooking.com | ho chi minh to los angeles"
"https://khangvuongbooking.com/dat-mua-ve-may-bay-nippon-airways-di-my/","/dat-mua-ve-may-bay-nippon-airways-di-my","2","196","0.01020408163265306","18.091836734693878","true","/ve-may-bay","0","","mapping_defined_unverified","4","phòng vé nippon airways | đại lý nippon airways | số điện thoại văn phòng hãng nippon airways | vé máy bay đi mỹ hãng nhật"
"https://khangvuongbooking.com/dat-mua-ve-may-bay-ha-noi-di-my-thang-11/","/dat-mua-ve-may-bay-ha-noi-di-my-thang-11","2","193","0.010362694300518135","27.05699481865285","false","","0","","needs_mapping_review","3","vé máy bay hà nội đi mỹ | giá vé máy bay từ hà nội đi mỹ | vé máy bay từ hà nội đi mỹ"
"https://khangvuongbooking.com/dat-mua-ve-may-bay-sai-gon-di-my-thang-9/","/dat-mua-ve-may-bay-sai-gon-di-my-thang-9","2","188","0.010638297872340425","22.43617021276596","true","/ve-may-bay","0","","mapping_defined_unverified","5","ve may bay di my thang 9 | vé máy bay từ sài gòn đi mỹ | giá vé máy bay sài gòn đi mỹ | vé máy bay đi mỹ tháng 9 | cách đặt vé máy bay đi mỹ"
"https://khangvuongbooking.com/dat-mua-ve-may-bay-eva-air-di-dallas-texas/","/dat-mua-ve-may-bay-eva-air-di-dallas-texas","2","172","0.011627906976744186","42.43023255813954","true","/ve-may-bay","0","","mapping_defined_unverified","5","vé máy bay đi dallas | ve may bay eva air | vé máy bay đi dallas-fort worth | site:khangvuongbooking.com | daoi ve eva air"
"https://khangvuongbooking.com/dat-mua-ve-may-bay-starlux-airlines-di-chicago/","/dat-mua-ve-may-bay-starlux-airlines-di-chicago","2","164","0.012195121951219513","37.920731707317074","true","/ve-may-bay","0","","mapping_defined_unverified","5","vé máy bay từ hà nội đi chicago | vé máy bay từ chicago về việt nam | vé máy bay đi chicago | starlux chicago | vé máy bay từ tp hồ chí minh đi chicago"
"https://khangvuongbooking.com/doi-ve-may-bay-malindo-air/","/doi-ve-may-bay-malindo-air","2","159","0.012578616352201259","11.622641509433961","true","/doi-ngay-ve","0","","mapping_defined_unverified","3","malindo air check in | site:khangvuongbooking.com | check in online malindo air"
"https://khangvuongbooking.com/dat-ve-may-bay-ha-noi-di-washington-my-thang-8/","/dat-ve-may-bay-ha-noi-di-washington-my-thang-8","2","143","0.013986013986013986","24.013986013986013","true","/ve-may-bay","0","","mapping_defined_unverified","5","vé máy bay đi washington | ve may bay di my thang 8 | vé máy bay đi mỹ tháng 8 | vé máy bay đi washington arlington | site:khangvuongbooking.com"
"https://khangvuongbooking.com/vietnam-airlines-uu-dai-bay-thang-di-chlb-duc/","/vietnam-airlines-uu-dai-bay-thang-di-chlb-duc","2","132","0.015151515151515152","12.696969696969697","true","/khuyen-mai","0","","mapping_defined_unverified","3","site:khangvuongbooking.com | giá vé máy bay đi đức của vietnam airline | vé máy bay việt nam đức"
"https://khangvuongbooking.com/ve-may-bay-air-china/","/ve-may-bay-air-china","2","125","0.016","16.375999999999998","true","/ve-may-bay","0","","mapping_defined_unverified","4","site:khangvuongbooking.com | hàng không air china | hãng hàng không air china | khang vuong booking"
"https://khangvuongbooking.com/dat-mua-ve-may-bay-air-china-di-new-york/","/dat-mua-ve-may-bay-air-china-di-new-york","2","118","0.01694915254237288","34.42372881355932","true","/ve-may-bay","0","","mapping_defined_unverified","5","vé máy bay từ hà nội đi new york | site:khangvuongbooking.com | vé máy bay hà nội new york | 19006695 | ve may bay di new york"
"https://khangvuongbooking.com/dich-vu-nang-hang-ve-hang-china-airlines/","/dich-vu-nang-hang-ve-hang-china-airlines","2","115","0.017391304347826087","7.773913043478261","false","","0","","needs_mapping_review","1","khang vuong booking"
"https://khangvuongbooking.com/bamboo-airways-uu-dai-20-phi-mua-them-hanh-ly/","/bamboo-airways-uu-dai-20-phi-mua-them-hanh-ly","2","98","0.02040816326530612","34.285714285714285","true","/mua-them-hanh-ly-bamboo-airways","0","","mapping_defined_unverified","5","mua thêm hành lý bamboo | giá hành lý bamboo | mua hành lý bamboo | giá hành lý ký gửi bamboo | mua thêm hành lý ký gửi bamboo"
"https://khangvuongbooking.com/nhung-thu-duoc-tang-khi-di-may-bay-ban-can-biet/","/nhung-thu-duoc-tang-khi-di-may-bay-ban-can-biet","2","92","0.021739130434782608","7.445652173913044","true","/cam-nang-bay","0","","mapping_defined_unverified","0",""
"https://khangvuongbooking.com/chuyen-bay-ha-noi-di-ohio-my-thang-9/","/chuyen-bay-ha-noi-di-ohio-my-thang-9","2","67","0.029850746268656716","13.26865671641791","true","/hang-bay","0","","mapping_defined_unverified","2","ve may bay di my thang 9 | gửi hàng đi ohio"
"https://khangvuongbooking.com/tuyen-dung-nhan-vien-ban-ve-may-bay-lien-tuc/","/tuyen-dung-nhan-vien-ban-ve-may-bay-lien-tuc","2","58","0.034482758620689655","44.46551724137931","true","/ve-may-bay","0","","mapping_defined_unverified","4","site:khangvuongbooking.com | làm thêm bán vé máy bay | nghề bán vé máy bay | việc làm bán vé máy bay"
"https://khangvuongbooking.com/dich-vu-dat-ve-may-bay-cho-thu-cung-cho-meo-di-chicago-my/","/dich-vu-dat-ve-may-bay-cho-thu-cung-cho-meo-di-chicago-my","2","54","0.037037037037037035","17.12962962962963","true","/ve-thu-cung","0","","mapping_defined_unverified","2","chó chicago | site:khangvuongbooking.com"
"https://khangvuongbooking.com/tag/qatar-airways-km-ve-chi-tu-19-900-000-d/","/tag/qatar-airways-km-ve-chi-tu-19-900-000-d","2","52","0.038461538461538464","8","true","/cam-nang-bay","0","","mapping_defined_unverified","2","19.900.000 | qatar airways"
"https://khangvuongbooking.com/vietnam-airlines-mo-bay-thang-tu-ha-noi-di-melbourne/","/vietnam-airlines-mo-bay-thang-tu-ha-noi-di-melbourne","2","28","0.07142857142857142","36.892857142857146","true","/hang-bay","0","","mapping_defined_unverified","5","hà nội melbourne | bay từ hà nội đến melbourne mất bao lâu | vietnam melbourne | vé máy bay hà nội melbourne | vé máy bay từ hà nội đi melbourne"
"https://khangvuongbooking.com/khuyen-mai/","/khuyen-mai","1","16033","0.00006237135907191417","4.410091685897836","true","/khuyen-mai","0","","mapping_defined_unverified","5","khang vuong booking | site:khangvuongbooking.com | booking khuyến mại | vé máy bay đi đài bắc | vé máy bay đi canada"
"https://khangvuongbooking.com/tag/asiana-airlines/","/tag/asiana-airlines","1","15986","0.00006255473539346929","6.311960465407231","true","/hang-bay","0","","mapping_defined_unverified","5","site:khangvuongbooking.com | vé máy bay đi mỹ hãng asiana airline | đổi vé máy bay asiana airlines | vé máy bay asiana airlines | vé máy bay đi mỹ asiana airlines"
"https://khangvuongbooking.com/dai-ly-phong-ve-eva-air/","/dai-ly-phong-ve-eva-air","1","4032","0.000248015873015873","20.603918650793652","true","/cam-nang-bay","0","","mapping_defined_unverified","5","dai ly eva air | đại lý phòng vé eva air | đại lý eva air | phong ve eva air | văn phòng eva air tại hồ chí minh"
"https://khangvuongbooking.com/ve-may-bay-di-trung-quoc/","/ve-may-bay-di-trung-quoc","1","3815","0.0002621231979030144","44.81100917431193","true","/ve-may-bay","0","","mapping_defined_unverified","5","vé máy bay đi trung quốc | vé máy bay đi an huy trung quốc | vé máy bay khứ hồi đi trung quốc | vé máy bay đi trùng khánh | vé máy bay đi phúc kiến"
"https://khangvuongbooking.com/ve-may-bay-di-anh/","/ve-may-bay-di-anh","1","3647","0.00027419797093501506","31.768302714559912","true","/ve-may-bay","0","","mapping_defined_unverified","5","ve may bay di anh | vé máy bay đi anh | vé máy bay đi manchester | vé máy bay đi luân đôn anh | vé máy bay đi anh quốc bao nhiêu tiền"
"https://khangvuongbooking.com/ve-may-bay-di-duc/","/ve-may-bay-di-duc","1","3274","0.00030543677458766036","54.86285888821014","true","/ve-may-bay","0","","mapping_defined_unverified","5","vé máy bay cathay pacific | vé máy bay đi đức | site:khangvuongbooking.com | vé máy bay đi đức khứ hồi | vé máy bay hà nội đi đức"
"https://khangvuongbooking.com/ve-may-bay-ha-noi-di-ha-mon/","/ve-may-bay-ha-noi-di-ha-mon","1","2307","0.00043346337234503684","18.29865626354573","false","","0","","needs_mapping_review","5","vé máy bay hà nội hạ môn | vé tàu hà nội đi hạ môn | chuyến bay từ hà nội tới hạ môn | từ hà nội đến hạ môn | hà nội đến hạ môn"
"https://khangvuongbooking.com/ve-may-bay-tu-ha-noi-di-quang-chau/","/ve-may-bay-tu-ha-noi-di-quang-chau","1","1550","0.0006451612903225806","39.380645161290325","true","/ve-may-bay","0","","mapping_defined_unverified","5","giá vé máy bay hà nội quảng châu | chuyến bay hà nội quảng châu | vé máy bay đi quảng châu | vé máy bay hà nội quảng châu | giá vé máy bay quảng châu hà nội"
"https://khangvuongbooking.com/ve-may-bay-ha-noi-di-toronto-canada/","/ve-may-bay-ha-noi-di-toronto-canada","1","1154","0.0008665511265164644","35.33015597920277","false","","0","","needs_mapping_review","5","vé máy bay từ hà nội đi toronto | vé máy bay hà nội canada | vé máy bay hà nội toronto | vé máy bay đi toronto giá rẻ | giá vé máy bay từ hà nội đi canada"
"https://khangvuongbooking.com/ve-may-bay-ho-chi-minh-di-dai-bac-dai-loan-gia-re/","/ve-may-bay-ho-chi-minh-di-dai-bac-dai-loan-gia-re","1","1066","0.0009380863039399625","48.21669793621013","false","","0","","needs_mapping_review","5","giá vé máy bay tp. hồ chí minh đài bắc | chuyến bay tp. hồ chí minh đài bắc | giá vé máy bay hồ chí minh đài bắc | vé máy bay giá rẻ đi đài loan | vé máy bay từ hà nội đi đài bắc"
"https://khangvuongbooking.com/ve-may-bay-tu-ho-chi-minh-di-ha-mon/","/ve-may-bay-tu-ho-chi-minh-di-ha-mon","1","875","0.001142857142857143","37.616","false","","0","","needs_mapping_review","5","vé máy bay đi hạ môn | vé máy bay hà nội hạ môn | hà nội đến hạ môn | chuyến bay từ hà nội tới hạ môn | từ hà nội đến hạ môn"
"https://khangvuongbooking.com/dat-mua-ve-may-bay-ha-noi-di-honolulu-my/","/dat-mua-ve-may-bay-ha-noi-di-honolulu-my","1","849","0.001177856301531213","28.85630153121319","true","/ve-may-bay","0","","mapping_defined_unverified","5","vé máy bay đi honolulu | vé máy bay đi hawaii | vé máy bay từ hà nội đi honolulu | khách sạn giá rẻ tại honolulu | sân bay honolulu"
"https://khangvuongbooking.com/dat-ve-may-bay-sai-gon-tp-hcm-di-san-francisco-my-thang-7/","/dat-ve-may-bay-sai-gon-tp-hcm-di-san-francisco-my-thang-7","1","764","0.0013089005235602095","31.43979057591623","false","","0","","needs_mapping_review","5","ve may bay di san francisco | vé máy bay đi san francisco | vé máy bay từ sài gòn đi california | vé máy bay san francisco sài gòn | ve may bay san francisco ve viet nam"
"https://khangvuongbooking.com/dat-mua-ve-may-bay-sai-gon-di-my/","/dat-mua-ve-may-bay-sai-gon-di-my","1","749","0.0013351134846461949","25.805073431241656","true","/ve-may-bay","0","","mapping_defined_unverified","5","vé máy bay từ sài gòn đi mỹ | vé máy bay sài gòn đi mỹ | vé máy bay new york sài gòn | vé máy bay sài gòn los angeles | vé máy bay los angeles sài gòn"
"https://khangvuongbooking.com/ve-may-bay-di-phap/","/ve-may-bay-di-phap","1","707","0.0014144271570014145","74.86421499292787","true","/ve-may-bay","0","","mapping_defined_unverified","5","vé máy bay đi pháp | vé máy bay đi pháp khứ hồi | vé máy bay đi pháp giá rẻ | vé máy bay đi pháp bao nhiêu tiền | mua vé máy bay đi pháp"
"https://khangvuongbooking.com/tag/ve-may-bay-ha-noi-di-bangkok/","/tag/ve-may-bay-ha-noi-di-bangkok","1","706","0.00141643059490085","10.902266288951841","true","/ve-may-bay","0","","mapping_defined_unverified","5","vé máy bay hà nội bangkok | vé máy bay hanoi bangkok | giá vé máy bay hà nội bangkok | chuyến bay hà nội bangkok | vé máy bay hà nội bangkok khứ hồi"
"https://khangvuongbooking.com/dat-ve-may-bay-sai-gon-tp-hcm-di-san-francisco-my-thang-8/","/dat-ve-may-bay-sai-gon-tp-hcm-di-san-francisco-my-thang-8","1","667","0.0014992503748125937","17.055472263868065","false","","0","","needs_mapping_review","5","ve may bay di my thang 8 | ve may bay di san francisco | vé máy bay đi san francisco | vé máy bay từ tp. hồ chí minh đi san francisco | vé máy bay từ sài gòn đi mỹ"
"https://khangvuongbooking.com/ve-may-bay-ha-noi-di-con-minh/","/ve-may-bay-ha-noi-di-con-minh","1","614","0.0016286644951140066","19.490228013029316","false","","0","","needs_mapping_review","5","vé máy bay đi côn minh | chuyến bay từ hà nội đến côn minh | vé máy bay hà nội kunming | bay hà nội côn minh | vé máy bay côn minh hà nội"
"https://khangvuongbooking.com/dat-mua-ve-may-bay-starlux-airlines-di-los-angeles/","/dat-mua-ve-may-bay-starlux-airlines-di-los-angeles","1","583","0.0017152658662092624","27.32418524871355","true","/ve-may-bay","0","","mapping_defined_unverified","5","starlux airlines đi los angeles | khách sạn gần sân bay quốc tế los angeles | vé máy bay từ hà nội đi los angeles | vé máy bay từ tp hồ chí minh đi los angeles | vé máy bay sài gòn los angeles"
"https://khangvuongbooking.com/dat-ve-may-bay-sai-gon-tp-hcm-di-washington-my-thang-7/","/dat-ve-may-bay-sai-gon-tp-hcm-di-washington-my-thang-7","1","558","0.0017921146953405018","36.586021505376344","false","","0","","needs_mapping_review","5","vé máy bay đi washington | vé máy bay đi washington dc | vé máy bay washington sài gòn | vé máy bay đi washington arlington | vé máy bay từ sài gòn đi mỹ"
"https://khangvuongbooking.com/ban-ve-sai-gon-tp-hcm-di-san-jose-my-thang-10/","/ban-ve-sai-gon-tp-hcm-di-san-jose-my-thang-10","1","529","0.001890359168241966","17.92249527410208","false","","0","","needs_mapping_review","4","vé máy bay đi san jose | nhà cho thuê san jose bao tháng mõ | ban ve may bay san jose | nha ban o san jose"
"https://khangvuongbooking.com/dat-mua-ve-may-bay-ha-noi-di-los-angeles-my/","/dat-mua-ve-may-bay-ha-noi-di-los-angeles-my","1","494","0.0020242914979757085","28.12753036437247","true","/ve-may-bay","0","","mapping_defined_unverified","5","ve may bay di los angeles | vé máy bay từ hà nội đi los angeles | vé máy bay đi los angeles | vé máy bay hà nội đi mỹ | vé máy bay hà nội los angeles"
"https://khangvuongbooking.com/ban-ve-sai-gon-tp-hcm-di-orlando-florida-my-thang-10/","/ban-ve-sai-gon-tp-hcm-di-orlando-florida-my-thang-10","1","487","0.002053388090349076","15.901437371663244","true","/hang-bay","0","","mapping_defined_unverified","5","vé máy bay đi orlando | giá vé máy bay đi mỹ khứ hồi 2019 orlando | nhà hàng tại orlando | site:khangvuongbooking.com | vé máy bay từ tp. hồ chí minh đi orlando"
"https://khangvuongbooking.com/dat-mua-ve-may-bay-ha-noi-di-new-york-my/","/dat-mua-ve-may-bay-ha-noi-di-new-york-my","1","477","0.0020964360587002098","22.38364779874214","true","/ve-may-bay","0","","mapping_defined_unverified","5","vé máy bay hà nội new york | vé máy bay từ hà nội đi new york | ve may bay di new york | vé máy bay đi new york | khoảng cách từ hà nội đến new york"
"https://khangvuongbooking.com/dat-mua-ve-chicago-my-ve-ho-chi-minh-ha-noi-gia-re/","/dat-mua-ve-chicago-my-ve-ho-chi-minh-ha-noi-gia-re","1","411","0.0024330900243309003","17.530413625304135","true","/cam-nang-bay","0","","mapping_defined_unverified","5","vé máy bay từ chicago về việt nam | vé máy bay đi chicago | chicago my | vé máy bay từ tp. hồ chí minh đi chicago | book flight to chicago"
"https://khangvuongbooking.com/dat-mua-ve-may-bay-sai-gon-di-my-1-chieu/","/dat-mua-ve-may-bay-sai-gon-di-my-1-chieu","1","402","0.0024875621890547263","19.4726368159204","true","/ve-may-bay","0","","mapping_defined_unverified","5","giá vé máy bay đi mỹ 1 chiều | vé máy bay đi mỹ 1 chiều | vé máy bay sài gòn đi mỹ | vé máy bay từ sài gòn đi mỹ | vé máy bay đi mỹ một chiều"
"https://khangvuongbooking.com/ban-ve-ha-noi-di-chicago-my-thang-10/","/ban-ve-ha-noi-di-chicago-my-thang-10","1","393","0.002544529262086514","20.29262086513995","false","","0","","needs_mapping_review","5","vé máy bay từ hà nội đi chicago | vé máy bay đi chicago | ""vé sớm"" | ve may bay di chicago | có"
"https://khangvuongbooking.com/dat-mua-ve-may-bay-da-nang-di-my-1-chieu/","/dat-mua-ve-may-bay-da-nang-di-my-1-chieu","1","388","0.002577319587628866","25.280927835051546","true","/ve-may-bay","0","","mapping_defined_unverified","5","vé máy bay đà nẵng đi mỹ | vé máy bay từ mỹ về đà nẵng | site:khangvuongbooking.com | vé máy bay đi mỹmột chiều | vé đi mỹ giá bao nhiêu"
"https://khangvuongbooking.com/bang-gia-ve-ho-chi-minh-di-an-do-thang-4-5-6/","/bang-gia-ve-ho-chi-minh-di-an-do-thang-4-5-6","1","382","0.002617801047120419","21.81413612565445","false","","0","","needs_mapping_review","5","vé máy bay đi ấn độ bao nhiêu | vé máy bay đi ấn độ | giá vé đi ấn độ | vé máy bay đi ấn độ từ hồ chí minh | site:khangvuongbooking.com"
"https://khangvuongbooking.com/dat-mua-ve-may-bay-sai-gon-di-my-khu-hoi/","/dat-mua-ve-may-bay-sai-gon-di-my-khu-hoi","1","379","0.002638522427440633","33.96042216358839","true","/ve-may-bay","0","","mapping_defined_unverified","5","vé máy bay đi mỹ khứ hồi | vé máy bay từ sài gòn đi mỹ | vé đi mỹ khứ hồi | vé máy bay sài gòn đi mỹ | ve may bay khu hoi di my"
"https://khangvuongbooking.com/doi-ve-may-bay-china-airlines-di-los-angeles/","/doi-ve-may-bay-china-airlines-di-los-angeles","1","360","0.002777777777777778","18.622222222222224","true","/doi-ngay-ve-china-airlines","0","","mapping_defined_unverified","5","ve may bay china airlines di my | doi ve china airlines | đổi vé máy bay china airlines | doi ngay china airlines | quản lý đặt chỗ china airlines"
"https://khangvuongbooking.com/dat-mua-ve-houston-my-ve-ho-chi-minh-ha-noi-gia-re/","/dat-mua-ve-houston-my-ve-ho-chi-minh-ha-noi-gia-re","1","343","0.0029154518950437317","14.553935860058308","true","/cam-nang-bay","0","","mapping_defined_unverified","5","vé máy bay đi houston | vé máy bay houston về vietnam | vé máy bay từ houston về việt nam | vé máy bay từ houston đi tp. hồ chí minh | mua máy bay"
"https://khangvuongbooking.com/dat-ve-may-bay-ha-noi-di-washington-my-thang-7/","/dat-ve-may-bay-ha-noi-di-washington-my-thang-7","1","339","0.0029498525073746312","29.04424778761062","false","","0","","needs_mapping_review","5","vé máy bay đi washington | vé máy bay đi washington dc | vé máy bay đi baltimore | vé máy bay washington sài gòn | vé máy bay đi mỹ tháng 7"
"https://khangvuongbooking.com/ban-ve-sai-gon-tp-hcm-di-seattle-my-thang-10/","/ban-ve-sai-gon-tp-hcm-di-seattle-my-thang-10","1","334","0.0029940119760479044","14.955089820359282","false","","0","","needs_mapping_review","2","vé máy bay đi seattle | ho chi minh to seattle"
"https://khangvuongbooking.com/dat-mua-ve-california-my-ve-ho-chi-minh-ha-noi-gia-re/","/dat-mua-ve-california-my-ve-ho-chi-minh-ha-noi-gia-re","1","326","0.003067484662576687","9.582822085889571","false","","0","","needs_mapping_review","4","mua vé từ mỹ về vietnam | vé máy bay từ california về việt nam | chuyến bay từ california về việt nam hôm nay | vé máy bay từ los angeles về việt nam"
"https://khangvuongbooking.com/dat-ve-may-bay-sai-gon-tp-hcm-di-orlando-florida-my-thang-7/","/dat-ve-may-bay-sai-gon-tp-hcm-di-orlando-florida-my-thang-7","1","326","0.003067484662576687","16.47546012269939","false","","0","","needs_mapping_review","5","vé máy bay đi orlando | giá vé máy bay đi mỹ khứ hồi 2019 orlando | ve di my thang 7 | thuê xe tự lái boston | vé máy bay từ tp. hồ chí minh đi orlando"
"https://khangvuongbooking.com/nhung-luu-y-du-lich-da-lat-an-toan-mua-mua/","/nhung-luu-y-du-lich-da-lat-an-toan-mua-mua","1","307","0.003257328990228013","26.680781758957654","false","","0","","needs_mapping_review","5","mùa mưa đà lạt | đà lạt mùa mưa | mùa mưa ở đà lạt | đi đà lạt giờ có an toàn | site:khangvuongbooking.com"
"https://khangvuongbooking.com/dat-mua-ve-may-bay-starlux-airlines-di-seattle/","/dat-mua-ve-may-bay-starlux-airlines-di-seattle","1","297","0.003367003367003367","33.81144781144781","true","/ve-may-bay","0","","mapping_defined_unverified","3","vé máy bay đi seattle | ve may bay di seattle | chuyến bay tới seattle"
"https://khangvuongbooking.com/dat-ve-may-bay-sai-gon-tp-hcm-di-denver-my-thang-7/","/dat-ve-may-bay-sai-gon-tp-hcm-di-denver-my-thang-7","1","294","0.003401360544217687","25.799319727891156","false","","0","","needs_mapping_review","5","vé máy bay đi denver | sân bay denver | site:khangvuongbooking.com | giá vé máy bay sài gòn đi mỹ | vé máy bay từ tp. hồ chí minh đi denver"
"https://khangvuongbooking.com/ve-may-bay-da-nang-di-dai-loan-gia-re/","/ve-may-bay-da-nang-di-dai-loan-gia-re","1","287","0.003484320557491289","30.64808362369338","false","","0","","needs_mapping_review","5","vé máy bay đà nẵng đi đài loan | vé máy bay đà nẵng đài loan | vé máy bay từ đà nẵng đi đài bắc | vé máy bay đài loan đà nẵng | vé máy bay đà nẵng đi đài trung"
"https://khangvuongbooking.com/ve-may-bay-ho-chi-minh-di-toronto-canada/","/ve-may-bay-ho-chi-minh-di-toronto-canada","1","287","0.003484320557491289","33.29616724738676","false","","0","","needs_mapping_review","5","vé máy bay từ tp hồ chí minh đi toronto | vé máy bay từ sài gòn đi toronto | vé máy bay từ hà nội đi toronto | ho chi minh city toronto | vé máy bay đi toronto"
"https://khangvuongbooking.com/dat-mua-ve-los-angeles-my-ve-ho-chi-minh-ha-noi-gia-re/","/dat-mua-ve-los-angeles-my-ve-ho-chi-minh-ha-noi-gia-re","1","283","0.0035335689045936395","11.565371024734983","false","","0","","needs_mapping_review","5","vé máy bay từ los angeles về việt nam | han lax | mua máy bay | từ los angeles đến việt nam mất bao lâu | ve may bay di los angeles"
"https://khangvuongbooking.com/toi-can-nhung-gi-de-check-khi-di-may-bay-tai-san-bay/","/toi-can-nhung-gi-de-check-khi-di-may-bay-tai-san-bay","1","281","0.0035587188612099642","74.26334519572954","true","/cam-nang-bay","0","","mapping_defined_unverified","5","check in máy bay | check in sân bay | thủ tục check in tại sân bay | check in sân bay là gì | thủ tục lên máy bay"
"https://khangvuongbooking.com/dat-mua-ve-may-bay-sai-gon-di-san-jose-my/","/dat-mua-ve-may-bay-sai-gon-di-san-jose-my","1","280","0.0035714285714285713","25.860714285714284","false","","0","","needs_mapping_review","5","vé máy bay đi san jose | sân bay quốc tế san jose | vé máy bay từ sài gòn đi california | ban ve may bay san jose | booking san josé"
"https://khangvuongbooking.com/dat-ve-may-bay-sai-gon-tp-hcm-di-atlanta-my-thang-7/","/dat-ve-may-bay-sai-gon-tp-hcm-di-atlanta-my-thang-7","1","278","0.0035971223021582736","22.003597122302157","true","/ve-may-bay","0","","mapping_defined_unverified","2","vé máy bay đi atlanta | site:khangvuongbooking.com"
"https://khangvuongbooking.com/ve-may-bay-nha-trang-di-dai-loan-gia-re/","/ve-may-bay-nha-trang-di-dai-loan-gia-re","1","266","0.0037593984962406013","40.409774436090224","false","","0","","needs_mapping_review","5","vé khứ hồi đài loan | vé máy bay đi đài loan giá rẻ | vé khứ hồi đi đài loan | giá vé máy bay khứ hồi đi đài loan | kinh nghiệm mua vé máy bay đi đài loan"
"https://khangvuongbooking.com/ban-ve-sai-gon-tp-hcm-di-dallas-texas-my-thang-10/","/ban-ve-sai-gon-tp-hcm-di-dallas-texas-my-thang-10","1","265","0.0037735849056603774","18.890566037735848","true","/hang-bay","0","","mapping_defined_unverified","2","vé máy bay đi dallas | site:khangvuongbooking.com"
"https://khangvuongbooking.com/ban-ve-sai-gon-tp-hcm-di-new-york-my-thang-10/","/ban-ve-sai-gon-tp-hcm-di-new-york-my-thang-10","1","255","0.00392156862745098","18.564705882352943","false","","0","","needs_mapping_review","3","vé máy bay sài gòn new york | vé máy bay từ sài gòn đi mỹ | vé máy bay từ tp hồ chí minh đi new york"
"https://khangvuongbooking.com/ve-may-bay-da-nang-di-thanh-do/","/ve-may-bay-da-nang-di-thanh-do","1","255","0.00392156862745098","21.231372549019607","true","/ve-may-bay","0","","mapping_defined_unverified","4","vé máy bay đi thành đô | vé máy bay đà nẵng trung quốc | vé máy bay đà nẵng đi mỹ | vé máy bay từ đà nẵng đi thái lan"
"https://khangvuongbooking.com/dat-ve-may-bay-ha-noi-di-boston-my-thang-8/","/dat-ve-may-bay-ha-noi-di-boston-my-thang-8","1","246","0.0040650406504065045","17.617886178861788","false","","0","","needs_mapping_review","5","vé máy bay đi boston | site:khangvuongbooking.com | ve di my thang 8 | vé máy bay từ hà nội đi boston | bao nhiêu km"
"https://khangvuongbooking.com/dat-mua-ve-may-bay-sai-gon-di-dallas-texas-my/","/dat-mua-ve-may-bay-sai-gon-di-dallas-texas-my","1","246","0.0040650406504065045","30.670731707317074","true","/ve-may-bay","0","","mapping_defined_unverified","5","vé máy bay đi dallas | vé máy bay đi texas mỹ | vé máy bay đi dallas-fort worth | khách sạn giá rẻ tại texas | vé máy bay đi mỹ texas"
"https://khangvuongbooking.com/dat-mua-ve-may-bay-nippon-airways-di-boston/","/dat-mua-ve-may-bay-nippon-airways-di-boston","1","236","0.00423728813559322","38.898305084745765","true","/ve-may-bay","0","","mapping_defined_unverified","5","vé máy bay đi boston | boston cách việt nam bao nhiêu tiếng | phòng vé nippon airways | vé máy bay từ hà nội đi boston | vé máy bay đi boston mỹ"
"https://khangvuongbooking.com/vietjet-air-giam-50-gia-ve-eco-nhan-dip-dai-le-30-4/","/vietjet-air-giam-50-gia-ve-eco-nhan-dip-dai-le-30-4","1","234","0.004273504273504274","17.064102564102566","true","/cam-nang-bay","0","","mapping_defined_unverified","5","vé eco vietjet là gì | vé máy bay đi singapore vietjetair | khuyến mãi vé máy bay vietjet | hạng vé eco của vietjet là gì | hạng vé eco vietjet là gì"
"https://khangvuongbooking.com/ve-may-bay-quoc-te/ve-may-bay-di-nga-gia-re/","/ve-may-bay-quoc-te/ve-may-bay-di-nga-gia-re","1","233","0.004291845493562232","53.107296137339056","true","/ve-may-bay","0","","mapping_defined_unverified","5","vé máy bay đi nga | vé máy bay hà nội đi nga | ve may bay di nga | vé máy bay đi nga giá rẻ | giá vé máy bay hà nội đi nga"
"https://khangvuongbooking.com/ban-ve-ha-noi-di-phoenix-arizona-my-thang-10/","/ban-ve-ha-noi-di-phoenix-arizona-my-thang-10","1","229","0.004366812227074236","18.23580786026201","false","","0","","needs_mapping_review","5","vé máy bay đi phoenix | chuyến bay tới phoenix, arizona | site:khangvuongbooking.com | vé máy bay từ hà nội đi phoenix | phoenix hà my"
"https://khangvuongbooking.com/ve-may-bay-ho-chi-minh-di-montreal-canada/","/ve-may-bay-ho-chi-minh-di-montreal-canada","1","224","0.004464285714285714","34.424107142857146","true","/ve-may-bay","0","","mapping_defined_unverified","5","vé máy bay đi montreal | vé máy bay từ tp hồ chí minh đi montreal | vé máy bay từ hà nội đi montreal | site:khangvuongbooking.com | vé máy bay đi montreal canada"
"https://khangvuongbooking.com/vietjet-air-uu-dai-20kg-hanh-ly-ky-gui-den-dai-loan-uc/","/vietjet-air-uu-dai-20kg-hanh-ly-ky-gui-den-dai-loan-uc","1","223","0.004484304932735426","14.035874439461884","true","/mua-them-hanh-ly-vietjet-air","0","","mapping_defined_unverified","2","dai ly vietjet air | site:khangvuongbooking.com"
"https://khangvuongbooking.com/chuyen-bay-sai-gon-tp-hcm-di-san-jose-my-thang-9/","/chuyen-bay-sai-gon-tp-hcm-di-san-jose-my-thang-9","1","211","0.004739336492890996","11.014218009478673","true","/hang-bay","0","","mapping_defined_unverified","2","vé máy bay đi san jose | sân bay quốc tế san jose"
"https://khangvuongbooking.com/doi-ve-may-bay-qantas-airways/","/doi-ve-may-bay-qantas-airways","1","207","0.004830917874396135","7.845410628019324","true","/doi-ngay-ve","0","","mapping_defined_unverified","2","site:khangvuongbooking.com | qantas"
"https://khangvuongbooking.com/dat-mua-ve-may-bay-da-nang-di-my-thang-8/","/dat-mua-ve-may-bay-da-nang-di-my-thang-8","1","202","0.0049504950495049506","7.034653465346534","true","/ve-may-bay","0","","mapping_defined_unverified","1","vé máy bay đi mỹ tháng 8"
"https://khangvuongbooking.com/dat-mua-ve-may-bay-ha-noi-di-my-thang-12/","/dat-mua-ve-may-bay-ha-noi-di-my-thang-12","1","198","0.005050505050505051","19.752525252525253","false","","0","","needs_mapping_review","4","vé máy bay đi mỹ tháng 12 | ve may bay di mỹ thang 12 | vé máy bay hà nội đi mỹ | vé máy bay từ hà nội đi mỹ"
"https://khangvuongbooking.com/dat-mua-ve-may-bay-sai-gon-di-my-thang-11/","/dat-mua-ve-may-bay-sai-gon-di-my-thang-11","1","191","0.005235602094240838","18.151832460732983","false","","0","","needs_mapping_review","4","vé máy bay sài gòn los angeles | ve may bay di my thang 11 | vé máy bay sài gòn hà nội tháng 11 | vé máy bay từ sài gòn đi california"
"https://khangvuongbooking.com/vietnam-airlines-giam-gia-ve-may-bay-duc-ve-viet-nam/","/vietnam-airlines-giam-gia-ve-may-bay-duc-ve-viet-nam","1","190","0.005263157894736842","44.642105263157895","true","/khuyen-mai","0","","mapping_defined_unverified","5","đặt vé máy bay từ đức về việt nam | vé máy bay đức về việt nam | giá vé máy bay đức về việt nam | vé máy bay từ đức về việt nam | vé máy bay từ đức sang việt nam"
"https://khangvuongbooking.com/dat-ve-may-bay-sai-gon-tp-hcm-di-denver-my-thang-8/","/dat-ve-may-bay-sai-gon-tp-hcm-di-denver-my-thang-8","1","186","0.005376344086021506","18.521505376344088","false","","0","","needs_mapping_review","5","vé máy bay đi denver | vé máy bay sài gòn đi mỹ | vé máy bay từ sài gòn đi mỹ | 745 usd to vnd | chuyen bay sai gon hai phong"
"https://khangvuongbooking.com/doi-ve-may-bay-jet-airways/","/doi-ve-may-bay-jet-airways","1","184","0.005434782608695652","24.20108695652174","true","/doi-ngay-ve","0","","mapping_defined_unverified","5","đổi vé máy bay hết bao nhiêu tiền | đổi vé máy bay có mất phí không | phí đổi vé máy bay | site:khangvuongbooking.com | đổi vé máy bay vietjet mất phí bao nhiêu"
"https://khangvuongbooking.com/dat-mua-ve-may-bay-nippon-airways-di-new-york/","/dat-mua-ve-may-bay-nippon-airways-di-new-york","1","181","0.0055248618784530384","32.911602209944746","true","/ve-may-bay","0","","mapping_defined_unverified","5","phòng vé nippon airways | đại lý vé máy bay ana tại tphcm | vé máy bay từ hà nội đi new york | vé máy bay hà nội new york | vé máy bay đi mỹ hãng ana"
"https://khangvuongbooking.com/mua-them-hanh-ly-china-airlines-di-boston-my/","/mua-them-hanh-ly-china-airlines-di-boston-my","1","180","0.005555555555555556","6.466666666666667","false","","0","","needs_mapping_review","5","china airlines | site:khangvuongbooking.com | mua hanh ly china airlines | mua thêm hành lý ký gửi china airlines | mua thêm hành lý china airlines"
"https://khangvuongbooking.com/vietnam-airlines-uu-dai-ve-may-bay-khu-hoi-di-paris/","/vietnam-airlines-uu-dai-ve-may-bay-khu-hoi-di-paris","1","176","0.005681818181818182","58.44886363636363","true","/khuyen-mai","0","","mapping_defined_unverified","5","giá vé máy bay khứ hồi hà nội - paris | ve may bay tu ha noi di paris | vé máy bay hà nội đi paris | vé máy bay hà nội paris khứ hồi | vé đi pháp khứ hồi"
"https://khangvuongbooking.com/dat-mua-ve-atlanta-my-ve-ho-chi-minh-ha-noi-gia-re/","/dat-mua-ve-atlanta-my-ve-ho-chi-minh-ha-noi-gia-re","1","175","0.005714285714285714","17.142857142857142","true","/cam-nang-bay","0","","mapping_defined_unverified","3","vé máy bay từ atlanta về việt nam | mua atlanta | vé máy bay đi atlanta"
"https://khangvuongbooking.com/dat-mua-ve-may-bay-japan-airlines-di-orlando-florida/","/dat-mua-ve-may-bay-japan-airlines-di-orlando-florida","1","171","0.005847953216374269","39.83625730994152","true","/ve-may-bay","0","","mapping_defined_unverified","4","vé máy bay đi orlando | doi ve japan airlines | vé máy bay đi florida mỹ | site:khangvuongbooking.com"
"https://khangvuongbooking.com/dat-mua-ve-may-bay-sai-gon-di-my-thang-12/","/dat-mua-ve-may-bay-sai-gon-di-my-thang-12","1","169","0.005917159763313609","16.272189349112423","false","","0","","needs_mapping_review","5","vé máy bay từ sài gòn đi mỹ | vé máy bay đi mỹ tháng 12 | giá vé máy bay sài gòn đi mỹ | vé máy bay sài gòn đi mỹ | giá vé máy bay sài gòn hà nội tháng 12"
"https://khangvuongbooking.com/chuyen-bay-ha-noi-di-orlando-florida-my-thang-9/","/chuyen-bay-ha-noi-di-orlando-florida-my-thang-9","1","168","0.005952380952380952","14.029761904761905","true","/hang-bay","0","","mapping_defined_unverified","3","vé máy bay đi orlando | site:khangvuongbooking.com | vé máy bay từ hà nội đi orlando"
"https://khangvuongbooking.com/dat-ve-may-bay-ha-noi-di-seattle-my-thang-8/","/dat-ve-may-bay-ha-noi-di-seattle-my-thang-8","1","166","0.006024096385542169","17.066265060240966","false","","0","","needs_mapping_review","3","vé máy bay đi seattle | ve may bay di my thang 8 | ve may bay di seattle"
"https://khangvuongbooking.com/tag/emirates/","/tag/emirates","1","163","0.006134969325153374","4.269938650306749","true","/cam-nang-bay","0","","mapping_defined_unverified","2","site:khangvuongbooking.com | booking emirates"
"https://khangvuongbooking.com/dat-mua-ve-may-bay-da-nang-di-washington-my/","/dat-mua-ve-may-bay-da-nang-di-washington-my","1","162","0.006172839506172839","16.080246913580247","true","/ve-may-bay","0","","mapping_defined_unverified","4","vé máy bay đi washington | vé máy bay đi washington dc | vé máy bay đi washington arlington | vé máy bay đà nẵng đi mỹ"
"https://khangvuongbooking.com/ve-may-bay-ha-noi-di-nam-kinh/","/ve-may-bay-ha-noi-di-nam-kinh","1","152","0.006578947368421052","25.914473684210527","false","","0","","needs_mapping_review","3","vé máy bay hà nội nam kinh | vé máy bay đi nam kinh | vé máy bay đi an huy trung quốc"
"https://khangvuongbooking.com/ban-ve-ha-noi-di-atlanta-my-thang-10/","/ban-ve-ha-noi-di-atlanta-my-thang-10","1","152","0.006578947368421052","26.375","false","","0","","needs_mapping_review","4","hội chợ mùa thu atlanta 2025 | site:khangvuongbooking.com | vé máy bay đi atlanta | lễ hội mùa thu atlanta 2025"
"https://khangvuongbooking.com/dat-ve-may-bay-sai-gon-tp-hcm-di-boston-my-thang-8/","/dat-ve-may-bay-sai-gon-tp-hcm-di-boston-my-thang-8","1","149","0.006711409395973154","32.51006711409396","false","","0","","needs_mapping_review","4","sgn bos | vé máy bay đi boston | bos sgn | vé máy bay sài gòn đi mỹ"
"https://khangvuongbooking.com/sieu-re-ve-hang-nhat-etihad-airways-chi-tu-2668-usd-khu-hoi/","/sieu-re-ve-hang-nhat-etihad-airways-chi-tu-2668-usd-khu-hoi","1","146","0.00684931506849315","6.664383561643835","true","/hang-bay","0","","mapping_defined_unverified","1","2668 usd"
"https://khangvuongbooking.com/dat-ve-may-bay-ha-noi-di-orlando-florida-my-thang-8/","/dat-ve-may-bay-ha-noi-di-orlando-florida-my-thang-8","1","146","0.00684931506849315","20.828767123287673","false","","0","","needs_mapping_review","4","vé máy bay đi orlando | vé máy bay từ hà nội đi orlando | vé máy bay đi florida mỹ | vé máy bay hà nội đi mỹ"
"https://khangvuongbooking.com/ve-may-bay-ho-chi-minh-di-calgary-canada/","/ve-may-bay-ho-chi-minh-di-calgary-canada","1","146","0.00684931506849315","26.643835616438356","true","/ve-may-bay","0","","mapping_defined_unverified","3","vé máy bay từ tphcm đi calgary | vé máy bay từ tp hồ chí minh đi calgary | vé máy bay đi calgary"
"https://khangvuongbooking.com/dat-mua-ve-may-bay-eva-air-di-houston-texas/","/dat-mua-ve-may-bay-eva-air-di-houston-texas","1","146","0.00684931506849315","43.65068493150685","true","/ve-may-bay","0","","mapping_defined_unverified","5","vé máy bay đi texas | ve may bay eva air | vé máy bay từ houston đi tp. hồ chí minh | vé máy bay từ tp hồ chí minh đi houston | máy bay eva air"
"https://khangvuongbooking.com/ban-ve-sai-gon-tp-hcm-di-austin-my-thang-10/","/ban-ve-sai-gon-tp-hcm-di-austin-my-thang-10","1","143","0.006993006993006993","20.90909090909091","false","","0","","needs_mapping_review","3","vé máy bay đi austin | vé máy bay từ tp. hồ chí minh đi austin | ""china airlines"""
"https://khangvuongbooking.com/dat-ve-may-bay-sai-gon-tp-hcm-di-austin-my-thang-8/","/dat-ve-may-bay-sai-gon-tp-hcm-di-austin-my-thang-8","1","140","0.007142857142857143","25.057142857142857","false","","0","","needs_mapping_review","2","vé máy bay đi austin | vé máy bay từ tp. hồ chí minh đi austin"
"https://khangvuongbooking.com/dat-mua-ve-may-bay-starlux-airlines-di-new-york/","/dat-mua-ve-may-bay-starlux-airlines-di-new-york","1","127","0.007874015748031496","27.4251968503937","true","/ve-may-bay","0","","mapping_defined_unverified","5","giá vé máy bay starlux | ve may bay di new york | giá vé máy bay đi new york | starlux new york | vé máy bay đi new york"
"https://khangvuongbooking.com/chang-bay-tp-hcm-di-an-do-thang-7-8-9/","/chang-bay-tp-hcm-di-an-do-thang-7-8-9","1","125","0.008","10.056","false","","0","","needs_mapping_review","1","bay đi ấn độ bao nhiêu tiếng"
"https://khangvuongbooking.com/chuyen-bay-ha-noi-di-honolulu-my-thang-9/","/chuyen-bay-ha-noi-di-honolulu-my-thang-9","1","125","0.008","10.864","false","","0","","needs_mapping_review","3","vé máy bay từ hà nội đi honolulu | vé máy bay đi hawaii | vé máy bay đi honolulu"
"https://khangvuongbooking.com/ve-may-bay-du-hoc-sinh-vu-han/","/ve-may-bay-du-hoc-sinh-vu-han","1","124","0.008064516129032258","32.89516129032258","false","","0","","needs_mapping_review","4","vé máy bay đi vũ hán | vé máy bay hà nội vũ hán | vé máy bay du học sinh | vé máy bay lao động du học giá rẻ"
"https://khangvuongbooking.com/dat-mua-ve-1-chieu-ha-noi-di-chennai/","/dat-mua-ve-1-chieu-ha-noi-di-chennai","1","118","0.00847457627118644","9.94915254237288","false","","0","","needs_mapping_review","1","site:khangvuongbooking.com"
"https://khangvuongbooking.com/cebu-pacific-khuyen-mai-ve-di-philippines-dat-ngay-bay-som-chi-tu-1-678-000d/","/cebu-pacific-khuyen-mai-ve-di-philippines-dat-ngay-bay-som-chi-tu-1-678-000d","1","117","0.008547008547008548","60.34188034188034","true","/khuyen-mai","0","","mapping_defined_unverified","5","vé máy bay đi boracay | vé máy bay đi cebu | vé máy bay đi kalibo - boracay | vé máy bay đi philippines cebu pacific | vé máy bay đi caticlan/boracay"
"https://khangvuongbooking.com/dat-mua-ve-may-bay-ha-noi-di-dallas-texas-my/","/dat-mua-ve-may-bay-ha-noi-di-dallas-texas-my","1","116","0.008620689655172414","27.594827586206897","true","/ve-may-bay","0","","mapping_defined_unverified","5","vé máy bay từ hà nội đi dallas | vé máy bay đi texas mỹ | vé máy bay đi dallas | chuyến bay đến dallas | ticket to dallas"
"https://khangvuongbooking.com/dat-mua-ve-may-bay-china-airlines-di-san-francisco/","/dat-mua-ve-may-bay-china-airlines-di-san-francisco","1","112","0.008928571428571428","18.303571428571427","true","/ve-may-bay","0","","mapping_defined_unverified","3","ve may bay china airlines di my | chuyến bay 611 của china airlines | cách di chuyển trong sân bay san francisco"
"https://khangvuongbooking.com/dich-vu-dat-ve-may-bay-cho-thu-cung-cho-meo-di-dallas-my/","/dich-vu-dat-ve-may-bay-cho-thu-cung-cho-meo-di-dallas-my","1","112","0.008928571428571428","19.169642857142858","true","/ve-thu-cung","0","","mapping_defined_unverified","3","dịch vụ vận chuyển chó mèo bằng máy bay | dịch vụ vận chuyển thú cưng bằng máy bay | vận chuyển thú cưng bằng đường hàng không"
"https://khangvuongbooking.com/bay-qatar-airways-o-ha-noi-khong-can-voi-ve-khu-hoi-di-chau-au-chi-tu-17-600-000-d-sieu-tiet-kiem/","/bay-qatar-airways-o-ha-noi-khong-can-voi-ve-khu-hoi-di-chau-au-chi-tu-17-600-000-d-sieu-tiet-kiem","1","109","0.009174311926605505","26.871559633027523","true","/cam-nang-bay","0","","mapping_defined_unverified","5","vé máy bay đi qatar | giá vé máy bay đi châu âu | qatar airways hà nội | giá vé máy bay khứ hồi đi đức | vé máy bay qatar"
"https://khangvuongbooking.com/chuyen-bay-ha-noi-di-seattle-my-thang-9/","/chuyen-bay-ha-noi-di-seattle-my-thang-9","1","107","0.009345794392523364","12.504672897196262","false","","0","","needs_mapping_review","4","ve may bay di seattle | site:khangvuongbooking.com | ve may bay di seattle my | vé máy bay đi seattle"
"https://khangvuongbooking.com/dat-mua-ve-may-bay-china-eastern-airlines-di-my/","/dat-mua-ve-may-bay-china-eastern-airlines-di-my","1","107","0.009345794392523364","16.476635514018692","true","/ve-may-bay","0","","mapping_defined_unverified","4","doi ve china eastern airlines | ve may bay china airlines di my | vé máy bay china eastern airlines | mua hanh ly china eastern"
"https://khangvuongbooking.com/dat-ve-may-bay-ha-noi-di-houston-my-thang-8/","/dat-ve-may-bay-ha-noi-di-houston-my-thang-8","1","104","0.009615384615384616","24.682692307692307","false","","0","","needs_mapping_review","5","vé may bay từ hà nội đi houston | vé máy bay đi texas | vé máy bay đi houston | vé máy bay đi texas mỹ | vé máy bay houston sài gòn khứ hồi vietnam airlines"
"https://khangvuongbooking.com/gia-ve-ha-noi-di-my-thang-1-2-3/","/gia-ve-ha-noi-di-my-thang-1-2-3","1","101","0.009900990099009901","10.128712871287128","false","","0","","needs_mapping_review","5","khang vuong booking | giá vé đi mỹ bao nhiêu tiền | eva airline vé máy bay đi mỹ california rẻ | giá vé hạng thương gia đi mỹ | giá vé máy bay đi mỹ khứ hồi 2024"
"https://khangvuongbooking.com/ve-may-bay-ho-chi-minh-di-gwangju-han-quoc-gia-re/","/ve-may-bay-ho-chi-minh-di-gwangju-han-quoc-gia-re","1","98","0.01020408163265306","13.540816326530612","false","","0","","needs_mapping_review","2","vé máy bay đi kwangju | sân bay gwangju"
"https://khangvuongbooking.com/dat-mua-ve-may-bay-china-eastern-airlines-di-san-francisco/","/dat-mua-ve-may-bay-china-eastern-airlines-di-san-francisco","1","97","0.010309278350515464","20.948453608247423","true","/ve-may-bay","0","","mapping_defined_unverified","2","vé máy bay đi san francisco | giá vé máy bay đi california"
"https://khangvuongbooking.com/quy-dinh-cua-jetstar-doi-voi-ba-bau-di-may-bay/","/quy-dinh-cua-jetstar-doi-voi-ba-bau-di-may-bay","1","92","0.010869565217391304","7.195652173913044","true","/cam-nang-bay","0","","mapping_defined_unverified","1","jetstar pregnancy"
"https://khangvuongbooking.com/ve-may-bay-di-idaho/","/ve-may-bay-di-idaho","1","92","0.010869565217391304","19.706521739130434","true","/ve-may-bay","0","","mapping_defined_unverified","3","vé máy bay madrid sài gòn | site:khangvuongbooking.com | vé máy bay đi mỹ hãng asiana airline"
"https://khangvuongbooking.com/chuyen-bay-sai-gon-tp-hcm-di-denver-my-thang-9/","/chuyen-bay-sai-gon-tp-hcm-di-denver-my-thang-9","1","91","0.01098901098901099","17.153846153846153","false","","0","","needs_mapping_review","3","vé máy bay đi denver | ana (all nippon airways) | vé máy bay từ tp. hồ chí minh đi denver"
"https://khangvuongbooking.com/top-4-canh-dep-nuoc-phap-chac-chan-ban-chua-biet/","/top-4-canh-dep-nuoc-phap-chac-chan-ban-chua-biet","1","91","0.01098901098901099","29.791208791208792","true","/cam-nang-bay","0","","mapping_defined_unverified","5","cảnh đẹp nước pháp | cảnh đẹp ở pháp | phong cảnh pháp | cảnh đẹp pháp | site:khangvuongbooking.com"
"https://khangvuongbooking.com/ban-ve-ha-noi-di-denver-my-thang-10/","/ban-ve-ha-noi-di-denver-my-thang-10","1","89","0.011235955056179775","23.719101123595507","false","","0","","needs_mapping_review","4","vé máy bay đi denver | site:khangvuongbooking.com | vé máy bay từ hà nội đi denver | ""vé sớm"""
"https://khangvuongbooking.com/kinh-nghiem-xuong-san-bay-nuoc-ngoai-lan-dau/","/kinh-nghiem-xuong-san-bay-nuoc-ngoai-lan-dau","1","88","0.011363636363636364","13.454545454545455","true","/cam-nang-bay","0","","mapping_defined_unverified","4","cách đi sân bay quốc tế | kinh nghiệm lần đầu đi máy bay ra nước ngoài | site:khangvuongbooking.com | xuống sân bay"
"https://khangvuongbooking.com/dai-loan-chinh-thuc-mien-phi-visa-cho-nguoi-da-tung-co-visa-dai-loan-tu-ngay-16/","/dai-loan-chinh-thuc-mien-phi-visa-cho-nguoi-da-tung-co-visa-dai-loan-tu-ngay-16","1","85","0.011764705882352941","9.741176470588234","true","/visa","0","","mapping_defined_unverified","3","có visa đài loan được miễn visa nước nào | đài loan miễn visa cho việt nam | xin visa quá cảnh đài loan"
"https://khangvuongbooking.com/tag/ve-may-bay-88-000-d-cua-jetstar/","/tag/ve-may-bay-88-000-d-cua-jetstar","1","84","0.011904761904761904","8.464285714285715","true","/ve-may-bay","0","","mapping_defined_unverified","2","maybay88 | site:khangvuongbooking.com"
"https://khangvuongbooking.com/dat-ve-may-bay-ha-noi-di-honolulu-my-thang-8/","/dat-ve-may-bay-ha-noi-di-honolulu-my-thang-8","1","84","0.011904761904761904","21.142857142857142","true","/ve-may-bay","0","","mapping_defined_unverified","3","vé máy bay từ hà nội đi honolulu | vé máy bay đi honolulu | vé máy bay đi hawaii"
"https://khangvuongbooking.com/5-ngoi-chua-tai-sai-gon-cau-gi-duoc-nay-ban-nen-den-dip-dau-xuan/","/5-ngoi-chua-tai-sai-gon-cau-gi-duoc-nay-ban-nen-den-dip-dau-xuan","1","84","0.011904761904761904","34.94047619047619","true","/cam-nang-bay","0","","mapping_defined_unverified","4","chùa cầu may ở sài gòn | chùa cầu an ở sài gòn | cầu gì được nấy | chùa cầu làm ăn ở sài gòn"
"https://khangvuongbooking.com/hanh-ly-han-che-van-chuyen-vietnam-airlines/","/hanh-ly-han-che-van-chuyen-vietnam-airlines","1","83","0.012048192771084338","8.602409638554217","true","/mua-them-hanh-ly-vietnam-airlines","0","","mapping_defined_unverified","4","kích thước thùng ký gửi máy bay vietnam airline | kích thước thùng hàng ký gửi máy bay vietnam airline | site:khangvuongbooking.com | vietnam by bike - văn phòng du lịch đạp xe hồ chí minh"
"https://khangvuongbooking.com/dat-mua-ve-may-bay-ha-noi-di-my-thang-7/","/dat-mua-ve-may-bay-ha-noi-di-my-thang-7","1","83","0.012048192771084338","19.93975903614458","false","","0","","needs_mapping_review","2","vé máy bay đi mỹ tháng 7 | vé máy bay hà nội mỹ"
"https://khangvuongbooking.com/dat-mua-ve-may-bay-sai-gon-di-my-thang-7/","/dat-mua-ve-may-bay-sai-gon-di-my-thang-7","1","82","0.012195121951219513","14.902439024390244","false","","0","","needs_mapping_review","0",""
"https://khangvuongbooking.com/dam-chim-trong-thien-duong-banh-ngot-cua-nuoc-phap/","/dam-chim-trong-thien-duong-banh-ngot-cua-nuoc-phap","1","78","0.01282051282051282","8.974358974358974","true","/cam-nang-bay","0","","mapping_defined_unverified","1","thiên đường bánh ngọt"
"https://khangvuongbooking.com/vietnam-airlines-uu-dai-khai-truong-duong-bay-thang-ha-noi-milan/","/vietnam-airlines-uu-dai-khai-truong-duong-bay-thang-ha-noi-milan","1","78","0.01282051282051282","40.243589743589745","true","/khuyen-mai","0","","mapping_defined_unverified","2","vé máy bay đi milan | vé máy bay từ hà nội đi milan"
"https://khangvuongbooking.com/mua-them-hanh-ly-kenya-airlines/","/mua-them-hanh-ly-kenya-airlines","1","76","0.013157894736842105","12.328947368421053","true","/mua-them-hanh-ly","0","","mapping_defined_unverified","1","vé máy bay đi kenya"
"https://khangvuongbooking.com/ban-ve-ha-noi-di-austin-my-thang-10/","/ban-ve-ha-noi-di-austin-my-thang-10","1","73","0.0136986301369863","26.10958904109589","false","","0","","needs_mapping_review","2","site:khangvuongbooking.com | vé máy bay đi austin"
"https://khangvuongbooking.com/dat-mua-ve-may-bay-sai-gon-di-my-thang-10/","/dat-mua-ve-may-bay-sai-gon-di-my-thang-10","1","65","0.015384615384615385","19.26153846153846","false","","0","","needs_mapping_review","2","vé máy bay từ sài gòn đi mỹ | vé máy bay sài gòn los angeles"
"https://khangvuongbooking.com/cho-giang-sinh-o-duc/","/cho-giang-sinh-o-duc","1","65","0.015384615384615385","22.93846153846154","true","/cam-nang-bay","0","","mapping_defined_unverified","4","chợ giáng sinh | site:khangvuongbooking.com | chợ giáng sinh ở đức | giáng sinh ở đức"
"https://khangvuongbooking.com/vietjet-air-giam-gia-ve-bay-di-uc-skyboss-va-skyboss-business/","/vietjet-air-giam-gia-ve-bay-di-uc-skyboss-va-skyboss-business","1","63","0.015873015873015872","13.396825396825397","true","/khuyen-mai","0","","mapping_defined_unverified","1","vé deluxe vietjet đi úc"
"https://khangvuongbooking.com/chuyen-bay-ha-noi-di-atlanta-my-thang-9/","/chuyen-bay-ha-noi-di-atlanta-my-thang-9","1","63","0.015873015873015872","14.031746031746032","false","","0","","needs_mapping_review","2","vé máy bay đi atlanta | vé máy bay từ hà nội đi atlanta"
"https://khangvuongbooking.com/chang-bay-tp-hcm-di-my-thang-1-2-3/","/chang-bay-tp-hcm-di-my-thang-1-2-3","1","62","0.016129032258064516","10.17741935483871","false","","0","","needs_mapping_review","0",""
"https://khangvuongbooking.com/mua-them-hanh-ly-china-airlines-di-texas-my/","/mua-them-hanh-ly-china-airlines-di-texas-my","1","61","0.01639344262295082","3.262295081967213","false","","0","","needs_mapping_review","3","mua hanh ly china airlines | mua thêm hành lý china airlines | mua thêm kiện hành lý china airlines"
"https://khangvuongbooking.com/doi-ngay-ve-may-bay-china-airlines-di-atlanta-my/","/doi-ngay-ve-may-bay-china-airlines-di-atlanta-my","1","58","0.017241379310344827","13.155172413793103","false","","0","","needs_mapping_review","3","ve may bay china airlines di my | doi ngay china airlines | đổi vé máy bay china airlines"
"https://khangvuongbooking.com/kinh-nghiem-san-ve-ha-noi-han-di-bangalore/","/kinh-nghiem-san-ve-ha-noi-han-di-bangalore","1","51","0.0196078431372549","11.431372549019608","false","","0","","needs_mapping_review","1","site:khangvuongbooking.com"
"https://khangvuongbooking.com/ve-may-bay-du-hoc-sinh-thuong-hai/","/ve-may-bay-du-hoc-sinh-thuong-hai","1","51","0.0196078431372549","13.058823529411764","false","","0","","needs_mapping_review","1","vé máy bay từ thượng hải đi hà nội"
"https://khangvuongbooking.com/ghe-tham-nhung-dia-danh-ma-noi-tieng-trong-phim/","/ghe-tham-nhung-dia-danh-ma-noi-tieng-trong-phim","1","47","0.02127659574468085","21.085106382978722","true","/cam-nang-bay","0","","mapping_defined_unverified","1","những căn phòng ma ám"
"https://khangvuongbooking.com/vna-uu-dai-7000-ve-noi-dia-giam-20-ky-niem-ngay-thuong-binh-liet-sy/","/vna-uu-dai-7000-ve-noi-dia-giam-20-ky-niem-ngay-thuong-binh-liet-sy","1","46","0.021739130434782608","7.260869565217392","true","/khuyen-mai","0","","mapping_defined_unverified","0",""
"https://khangvuongbooking.com/tag/san-bay-quoc-te-tan-son-nhat/","/tag/san-bay-quoc-te-tan-son-nhat","1","42","0.023809523809523808","44.833333333333336","true","/cam-nang-bay","0","","mapping_defined_unverified","5","sân bay quốc tế tân sơn nhất | sân bay tân sơn nhất ở quận máy | san bay tan son nhat | sân bay tân sơn nhất | sân bay tân sơn nhất quốc tế"
"https://khangvuongbooking.com/tuyen-dung-nhan-vien-di-link-forum-mxh/","/tuyen-dung-nhan-vien-di-link-forum-mxh","1","42","0.023809523809523808","73.61904761904762","true","/cam-nang-bay","0","","mapping_defined_unverified","1","forum tuyển dụng"
"https://khangvuongbooking.com/tag/ve-may-bay-tphcm-di-yangon/","/tag/ve-may-bay-tphcm-di-yangon","1","41","0.024390243902439025","11.463414634146341","true","/ve-may-bay","0","","mapping_defined_unverified","0",""
"https://khangvuongbooking.com/doi-ngay-ve-may-bay-china-airlines-di-san-diego-my/","/doi-ngay-ve-may-bay-china-airlines-di-san-diego-my","1","36","0.027777777777777776","20.88888888888889","true","/ve-may-bay","0","","mapping_defined_unverified","2","ve may bay china airlines di my | đổi vé máy bay china airlines"
"https://khangvuongbooking.com/tuyet-chieu-sap-xep-hanh-ly-khi-di-may-bay/","/tuyet-chieu-sap-xep-hanh-ly-khi-di-may-bay","1","36","0.027777777777777776","32.83333333333333","true","/mua-them-hanh-ly","0","","mapping_defined_unverified","2","hành lý khi đi máy bay | cách bảo quản vali khi đi máy bay"
"https://khangvuongbooking.com/mua-ve-khu-hoi-ho-chi-minh-di-my-thang-10-11-12/","/mua-ve-khu-hoi-ho-chi-minh-di-my-thang-10-11-12","1","32","0.03125","7.71875","false","","0","","needs_mapping_review","1","giá vé máy bay đi mỹ khứ hồi 2024"
"https://khangvuongbooking.com/bung-no-23-000-ve-may-bay-co-vu-u23-viet-nam-gia-chi-tu-23-000d-cung-vietjet-air/","/bung-no-23-000-ve-may-bay-co-vu-u23-viet-nam-gia-chi-tu-23-000d-cung-vietjet-air","1","31","0.03225806451612903","7.967741935483871","true","/ve-may-bay","0","","mapping_defined_unverified","0",""
"https://khangvuongbooking.com/mua-them-hanh-ly-china-airlines-di-seattle-my/","/mua-them-hanh-ly-china-airlines-di-seattle-my","1","29","0.034482758620689655","9.689655172413794","false","","0","","needs_mapping_review","2","mua hanh ly china airlines | mua thêm hành lý china airlines"
"https://khangvuongbooking.com/vietjet-mach-nho-meo-xep-do-sieu-gon-khi-di-du-lich/","/vietjet-mach-nho-meo-xep-do-sieu-gon-khi-di-du-lich","1","28","0.03571428571428571","10.714285714285714","true","/cam-nang-bay","0","","mapping_defined_unverified","1","để quên đồ trên máy bay vietjet"
"https://khangvuongbooking.com/vietnam-airlines-bo-sung-goi-hanh-ly-tra-truoc-10kg-tien-loi-cho-khach-hang/","/vietnam-airlines-bo-sung-goi-hanh-ly-tra-truoc-10kg-tien-loi-cho-khach-hang","1","26","0.038461538461538464","20.192307692307693","true","/mua-them-hanh-ly-vietnam-airlines","0","","mapping_defined_unverified","2","hành lý trả trước là gì | giá hành lý trả trước vietnam airlines"
"https://khangvuongbooking.com/mua-them-hanh-ly-china-airlines-di-new-york-my/","/mua-them-hanh-ly-china-airlines-di-new-york-my","1","24","0.041666666666666664","22.083333333333332","false","","0","","needs_mapping_review","1","mua hanh ly china airlines"
"https://khangvuongbooking.com/tan-huong-uu-dai-hang-thuong-gia-cung-ve-qatar-chi-tu-187-trieu-khu-hoi/","/tan-huong-uu-dai-hang-thuong-gia-cung-ve-qatar-chi-tu-187-trieu-khu-hoi","1","23","0.043478260869565216","7.869565217391305","true","/khuyen-mai","0","","mapping_defined_unverified","0",""
"https://khangvuongbooking.com/han-quoc-don-gian-hoa-thu-tuc-cap-visa-cho-du-khach-viet/","/han-quoc-don-gian-hoa-thu-tuc-cap-visa-cho-du-khach-viet","1","21","0.047619047619047616","14.714285714285714","true","/visa","0","","mapping_defined_unverified","0",""
"https://khangvuongbooking.com/tag/ve-may-bay-di-sai-gon-gia-re/","/tag/ve-may-bay-di-sai-gon-gia-re","1","20","0.05","10.45","true","/ve-may-bay","0","","mapping_defined_unverified","1","ve sai gon"
"https://khangvuongbooking.com/dich-vu-hang-khong/page/3/","/dich-vu-hang-khong/page/3","1","15","0.06666666666666667","22.133333333333333","false","","0","","needs_mapping_review","0",""
"https://khangvuongbooking.com/uu-dai-bay-khap-gioi-voi-ve-emirates-khu-hoi-chi-tu-7-094-000d/","/uu-dai-bay-khap-gioi-voi-ve-emirates-khu-hoi-chi-tu-7-094-000d","1","15","0.06666666666666667","47.4","true","/khuyen-mai","0","","mapping_defined_unverified","1","site:khangvuongbooking.com"
"https://khangvuongbooking.com/thu-5-ruc-ro-vietnam-airlines-khuyen-mai-chi-tu-578-000-vnd/","/thu-5-ruc-ro-vietnam-airlines-khuyen-mai-chi-tu-578-000-vnd","1","14","0.07142857142857142","26.357142857142858","true","/khuyen-mai","0","","mapping_defined_unverified","1","thứ 5 rực rỡ"
"https://khangvuongbooking.com/nhung-dich-vu-tai-san-bay-noi-bai-co-the-ban-chua-biet/","/nhung-dich-vu-tai-san-bay-noi-bai-co-the-ban-chua-biet","1","12","0.08333333333333333","8.5","true","/cam-nang-bay","0","","mapping_defined_unverified","0",""
"https://khangvuongbooking.com/mung-sinh-nhat-lan-thu-8-vietnam-airlines-uu-dai-giam-10-nhieu-hanh-trinh/","/mung-sinh-nhat-lan-thu-8-vietnam-airlines-uu-dai-giam-10-nhieu-hanh-trinh","1","11","0.09090909090909091","8","true","/khuyen-mai","0","","mapping_defined_unverified","0",""
"https://khangvuongbooking.com/tag/ha-noi-new-delhi/","/tag/ha-noi-new-delhi","1","2","0.5","6","true","/cam-nang-bay","0","","mapping_defined_unverified","0",""
"https://khangvuongbooking.com/tag/vietjet-air-km-ve-tu-880-000d/","/tag/vietjet-air-km-ve-tu-880-000d","1","1","1","2","true","/cam-nang-bay","0","","mapping_defined_unverified","0",""
"https://khangvuongbooking.com/tuyen-dung/","/tuyen-dung","0","17017","0","3.914908620790974","true","/cam-nang-bay","0","","mapping_defined_unverified","5","site:khangvuongbooking.com | tuyển dụng nhân viên seo | khang vuong booking | nhân viên bán vé máy bay | tuyển nhân viên seo"
"https://khangvuongbooking.com/thong-tin-huu-ich/","/thong-tin-huu-ich","0","14888","0","9.96258731864589","true","/cam-nang-bay","0","","mapping_defined_unverified","5","site:khangvuongbooking.com | doi ve china eastern airlines | ve may bay eva air di my | khang vuong booking | visa trung"
"https://khangvuongbooking.com/tag/ve-emirates/","/tag/ve-emirates","0","8876","0","5.564105452906714","true","/cam-nang-bay","0","","mapping_defined_unverified","1","site:khangvuongbooking.com"
"https://khangvuongbooking.com/tag/qatar-airways/","/tag/qatar-airways","0","8052","0","7.659711872826627","true","/cam-nang-bay","0","","mapping_defined_unverified","5","site:khangvuongbooking.com | vé máy bay đi qatar | vé máy bay qatar | vé máy bay qatar airways | qatar airways hà nội"
"https://khangvuongbooking.com/tag/du-lich-phap/","/tag/du-lich-phap","0","6888","0","8.937282229965156","true","/cam-nang-bay","0","","mapping_defined_unverified","3","site:khangvuongbooking.com | khang vuong booking | dulichphap"
"https://khangvuongbooking.com/tag/khuyen-mai-emirates/","/tag/khuyen-mai-emirates","0","6851","0","7.386220989636549","true","/khuyen-mai","0","","mapping_defined_unverified","1","site:khangvuongbooking.com"
"https://khangvuongbooking.com/tag/khang-vuong-booking/","/tag/khang-vuong-booking","0","5625","0","7.747022222222222","true","/cam-nang-bay","0","","mapping_defined_unverified","2","site:khangvuongbooking.com | khang vuong booking"
"https://khangvuongbooking.com/tag/dai-ly-emirates/","/tag/dai-ly-emirates","0","5574","0","7.2900968783638325","true","/cam-nang-bay","0","","mapping_defined_unverified","1","site:khangvuongbooking.com"
"https://khangvuongbooking.com/tag/singapore-airlines/","/tag/singapore-airlines","0","5374","0","4.822478600669892","true","/hang-bay","0","","mapping_defined_unverified","1","site:khangvuongbooking.com"
"https://khangvuongbooking.com/tag/air-asia/","/tag/air-asia","0","5365","0","6.454240447343896","true","/cam-nang-bay","0","","mapping_defined_unverified","5","site:khangvuongbooking.com | vé máy bay air asia đi malaysia | asia air booking | vé máy bay giá rẻ air asia | vé máy bay air asia"
"https://khangvuongbooking.com/ve-may-bay-hang/","/ve-may-bay-hang","0","3732","0","9.65005359056806","true","/ve-may-bay","0","","mapping_defined_unverified","5","site:khangvuongbooking.com | khang vuong booking | vé máy bay tiger air | vé máy bay saka | đạii lý tiger air"
"https://khangvuongbooking.com/ve-may-bay-di-nga-moscow/","/ve-may-bay-di-nga-moscow","0","3707","0","36.48907472349609","true","/ve-may-bay","0","","mapping_defined_unverified","5","vé máy bay đi moscow | ve may bay di nga | khoảng cách từ hà nội đến moscow | vé máy bay đi nga | vé máy bay hà nội đi nga"
"https://khangvuongbooking.com/tag/korean-air/","/tag/korean-air","0","2420","0","7.689669421487603","true","/cam-nang-bay","0","","mapping_defined_unverified","4","site:khangvuongbooking.com | giá vé máy bay đi mỹ hãng korean | vé máy bay đi hàn quốc korean air | 319usd"
"https://khangvuongbooking.com/ve-may-bay-ha-noi-di-hong-kong/","/ve-may-bay-ha-noi-di-hong-kong","0","2057","0","34.872143898881866","false","","0","","needs_mapping_review","5","vé máy bay hà nội hong kong | vé máy bay từ hà nội đi hồng kông | vé máy bay hà nội hongkong | vé máy bay hong kong hà nội | giá vé máy bay hà nội hong kong"
"https://khangvuongbooking.com/ve-may-bay-tu-ho-chi-minh-di-quang-chau/","/ve-may-bay-tu-ho-chi-minh-di-quang-chau","0","1948","0","36.898870636550306","true","/ve-may-bay","0","","mapping_defined_unverified","5","vé máy bay đi quảng châu | chuyến bay tp. hồ chí minh quảng châu | giá vé máy bay tp. hồ chí minh quảng châu | giá vé máy bayquảng châu tp. hồ chí minh | vé máy bay khứ hồi đi quảng châu"
"https://khangvuongbooking.com/san-bay-quoc-te-tan-son-nhat-thanh-pho-ho-chi-minh-sgn/","/san-bay-quoc-te-tan-son-nhat-thanh-pho-ho-chi-minh-sgn","0","1661","0","40.85791691751957","true","/cam-nang-bay","0","","mapping_defined_unverified","5","sân bay tân sơn nhất | sân bay quốc tế tân sơn nhất | hình ảnh của sân bay quốc tế tân sơn nhất | sân bay sgn | tân sơn nhất"
"https://khangvuongbooking.com/ve-may-bay-jetstar/","/ve-may-bay-jetstar","0","1481","0","21.49358541525996","true","/ve-may-bay","0","","mapping_defined_unverified","5","site:khangvuongbooking.com | đặt vé máy bay giá rẻ jetstar | đặt vé máy bay hãng jetstar | vé máy bay giá rẻ jetstar | vé máy bay jetstar"
"https://khangvuongbooking.com/ve-may-bay-di-nhat-ban-gia-re/","/ve-may-bay-di-nhat-ban-gia-re","0","1300","0","52.98153846153846","true","/ve-may-bay","0","","mapping_defined_unverified","5","vé máy bay đi nhật | vé máy bay đi nhật bản | vé máy bay đi nhật khứ hồi | vé máy bay đi nhật giá rẻ | giá vé máy bay đi nhật"
"https://khangvuongbooking.com/doi-ve-may-bay-bamboo-airways/","/doi-ve-may-bay-bamboo-airways","0","1192","0","24.12248322147651","true","/doi-ngay-ve-bamboo-airways","0","","mapping_defined_unverified","5","đại lý vé máy bay bamboo tại đồng tháp | đổi vé máy bay bamboo airways | sai ngày sinh trên vé máy bay bamboo | đại lý vé máy bay bamboo | đổi vé máy bay bamboo"
"https://khangvuongbooking.com/ve-may-bay-ha-noi-di-trung-khanh/","/ve-may-bay-ha-noi-di-trung-khanh","0","1104","0","24.143115942028984","false","","0","","needs_mapping_review","5","vé máy bay hà nội trùng khánh | giá vé máy bay trùng khánh hà nội | vé máy bay đi trùng khánh trung quốc | chuyến bay trùng khánh hà nội | vé máy bay đi trùng khánh"
"https://khangvuongbooking.com/ve-may-bay-tu-ho-chi-minh-di-thuong-hai/","/ve-may-bay-tu-ho-chi-minh-di-thuong-hai","0","940","0","39.314893617021276","true","/ve-may-bay","0","","mapping_defined_unverified","5","giá vé máy bay thượng hải tp. hồ chí minh | giá vé máy bay tp. hồ chí minh thượng hải | vé máy bay hà nội thượng hải hồng kiều | giá vé máy bay từ tphcm đi thượng hải | vé máy bay đi thượng hải hồng kiều"
"https://khangvuongbooking.com/dat-mua-ve-may-bay-sai-gon-di-houston-my/","/dat-mua-ve-may-bay-sai-gon-di-houston-my","0","938","0","38.23240938166311","true","/ve-may-bay","0","","mapping_defined_unverified","5","vé máy bay đi houston | vé máy bay từ houston đi tp. hồ chí minh | vé máy bay từ tphcm đi houston | vé máy bay từ houston về sài gòn | vé máy bay houston sài gòn"
"https://khangvuongbooking.com/dat-mua-ve-may-bay-vietnam-airlines-di-chicago/","/dat-mua-ve-may-bay-vietnam-airlines-di-chicago","0","929","0","43.63401506996771","true","/ve-may-bay","0","","mapping_defined_unverified","5","vé máy bay đi chicago | vé máy bay từ hà nội đi chicago | vé máy bay từ chicago về việt nam | vé máy bay từ tp hồ chí minh đi chicago | ve may bay di chicago"
"https://khangvuongbooking.com/ve-may-bay-ho-chi-minh-di-uc-australia/","/ve-may-bay-ho-chi-minh-di-uc-australia","0","919","0","63.64961915125136","false","","0","","needs_mapping_review","5","vé máy bay đi gold coast | đặt vé máy bay đi úc | săn vé máy bay giá rẻ đi úc | kinh nghiệm mua vé máy bay đi úc | giá vé máy bay khứ hồi đi úc"
"https://khangvuongbooking.com/san-bay-quoc-te-da-nang-dad/","/san-bay-quoc-te-da-nang-dad","0","863","0","18.662804171494784","true","/cam-nang-bay","0","","mapping_defined_unverified","5","dad là sân bay nào | sân bay dad | dad là đâu | sân bay quốc tế đà nẵng | dad là cảng nào"
"https://khangvuongbooking.com/ve-may-bay-di-dai-loan-gia-re/","/ve-may-bay-di-dai-loan-gia-re","0","822","0","42.43065693430657","true","/ve-may-bay","0","","mapping_defined_unverified","5","vé máy bay đi đài loan | vé máy bay đi đài loan giá rẻ | giá vé máy bay đi đài loan | vé máy bay đài loan | vé máy bay giá rẻ đi đài loan"
"https://khangvuongbooking.com/ve-may-bay-ha-noi-di-seoul-han-quoc-gia-re/","/ve-may-bay-ha-noi-di-seoul-han-quoc-gia-re","0","804","0","33.657960199004975","true","/ve-may-bay","0","","mapping_defined_unverified","5","giá vé máy bay hà nội seoul | chuyến bay hà nội seoul | vé máy bay đi seoul hàn quốc | vé máy bay hà nội hàn quốc | giá vé máy bay seoul hà nội"
"https://khangvuongbooking.com/ve-may-bay-ha-noi-di-melbourne-uc/","/ve-may-bay-ha-noi-di-melbourne-uc","0","790","0","32.332911392405066","false","","0","","needs_mapping_review","5","vé máy bay hà nội melbourne | vé máy bay từ hà nội đi melbourne | vé máy bay melbourne về hà nội | giá vé máy bay hà nội melbourne | vé máy bay đi úc melbourne"
"https://khangvuongbooking.com/ve-may-bay-di-singapore/","/ve-may-bay-di-singapore","0","721","0","63.04854368932039","true","/ve-may-bay","0","","mapping_defined_unverified","5","vé máy bay đi singapore | giá vé máy bay đi singapore | vé máy bay đi singapore khứ hồi | vé máy bay khứ hồi hà nội singapore | site:khangvuongbooking.com"
"https://khangvuongbooking.com/dat-mua-ve-may-bay-china-airlines-di-my/","/dat-mua-ve-may-bay-china-airlines-di-my","0","705","0","20.78014184397163","true","/ve-may-bay","0","","mapping_defined_unverified","4","ve may bay china airlines di my | giá vé china airlines | site:khangvuongbooking.com | vé máy bay china airlines"
"https://khangvuongbooking.com/ve-may-bay-ha-noi-di-dai-bac-dai-loan-gia-re/","/ve-may-bay-ha-noi-di-dai-bac-dai-loan-gia-re","0","701","0","39.5435092724679","false","","0","","needs_mapping_review","5","giá vé máy bay hà nội đài bắc | chuyến bay hà nội đài bắc | vé máy bay hà nội đài loan | vé máy bay hà nội đài bắc | giá vé máy bay hà nội taipei"
"https://khangvuongbooking.com/dat-ve-may-bay-sai-gon-tp-hcm-di-new-york-my-thang-8/","/dat-ve-may-bay-sai-gon-tp-hcm-di-new-york-my-thang-8","0","698","0","24.964183381088827","false","","0","","needs_mapping_review","5","vé máy bay từ tphcm đi new york | vé máy bay từ sài gòn đi mỹ | vé máy bay từ tp hồ chí minh đi new york | nhang trầm hương nyo | vé máy bay new york sài gòn"
"https://khangvuongbooking.com/dat-mua-ve-may-bay-vietnam-airlines-di-my/","/dat-mua-ve-may-bay-vietnam-airlines-di-my","0","689","0","47.0522496371553","true","/ve-may-bay","0","","mapping_defined_unverified","5","giá vé máy bay đi mỹ của vietnam airline | khai tên mua vé máy bay đi mỹ | vé máy bay đi mỹ vietnam airline | gia ve may bay di my cua vietnam airline | vé máy bay đi mỹ của vietnam airline"
"https://khangvuongbooking.com/ve-may-bay-di-uc/","/ve-may-bay-di-uc","0","681","0","49.57562408223201","true","/ve-may-bay","0","","mapping_defined_unverified","5","site:khangvuongbooking.com | vé máy bay úc | vé máy bay đi úc traveltop | vé máy bay đi úc | ve may bay di uc"
"https://khangvuongbooking.com/ve-may-bay-tu-ho-chi-minh-di-thanh-do/","/ve-may-bay-tu-ho-chi-minh-di-thanh-do","0","679","0","30.34020618556701","true","/ve-may-bay","0","","mapping_defined_unverified","5","giá vé máy bay tp. hồ chí minh thành đô | chuyến bay tp. hồ chí minh thành đô | vé máy bay đi thành đô | chuyến bay từ tp. hồ chí minh đến thành đô | giá vé máy bay thành đô hà nội"
"https://khangvuongbooking.com/ve-may-bay-di-cao-hung-dai-loan/","/ve-may-bay-di-cao-hung-dai-loan","0","672","0","40.5","false","","0","","needs_mapping_review","5","vé máy bay đi cao hùng | vé máy bay hà nội cao hùng | giá vé máy bay đi cao hùng đài loan | vé máy bay đi cao hùng đài loan | giá vé máy bay cao hùng hà nội"
"https://khangvuongbooking.com/quy-dinh-hoan-doi-ve-may-bay-vietjet-air-ban-nen-biet/","/quy-dinh-hoan-doi-ve-may-bay-vietjet-air-ban-nen-biet","0","669","0","56.823617339312406","true","/doi-ngay-ve-vietjet-air","0","","mapping_defined_unverified","5","đổi vé máy bay vietjet | đổi vé vietjet | thủ tục đổi vé máy bay vietjet | phí đổi vé máy bay vietjet | đổi vé máy bay vietjet air"
"https://khangvuongbooking.com/dat-ve-may-bay-sai-gon-tp-hcm-di-new-york-my-thang-7/","/dat-ve-may-bay-sai-gon-tp-hcm-di-new-york-my-thang-7","0","648","0","32.49074074074074","true","/ve-may-bay","0","","mapping_defined_unverified","5","vé máy bay từ tphcm đi new york | vé máy bay new york sài gòn | vé máy bay từ tp hồ chí minh đi new york | ve may bay di new york | vé máy bay từ sài gòn đi mỹ"
"https://khangvuongbooking.com/ve-may-bay-ho-chi-minh-di-dai-trung-dai-loan-gia-re/","/ve-may-bay-ho-chi-minh-di-dai-trung-dai-loan-gia-re","0","630","0","30.323809523809523","false","","0","","needs_mapping_review","5","vé máy bay đi đài trung | đặt vé máy bay đi đài trung | vé máy bay đi đài trung đài loan | vé máy bay đi taichung / vé máy bay đi đài trung | vé máy bay hồ chí minh đi đài loan"
"https://khangvuongbooking.com/co-the-ban-chua-biet-tieu-chuan-hanh-ly-hang-hang-khong-vietjet-air/","/co-the-ban-chua-biet-tieu-chuan-hanh-ly-hang-hang-khong-vietjet-air","0","605","0","65.4297520661157","true","/mua-them-hanh-ly-vietjet-air","0","","mapping_defined_unverified","5","quy định hành lý vietjet | quy định hành lý ký gửi vietjet | kích thước hành lý ký gửi vietjet | hành lý vietjet | quy định về hành lý ký gửi của vietjet"
"https://khangvuongbooking.com/dat-mua-ve-may-bay-ha-noi-di-my-1-chieu/","/dat-mua-ve-may-bay-ha-noi-di-my-1-chieu","0","593","0","30.468802698145026","true","/ve-may-bay","0","","mapping_defined_unverified","5","vé máy bay hà nội đi mỹ | vé máy bay đi mỹ một chiều | giá vé máy bay đi mỹ 1 chiều | vé máy bay từ hà nội đi new york | vé máy bay đi washington dc"
"https://khangvuongbooking.com/dat-mua-ve-may-bay-da-nang-di-my-khu-hoi/","/dat-mua-ve-may-bay-da-nang-di-my-khu-hoi","0","582","0","23.745704467353953","true","/ve-may-bay","0","","mapping_defined_unverified","5","vé máy bay đà nẵng đi mỹ | vé máy bay đi mỹ | vé khứ hồi đi mỹ | vé đi mỹ khứ hồi | vé máy bay đà nẵng sài gòn khứ hồi"
"https://khangvuongbooking.com/https-khangvuongbooking-com-p23914previewtrue/","/https-khangvuongbooking-com-p23914previewtrue","0","575","0","10.005217391304347","false","","0","","needs_mapping_review","1","site:khangvuongbooking.com"
"https://khangvuongbooking.com/ve-may-bay-di-an-do-gia-re/","/ve-may-bay-di-an-do-gia-re","0","565","0","27.41592920353982","false","","0","","needs_mapping_review","5","site:khangvuongbooking.com | vé máy bay đi ấn độ | vé máy bay đi ấn độ bao nhiêu | bay ấn độ mấy tiếng | vé đi ấn độ"
"https://khangvuongbooking.com/ve-may-bay-ho-chi-minh-di-ottawa-canada/","/ve-may-bay-ho-chi-minh-di-ottawa-canada","0","554","0","43.29602888086642","true","/ve-may-bay","0","","mapping_defined_unverified","5","vé máy bay đi ottawa | vé máy bay từ tp hồ chí minh đi ottawa | vé máy bay từ hà nội đi ottawa | vé máy bay từ tp hồ chí minh đi montreal | kinh nghiệm mua vé máy bay đi canada"
"https://khangvuongbooking.com/ve-may-bay-ha-noi-di-sydney-uc/","/ve-may-bay-ha-noi-di-sydney-uc","0","552","0","48.48731884057971","false","","0","","needs_mapping_review","5","vé máy bay hà nội sydney | vé máy bay từ hà nội đi sydney | giá vé máy bay hà nội sydney | vé máy bay hà nội đi sydney | vé máy bay từ hà nội đến sydney"
"https://khangvuongbooking.com/ve-may-bay-ho-chi-minh-di-edmonton-canada/","/ve-may-bay-ho-chi-minh-di-edmonton-canada","0","538","0","30.897769516728623","false","","0","","needs_mapping_review","4","vé máy bay đi edmonton | vé máy bay đi edmonton canada | sân bay edmonton | edmonton to ho chi minh"
"https://khangvuongbooking.com/ve-may-bay-ha-noi-di-phuc-chau/","/ve-may-bay-ha-noi-di-phuc-chau","0","532","0","13.171052631578947","false","","0","","needs_mapping_review","5","vé máy bay đi phúc châu | vé máy bay đi phúc kiến | vé máy bay đi tuyền châu | sân bay phúc châu | ""phòng vé máy bay linh thơm"" ""vĩnh tường"" ""vĩnh phúc"""
"https://khangvuongbooking.com/ve-may-bay-di-hong-kong/","/ve-may-bay-di-hong-kong","0","528","0","74.55871212121212","true","/ve-may-bay","0","","mapping_defined_unverified","5","vé máy bay hà nội hongkong | vé máy bay từ hà nội đi hồng kông | vé máy bay đi hong kong | vé máy bay từ hà nội đi hong kong | vé máy bay đi hồng kông"
"https://khangvuongbooking.com/ve-may-bay-di-quang-chau/","/ve-may-bay-di-quang-chau","0","523","0","50.250478011472275","true","/ve-may-bay","0","","mapping_defined_unverified","5","vé máy bay đi quảng châu | vé máy bay đi quảng đông | vé máy bay khứ hồi đi quảng châu | giá vé máy bay từ hà nội đến quảng châu | giá vé đi quảng châu trung quốc"
"https://khangvuongbooking.com/ve-may-bay-ho-chi-minh-di-nam-kinh/","/ve-may-bay-ho-chi-minh-di-nam-kinh","0","516","0","28.93798449612403","false","","0","","needs_mapping_review","5","vé máy bay đi nam kinh | vé máy bay hà nội nam kinh | chuyến bay từ tp. hồ chí minh đến nam kinh | chuyến bay hà nội nam kinh | giá vé máy bay hà nội nam kinh"
"https://khangvuongbooking.com/top-5-mon-an-han-quoc-noi-tieng-ai-cung-biet/","/top-5-mon-an-han-quoc-noi-tieng-ai-cung-biet","0","501","0","19.684630738522955","true","/cam-nang-bay","0","","mapping_defined_unverified","5","kimbap tam giác | bibimbap là món ăn nổi tiếng của nước nào dưới đây? | món ăn hàn quốc nổi tiếng | bibimbap là món ăn nổi tiếng của nước nào | các món ăn hàn quốc nổi tiếng"
"https://khangvuongbooking.com/ve-may-bay-da-nang-di-busan-han-quoc-gia-re/","/ve-may-bay-da-nang-di-busan-han-quoc-gia-re","0","494","0","21.975708502024293","true","/ve-may-bay","0","","mapping_defined_unverified","5","giá vé máy bay đà nẵng busan | chuyến bay đà nẵng busan | vé máy bay đà nẵng busan | chuyến bay từ đà nẵng đến busan | vé máy bay busan đà nẵng"
"https://khangvuongbooking.com/ve-may-bay-ho-chi-minh-di-seoul-han-quoc-gia-re/","/ve-may-bay-ho-chi-minh-di-seoul-han-quoc-gia-re","0","490","0","43.65714285714286","false","","0","","needs_mapping_review","5","giá vé máy bay tp. hồ chí minh seoul | vé máy bay đi seoul hàn quốc | vé máy bay sài gòn seoul | giá vé máy bay từ tphcm đi hàn quốc | chuyến bay tp. hồ chí minh seoul"
"https://khangvuongbooking.com/lao-airlines-tang-cac-chuyen-bay-giua-luang-prabang-va-ha-noi/","/lao-airlines-tang-cac-chuyen-bay-giua-luang-prabang-va-ha-noi","0","490","0","54.124489795918365","true","/hang-bay","0","","mapping_defined_unverified","5","vé máy bay luang prabang hà nội | vé máy bay đi luang prabang | vé máy bay từ luang prabang đi hà nội | vé máy bay từ hà nội đi luang prabang | vé máy bay hà nội luang prabang"
"https://khangvuongbooking.com/du-lich-lao-mua-nao-dep-nhat-lao-co-gi-dep/","/du-lich-lao-mua-nao-dep-nhat-lao-co-gi-dep","0","489","0","15.128834355828221","true","/cam-nang-bay","0","","mapping_defined_unverified","5","du lịch lào tháng nào đẹp nhất | lào có gì đẹp | du lịch lào mùa nào đẹp nhất | đi lào mùa nào đẹp nhất | đi lào tháng mấy đẹp"
"https://khangvuongbooking.com/dat-mua-ve-may-bay-sai-gon-di-seattle-my/","/dat-mua-ve-may-bay-sai-gon-di-seattle-my","0","484","0","35.46694214876033","true","/ve-may-bay","0","","mapping_defined_unverified","5","vé máy bay đi seattle | vé máy bay seattle sài gòn | thuê xe tự lái seattle | vé máy bay washington sài gòn | ve may bay di seattle my"
"https://khangvuongbooking.com/ve-may-bay-tiger-airways/","/ve-may-bay-tiger-airways","0","477","0","51.737945492662476","true","/ve-may-bay","0","","mapping_defined_unverified","5","vé máy bay tiger air | đạii lý tiger air | đại lý tiger air | hành lý tiger air | tiger airways"
"https://khangvuongbooking.com/dat-mua-ve-may-bay-da-nang-di-seattle-my/","/dat-mua-ve-may-bay-da-nang-di-seattle-my","0","476","0","25.964285714285715","true","/ve-may-bay","0","","mapping_defined_unverified","5","vé máy bay seattle sài gòn | vé máy bay đà nẵng đi mỹ | vé máy bay đi seattle | ve may bay di seattle my | site:khangvuongbooking.com"
"https://khangvuongbooking.com/ve-may-bay-ha-noi-di-brisbane-uc/","/ve-may-bay-ha-noi-di-brisbane-uc","0","471","0","33.67091295116773","false","","0","","needs_mapping_review","5","vé máy bay hà nội brisbane | vé máy bay đi brisbane | vé máy bay từ hà nội đi brisbane | vé máy bay đi brisbane úc | bne là sân bay nào"
"https://khangvuongbooking.com/ban-ve-sai-gon-tp-hcm-di-houston-my-thang-10/","/ban-ve-sai-gon-tp-hcm-di-houston-my-thang-10","0","469","0","20.722814498933904","false","","0","","needs_mapping_review","5","vé máy bay từ houston đi tp. hồ chí minh | vé máy bay từ tphcm đi houston | vé máy bay đi houston | vé máy bay từ houston về sài gòn | vé máy bay từ tp hồ chí minh đi houston"
"https://khangvuongbooking.com/dat-mua-ve-may-bay-japan-airlines-di-san-jose/","/dat-mua-ve-may-bay-japan-airlines-di-san-jose","0","459","0","39.431372549019606","true","/ve-may-bay","0","","mapping_defined_unverified","5","vé máy bay đi san jose | vé máy bay đi costa rica | vé máy bay đi nhật japan airline | ban ve may bay san jose | japan airlines đặt vé"
"https://khangvuongbooking.com/ve-may-bay-ha-noi-di-calgary-canada/","/ve-may-bay-ha-noi-di-calgary-canada","0","450","0","35.553333333333335","true","/ve-may-bay","0","","mapping_defined_unverified","5","vé máy bay đi calgary | vé máy bay từ tp hồ chí minh đi calgary | vé máy bay từ hà nội đi calgary | sân bay calgary | vé máy bay từ hà nội đi toronto"
"https://khangvuongbooking.com/cach-xin-visa-du-lich-trung-quoc/","/cach-xin-visa-du-lich-trung-quoc","0","440","0","37.53409090909091","true","/visa","0","","mapping_defined_unverified","5","xin visa du lịch trung quốc | thủ tục xin visa du lịch trung quốc | thủ tục đi du lịch trung quốc | cách xin visa du lịch trung quốc | hồ sơ xin visa du lịch trung quốc"
"https://khangvuongbooking.com/ve-may-bay-du-hoc-sinh-chiet-giang/","/ve-may-bay-du-hoc-sinh-chiet-giang","0","434","0","13.26036866359447","false","","0","","needs_mapping_review","5","vé máy bay đi chiết giang | vé máy bay hà nội chiết giang | vé máy bay lao động du học giá rẻ | chiết giang cách việt nam bao xa | sân bay chiết giang"
"https://khangvuongbooking.com/dat-mua-ve-may-bay-da-nang-di-seattle-my-thuong-gia/","/dat-mua-ve-may-bay-da-nang-di-seattle-my-thuong-gia","0","427","0","14.442622950819672","false","","0","","needs_mapping_review","3","vé máy bay đi seattle | ve may bay di seattle | ve may bay di seattle my"
"https://khangvuongbooking.com/dat-mua-ve-may-bay-ha-noi-di-orlando-florida-my/","/dat-mua-ve-may-bay-ha-noi-di-orlando-florida-my","0","423","0","24.61465721040189","true","/ve-may-bay","0","","mapping_defined_unverified","5","vé máy bay đi orlando | vé máy bay từ hà nội đi orlando | vé máy bay đi florida mỹ | giá vé máy bay đi mỹ khứ hồi 2019 orlando | florida mỹ"
"https://khangvuongbooking.com/dich-vu-chon-cho-ngoi-tren-chuyen-bay-cua-cac-hang-hang-khong/","/dich-vu-chon-cho-ngoi-tren-chuyen-bay-cua-cac-hang-hang-khong","0","423","0","54.40425531914894","true","/hang-bay","0","","mapping_defined_unverified","5","chọn ghế máy bay | chọn chỗ ngồi trên máy bay | vị trí ghế ngồi trên máy bay vietjet | chỗ ngồi trên máy bay | số ghế trên máy bay vietjet"
"https://khangvuongbooking.com/ve-may-bay-ho-chi-minh-di-hong-kong/","/ve-may-bay-ho-chi-minh-di-hong-kong","0","416","0","52.37259615384615","false","","0","","needs_mapping_review","5","vé máy bay sài gòn hong kong | vé máy bay hong kong sài gòn | vé máy bay từ hà nội đi hồng kông | vé máy bay hà nội hongkong | giá vé đi hong kong"
"https://khangvuongbooking.com/ve-may-bay-ho-chi-minh-di-melbourne-uc/","/ve-may-bay-ho-chi-minh-di-melbourne-uc","0","413","0","38.743341404358354","false","","0","","needs_mapping_review","5","vé máy bay đi melbourne | vé máy bay đi úc melbourne | vé máy bay đi victoria | vé máy bay sài gòn melbourne | vé máy bay đi úc melbourne giá rẻ"
"https://khangvuongbooking.com/dat-mua-ve-may-bay-eva-air-di-my/","/dat-mua-ve-may-bay-eva-air-di-my","0","403","0","38.25062034739454","true","/ve-may-bay","0","","mapping_defined_unverified","5","ve may bay eva air di my | vé máy bay eva đi mỹ | eva airline vé máy bay đi mỹ california rẻ | vé máy bay đi mỹ california eva | ve may bay di my cua hang eva"
"https://khangvuongbooking.com/dat-ve-may-bay-ha-noi-di-honolulu-my-thang-7/","/dat-ve-may-bay-ha-noi-di-honolulu-my-thang-7","0","402","0","32.159203980099505","true","/ve-may-bay","0","","mapping_defined_unverified","4","vé máy bay đi honolulu | vé máy bay đi hawaii | vé máy bay từ hà nội đi honolulu | ve may bay di my thang 7"
"https://khangvuongbooking.com/tron-goi-khu-hoi-hang-thuong-gia-vietnam-airlines-di-thuong-hai-chi-tu-682-usd/","/tron-goi-khu-hoi-hang-thuong-gia-vietnam-airlines-di-thuong-hai-chi-tu-682-usd","0","396","0","62.89393939393939","true","/hang-bay","0","","mapping_defined_unverified","5","vé máy bay hạng thương gia | vé máy bay thương gia | giá vé máy bay hạng thương gia | giá vé máy bay hạng thương gia vietnam airline | vé hạng thương gia"
"https://khangvuongbooking.com/dat-ve-may-bay-ha-noi-di-denver-my-thang-7/","/dat-ve-may-bay-ha-noi-di-denver-my-thang-7","0","389","0","36.7840616966581","false","","0","","needs_mapping_review","4","vé máy bay đi denver | sân bay denver | vé máy bay từ hà nội đi denver | my denver"
"https://khangvuongbooking.com/nhung-dieu-can-biet-khi-xin-visa-du-lich-my/","/nhung-dieu-can-biet-khi-xin-visa-du-lich-my","0","388","0","70.53092783505154","true","/visa","0","","mapping_defined_unverified","5","visa du lịch mỹ | visa du lich my | visa du lịch mỹ cần những gì | điều kiện xin visa du lịch mỹ | visa mỹ du lịch"
"https://khangvuongbooking.com/ve-may-bay-ha-noi-di-edmonton-canada/","/ve-may-bay-ha-noi-di-edmonton-canada","0","384","0","41.796875","false","","0","","needs_mapping_review","5","vé máy bay đi edmonton | vé máy bay đi edmonton canada | sân bay edmonton | vé máy bay từ hà nội đi calgary | nhiệt độ edmonton"
"https://khangvuongbooking.com/ve-may-bay-tu-ho-chi-minh-di-domodedovo-moscow-nga/","/ve-may-bay-tu-ho-chi-minh-di-domodedovo-moscow-nga","0","383","0","23.85378590078329","true","/ve-may-bay","0","","mapping_defined_unverified","5","vé máy bay đi moscow domodedovo | domodedovo | giá vé máy bay moscow tp. hồ chí minh | chuyến bay moscow tp. hồ chí minh | vé máy bay đi moscow"
"https://khangvuongbooking.com/chuyen-bay-ha-noi-han-di-new-delhi/","/chuyen-bay-ha-noi-han-di-new-delhi","0","375","0","9.613333333333333","false","","0","","needs_mapping_review","3","site:khangvuongbooking.com | han delhi | han to del"
"https://khangvuongbooking.com/dat-ve-may-bay-ha-noi-di-dallas-texas-my-thang-7/","/dat-ve-may-bay-ha-noi-di-dallas-texas-my-thang-7","0","374","0","35.22727272727273","false","","0","","needs_mapping_review","5","vé máy bay đi dallas | vé máy bay đi mỹ texas | vé máy bay đi texas | vé máy bay đi dallas-fort worth | vé máy bay từ hà nội đi dallas"
"https://khangvuongbooking.com/ve-may-bay-ha-noi-di-cao-hung-dai-loan-gia-re/","/ve-may-bay-ha-noi-di-cao-hung-dai-loan-gia-re","0","364","0","39.5467032967033","false","","0","","needs_mapping_review","5","vé máy bay đi cao hùng | vé máy bay hà nội cao hùng | vé máy bay từ hà nội đi cao hùng | giá vé máy bay cao hùng hà nội | chuyến bay cao hùng hà nội"
"https://khangvuongbooking.com/tag/dai-ly-qatar-airways/","/tag/dai-ly-qatar-airways","0","361","0","8.614958448753463","true","/cam-nang-bay","0","","mapping_defined_unverified","1","dai ly qatar airways"
"https://khangvuongbooking.com/ve-may-bay-tu-ha-noi-di-domodedovo-moscow-vietnam-airlines/","/ve-may-bay-tu-ha-noi-di-domodedovo-moscow-vietnam-airlines","0","361","0","29.897506925207757","true","/ve-may-bay","0","","mapping_defined_unverified","5","giá vé máy bay hà nội moscow | chuyến bay hà nội moscow | vé máy bay hà nội moscow | vé máy bay đi moscow domodedovo | từ hà nội đến moscow bao nhiêu km"
"https://khangvuongbooking.com/dat-mua-ve-may-bay-vietnam-airlines-di-seattle/","/dat-mua-ve-may-bay-vietnam-airlines-di-seattle","0","361","0","32.73407202216066","true","/ve-may-bay","0","","mapping_defined_unverified","4","vé máy bay đi seattle | seattle cách việt nam bao nhiêu tiếng | ve may bay di seattle | vietnam airlines seattle"
"https://khangvuongbooking.com/dat-ve-may-bay-ha-noi-di-houston-my-thang-7/","/dat-ve-may-bay-ha-noi-di-houston-my-thang-7","0","351","0","36.1965811965812","false","","0","","needs_mapping_review","5","vé máy bay đi houston | vé máy bay đi texas | vé may bay từ hà nội đi houston | vé máy bay đi mỹ texas | vé máy bay houston sài gòn khứ hồi vietnam airlines"
"https://khangvuongbooking.com/ve-may-bay-cebu-pacific/","/ve-may-bay-cebu-pacific","0","344","0","53.758720930232556","true","/ve-may-bay","0","","mapping_defined_unverified","5","vé máy bay đi cebu | phong ve cebu pacific | phòng vé cebu pacific | vé máy bay đi philippines cebu pacific | dai ly cebu pacific"
"https://khangvuongbooking.com/dat-mua-ve-may-bay-nippon-airways-di-san-jose/","/dat-mua-ve-may-bay-nippon-airways-di-san-jose","0","341","0","35.64222873900293","true","/ve-may-bay","0","","mapping_defined_unverified","3","vé máy bay đi san jose | vé máy bay đi costa rica | ""chất lượng bay ổn định"""
"https://khangvuongbooking.com/ve-may-bay-ho-chi-minh-di-dai-loan-gia-re/","/ve-may-bay-ho-chi-minh-di-dai-loan-gia-re","0","333","0","37.573573573573576","false","","0","","needs_mapping_review","5","vé máy bay sài gòn đài loan | vé máy bay đi từ sài gòn đến taipei | vé máy bay đi đài loan giá rẻ | vé máy bay hcm đi đài loan | vé máy bay hồ chí minh đi đài loan"
"https://khangvuongbooking.com/ve-may-bay-quoc-te/ve-may-bay-di-duc-gia-re/","/ve-may-bay-quoc-te/ve-may-bay-di-duc-gia-re","0","325","0","48.08","true","/ve-may-bay","0","","mapping_defined_unverified","5","vé máy bay đi đức | vé máy bay hà nội đi đức | ve may bay di duc | vé máy bay đi đức giá bao nhiêu | vé máy bay đi đức khứ hồi"
"https://khangvuongbooking.com/ve-may-bay-di-my-gia-re/","/ve-may-bay-di-my-gia-re","0","324","0","56.55864197530864","true","/ve-may-bay","0","","mapping_defined_unverified","5","ve may di my gia re | mua vé máy bay giá rẻ đi mỹ | mua vé máy bay đi mỹ giá rẻ | vé đi mỹ giá rẻ | máy bay đi mỹ giá rẻ"
"https://khangvuongbooking.com/dat-mua-ve-may-bay-eva-air-di-chicago/","/dat-mua-ve-may-bay-eva-air-di-chicago","0","323","0","61.1702786377709","true","/ve-may-bay","0","","mapping_defined_unverified","5","vé máy bay đi chicago | vé máy bay từ hà nội đi chicago | mua vé máy bay đi mỹ hãng eva | ve may bay eva air | vé máy bay từ chicago về việt nam"
"https://khangvuongbooking.com/quy-dinh-tre-em-di-may-bay-vietjet-air-ban-can-biet/","/quy-dinh-tre-em-di-may-bay-vietjet-air-ban-can-biet","0","322","0","37.63354037267081","true","/cam-nang-bay","0","","mapping_defined_unverified","5","trẻ em trên 2 tuổi đi máy bay vietjet | bao nhiêu tuổi được đi máy bay 1 mình | vé máy bay trẻ em dưới 12 tuổi vietjet | vé trẻ em vietjet | vé máy bay trẻ em vietjet"
"https://khangvuongbooking.com/ve-may-bay-ho-chi-minh-di-busan-han-quoc-gia-re/","/ve-may-bay-ho-chi-minh-di-busan-han-quoc-gia-re","0","319","0","43.3448275862069","true","/ve-may-bay","0","","mapping_defined_unverified","5","vé máy bay đi busan | giá vé máy bay tp. hồ chí minh busan | giá vé máy bay đi busan hàn quốc | vé máy bay sài gòn busan | vé máy bay đi busan hàn quốc"
"https://khangvuongbooking.com/truy-tim-3-cung-dien-hoang-gia-thai-lan-noi-tieng/","/truy-tim-3-cung-dien-hoang-gia-thai-lan-noi-tieng","0","307","0","71.63192182410424","true","/cam-nang-bay","0","","mapping_defined_unverified","5","cung điện hoàng gia thái lan | cung điện thái lan | cung điện hoàng gia | cung điện ở bangkok | cung điện chitralada"
"https://khangvuongbooking.com/dat-ve-ho-chi-minh-di-my-gia-re-thang-4-5-6/","/dat-ve-ho-chi-minh-di-my-gia-re-thang-4-5-6","0","306","0","6.7254901960784315","false","","0","","needs_mapping_review","1","khang vuong booking"
"https://khangvuongbooking.com/ve-may-bay-da-nang-di-tham-quyen/","/ve-may-bay-da-nang-di-tham-quyen","0","306","0","28.395424836601308","true","/ve-may-bay","0","","mapping_defined_unverified","3","vé máy bay đà nẵng trung quốc | vé máy bay đi thâm quyến | trung tâm dịch vụ visa trung quốc tại đà nẵng"
"https://khangvuongbooking.com/tag/ve-may-bay-emirates-gia-re/","/tag/ve-may-bay-emirates-gia-re","0","305","0","8.304918032786885","true","/ve-may-bay","0","","mapping_defined_unverified","5","giá vé máy bay emirates | giá vé emirates | vé máy bay emirates | giá vé hạng thương gia emirates | vé emirates"
"https://khangvuongbooking.com/ve-may-bay-ha-noi-di-busan-han-quoc-gia-re/","/ve-may-bay-ha-noi-di-busan-han-quoc-gia-re","0","304","0","38.661184210526315","false","","0","","needs_mapping_review","5","vé máy bay đi busan | vé máy bay hà nội busan | vé máy bay đi busan hàn quốc | vé máy bay đà nẵng busan | giá vé máy bay đi busan hàn quốc"
"https://khangvuongbooking.com/ve-may-bay-qatar-airways/","/ve-may-bay-qatar-airways","0","298","0","61.26845637583892","true","/ve-may-bay","0","","mapping_defined_unverified","5","vé máy bay đi qatar | vé máy bay đi doha | vé máy bay việt nam qatar | vé máy bay đi kuwait | vé máy bay qatar"
"https://khangvuongbooking.com/dat-mua-ve-may-bay-da-nang-di-los-angeles-my/","/dat-mua-ve-may-bay-da-nang-di-los-angeles-my","0","295","0","31.071186440677966","true","/ve-may-bay","0","","mapping_defined_unverified","4","vé máy bay từ mỹ về đà nẵng | vé máy bay đà nẵng đi mỹ | ve may bay di los angeles | da nang to los angeles"
"https://khangvuongbooking.com/vietnam-airlines-uu-dai-20-gia-ve-hang-thuong-gia/","/vietnam-airlines-uu-dai-20-gia-ve-hang-thuong-gia","0","295","0","51.122033898305084","true","/khuyen-mai","0","","mapping_defined_unverified","5","giá vé máy bay hạng thương gia vietnam airline | vé máy bay vietnam airline hạng thương gia | vé máy bay hạng thương gia vietnam airline | vé máy bay thương gia vietnam airline | giá vé hạng thương gia sài gòn hà nội"
"https://khangvuongbooking.com/dat-ve-may-bay-ha-noi-di-los-angeles-my-thang-7/","/dat-ve-may-bay-ha-noi-di-los-angeles-my-thang-7","0","289","0","27.629757785467127","false","","0","","needs_mapping_review","5","vé máy bay từ hà nội đi los angeles | ve di my thang 7 | vé máy bay hà nội los angeles | site:khangvuongbooking.com | ve may bay di mỹ thang 7"
"https://khangvuongbooking.com/dat-ve-may-bay-sai-gon-tp-hcm-di-houston-my-thang-8/","/dat-ve-may-bay-sai-gon-tp-hcm-di-houston-my-thang-8","0","289","0","33.055363321799305","false","","0","","needs_mapping_review","5","vé máy bay từ houston đi tp. hồ chí minh | vé máy bay từ tphcm đi houston | vé máy bay đi houston | vé máy bay houston sài gòn | vé máy bay từ houston về sài gòn"
"https://khangvuongbooking.com/dat-ve-may-bay-sai-gon-tp-hcm-di-phoenix-arizona-my-thang-7/","/dat-ve-may-bay-sai-gon-tp-hcm-di-phoenix-arizona-my-thang-7","0","287","0","27.99651567944251","false","","0","","needs_mapping_review","4","vé máy bay đi phoenix | bảo hiểm y tế ở arizona | vé máy bay từ tp. hồ chí minh đi phoenix | chuyến bay tới phoenix, arizona"
"https://khangvuongbooking.com/dat-mua-ve-may-bay-nippon-airways-di-orlando-florida/","/dat-mua-ve-may-bay-nippon-airways-di-orlando-florida","0","285","0","36.30877192982456","true","/ve-may-bay","0","","mapping_defined_unverified","4","vé máy bay đi orlando | vé máy bay từ hà nội đi orlando | phòng vé nippon airways | vé máy bay đi florida mỹ"
"https://khangvuongbooking.com/co-nen-dat-chuyen-bay-ban-dem-khong/","/co-nen-dat-chuyen-bay-ban-dem-khong","0","283","0","11.385159010600706","true","/cam-nang-bay","0","","mapping_defined_unverified","4","đi máy bay ban đêm | máy bay ban đêm | máy bay đêm | sân bay ban đêm"
"https://khangvuongbooking.com/ve-may-bay-da-nang-di-hong-kong/","/ve-may-bay-da-nang-di-hong-kong","0","281","0","35.487544483985765","false","","0","","needs_mapping_review","4","vé máy bay hong kong đà nẵng | vé máy bay đà nẵng hong kong | vé máy bay đà nẵng quảng châu | da nang to hong kong"
"https://khangvuongbooking.com/gia-ve-may-bay-sai-gon-tp-hcm-di-seattle-sea-my-thang-11-12/","/gia-ve-may-bay-sai-gon-tp-hcm-di-seattle-sea-my-thang-11-12","0","277","0","24.28158844765343","false","","0","","needs_mapping_review","4","vé máy bay đi seattle | ve may bay di seattle my | ve may bay di seattle | ho chi minh to seattle"
"https://khangvuongbooking.com/dat-mua-ve-may-bay-ha-noi-di-my-pho-thong/","/dat-mua-ve-may-bay-ha-noi-di-my-pho-thong","0","275","0","42.86909090909091","false","","0","","needs_mapping_review","5","vé máy bay hà nội đi mỹ | giá vé máy bay từ hà nội đi mỹ | site:khangvuongbooking.com | may bay di my | vé máy bay từ hà nội đi mỹ"
"https://khangvuongbooking.com/dat-ve-may-bay-ha-noi-di-atlanta-my-thang-7/","/dat-ve-may-bay-ha-noi-di-atlanta-my-thang-7","0","273","0","38.0989010989011","true","/ve-may-bay","0","","mapping_defined_unverified","3","vé máy bay đi atlanta | coca cola việt nam | lyft atlanta transportation"
"https://khangvuongbooking.com/cam-nang-hanh-ly-cam-van-chuyen-tren-chuyen-bay-vietjet-air/","/cam-nang-hanh-ly-cam-van-chuyen-tren-chuyen-bay-vietjet-air","0","270","0","18.485185185185184","true","/mua-them-hanh-ly-vietjet-air","0","","mapping_defined_unverified","5","những đồ không được mang lên máy bay vietjet | site:khangvuongbooking.com | những vật cấm mang lên máy bay vietjet | những đồ không được mang trong hành lý ký gửi vietjet | tôi bay vietjet"
"https://khangvuongbooking.com/ve-may-bay-ho-chi-minh-di-adelaide-uc/","/ve-may-bay-ho-chi-minh-di-adelaide-uc","0","270","0","34.714814814814815","false","","0","","needs_mapping_review","5","vé máy bay đi adelaide | sân bay adelaide | sân bay quốc tế adelaide | vé máy bay từ tphcm đi adelaide | vé máy bay từ adelaide về việt nam"
"https://khangvuongbooking.com/dat-mua-ve-may-bay-da-nang-di-miami-florida-my/","/dat-mua-ve-may-bay-da-nang-di-miami-florida-my","0","268","0","20.73507462686567","false","","0","","needs_mapping_review","5","vé máy bay đi miami | da nang miami | danang miami | vé máy bay đi florida mỹ | florida mỹ"
"https://khangvuongbooking.com/ve-may-bay-da-nang-di-con-minh/","/ve-may-bay-da-nang-di-con-minh","0","267","0","34.445692883895134","false","","0","","needs_mapping_review","5","vé máy bay đi côn minh trung quốc | vé máy bay đi côn minh | vé máy bay đi kunming | vé máy bay hà nội kunming | vé máy bay đà nẵng đi côn đảo"
"https://khangvuongbooking.com/dat-mua-ve-may-bay-eva-air-di-new-york/","/dat-mua-ve-may-bay-eva-air-di-new-york","0","267","0","50.3183520599251","true","/ve-may-bay","0","","mapping_defined_unverified","5","ve may bay eva air di my | vé máy bay đi mỹ giá rẻ eva air | giá vé máy bay đi mỹ hãng eva | giá vé máy bay eva đi mỹ | giá vé máy bay hãng eva đi mỹ"
"https://khangvuongbooking.com/dat-mua-ve-may-bay-eva-air-di-boston/","/dat-mua-ve-may-bay-eva-air-di-boston","0","266","0","45.661654135338345","true","/ve-may-bay","0","","mapping_defined_unverified","5","vé máy bay đi boston | boston cách việt nam bao nhiều tiếng | vé máy bay từ hà nội đi boston | boston cách việt nam bao nhiêu tiếng | vé máy bay đi boston mỹ"
"https://khangvuongbooking.com/dat-mua-ve-may-bay-nippon-airways-di-dallas-texas/","/dat-mua-ve-may-bay-nippon-airways-di-dallas-texas","0","261","0","48.86206896551724","true","/ve-may-bay","0","","mapping_defined_unverified","5","vé máy bay đi dallas | vé máy bay đi mỹ texas | vé máy bay đi dallas-fort worth | vé máy bay đi texas mỹ | vé máy bay đi texas"
"https://khangvuongbooking.com/ve-may-bay-ho-chi-minh-di-sydney-uc/","/ve-may-bay-ho-chi-minh-di-sydney-uc","0","258","0","49.13565891472868","false","","0","","needs_mapping_review","5","vé máy bay tphcm đi sydney | vé máy bay đi úc sydney | vé máy bay đi từ sài gòn đến sydney | giá vé máy bay từ sài gòn đi sydney | vé máy bay sài gòn sydney"
"https://khangvuongbooking.com/ve-may-bay-di-anh-gia-re-moi-nhat-2025/","/ve-may-bay-di-anh-gia-re-moi-nhat-2025","0","254","0","59.27165354330709","true","/ve-may-bay","0","","mapping_defined_unverified","5","vé máy bay đi birmingham | vé máy bay đi anh giá rẻ | vé máy bay đi anh | vé máy bay sang anh | vé máy bay đi london gatwick"
"https://khangvuongbooking.com/dat-ve-may-bay-sai-gon-tp-hcm-di-seattle-my-thang-8/","/dat-ve-may-bay-sai-gon-tp-hcm-di-seattle-my-thang-8","0","252","0","17.063492063492063","false","","0","","needs_mapping_review","5","vé máy bay seattle sài gòn | -site:facebook.com -site:fb.me -site:youtube.com -site:youtu.be -site:youtube.be -site:twitter.com -site:instagram.com -site:tiktok.com -site:vm.tiktok.com -site:t.co -site:x.com -site:reddit.com ""king county metro"" | thuê xe tự lái seattle | vé máy bay đi seattle | ve may bay di seattle"
"https://khangvuongbooking.com/ve-may-bay-ha-noi-di-dai-trung-dai-loan-gia-re/","/ve-may-bay-ha-noi-di-dai-trung-dai-loan-gia-re","0","250","0","43.584","false","","0","","needs_mapping_review","5","vé máy bay đi đài trung | giá vé máy bay từ hà nội đi đài loan | vé máy bay từ hà nội đi đài loan | vé máy bay đi đài trung đài loan | vé máy bay hà nội đài trung"
"https://khangvuongbooking.com/gia-ve-may-bay-ha-noi-di-denver-den-my-thang-11-12/","/gia-ve-may-bay-ha-noi-di-denver-den-my-thang-11-12","0","249","0","26.53012048192771","false","","0","","needs_mapping_review","3","vé máy bay đi denver | vé máy bay từ hà nội đi denver | ve may bay di my thang 11"
"https://khangvuongbooking.com/dat-mua-ve-may-bay-japan-airlines-di-chicago/","/dat-mua-ve-may-bay-japan-airlines-di-chicago","0","246","0","48.22357723577236","true","/ve-may-bay","0","","mapping_defined_unverified","4","vé máy bay đi chicago | vé máy bay từ hà nội đi chicago | vé máy bay từ tp hồ chí minh đi chicago | vé máy bay đi nhật japan airline"
"https://khangvuongbooking.com/dat-mua-ve-san-francisco-my-ve-ho-chi-minh-ha-noi-gia-re/","/dat-mua-ve-san-francisco-my-ve-ho-chi-minh-ha-noi-gia-re","0","244","0","12.245901639344263","false","","0","","needs_mapping_review","5","ve may bay san francisco ve viet nam | ve may bay di san francisco | hãng hàng không nào khai thác chuyến bay từ san francisco đến hà nội? | khang vuong booking | nên bay hãng hàng không nào từ san francisco đến hà nội?"
"https://khangvuongbooking.com/dat-ve-may-bay-ha-noi-di-austin-my-thang-7/","/dat-ve-may-bay-ha-noi-di-austin-my-thang-7","0","244","0","33.459016393442624","false","","0","","needs_mapping_review","4","vé máy bay đi austin | vé máy bay hà nội đi mỹ | site:khangvuongbooking.com | my austin và bà nội"
"https://khangvuongbooking.com/dat-mua-ve-may-bay-china-airlines-di-boston/","/dat-mua-ve-may-bay-china-airlines-di-boston","0","240","0","37","true","/ve-may-bay","0","","mapping_defined_unverified","5","vé máy bay đi boston | boston cách việt nam bao nhiêu tiếng | china boston | ve may bay china airlines di my | vé máy bay từ hà nội đi boston"
"https://khangvuongbooking.com/dat-mua-ve-may-bay-eva-air-di-washington/","/dat-mua-ve-may-bay-eva-air-di-washington","0","240","0","51.979166666666664","true","/ve-may-bay","0","","mapping_defined_unverified","5","ve may bay eva air di my | vé máy bay đi washington | vé máy bay đi washington dc | vé máy bay đi mỹ giá rẻ eva air | giá vé máy bay eva đi mỹ"
"https://khangvuongbooking.com/ve-may-bay-ho-chi-minh-di-jeju-han-quoc-gia-re/","/ve-may-bay-ho-chi-minh-di-jeju-han-quoc-gia-re","0","239","0","27.640167364016737","false","","0","","needs_mapping_review","5","vé máy bay đi jeju | vé máy bay đi jeju hàn quốc | chuyến bay thẳng từ hcm đến jeju | vé máy bay từ seoul đi jeju | vé máy bay đi đảo jeju hàn quốc"
"https://khangvuongbooking.com/dat-ve-may-bay-ha-noi-di-phoenix-arizona-my-thang-7/","/dat-ve-may-bay-ha-noi-di-phoenix-arizona-my-thang-7","0","236","0","31.139830508474578","false","","0","","needs_mapping_review","4","vé máy bay đi phoenix | khách sạn gần nhà ga amsterdam rai | vé máy bay từ hà nội đi phoenix | hà my phonenix"
"https://khangvuongbooking.com/ban-ve-ha-noi-di-honolulu-my-thang-10/","/ban-ve-ha-noi-di-honolulu-my-thang-10","0","231","0","27.463203463203463","true","/hang-bay","0","","mapping_defined_unverified","3","vé máy bay đi honolulu | vé máy bay từ hà nội đi honolulu | site:khangvuongbooking.com"
"https://khangvuongbooking.com/dat-ve-may-bay-ha-noi-di-chicago-my-thang-8/","/dat-ve-may-bay-ha-noi-di-chicago-my-thang-8","0","230","0","18.839130434782607","false","","0","","needs_mapping_review","5","vé máy bay từ hà nội đi chicago | vé máy bay đi chicago | vé máy bay từ chicago về việt nam | vé máy bay đi mỹ tháng 8 | 8h chicago"
"https://khangvuongbooking.com/doi-ve-may-bay-royal-brunei-airlines/","/doi-ve-may-bay-royal-brunei-airlines","0","230","0","21.743478260869566","true","/doi-ngay-ve","0","","mapping_defined_unverified","1","vé máy bay đi brunei"
"https://khangvuongbooking.com/dat-ve-may-bay-ha-noi-di-san-jose-my-thang-8/","/dat-ve-may-bay-ha-noi-di-san-jose-my-thang-8","0","229","0","27.8646288209607","false","","0","","needs_mapping_review","5","vé máy bay đi san jose | ve may bay di my thang 8 | sân bay quốc tế san jose | vé máy bay hà nội đi mỹ | vé máy bay đi mỹ tháng 8"
"https://khangvuongbooking.com/ve-may-bay-eva-air/","/ve-may-bay-eva-air","0","228","0","58.32017543859649","true","/ve-may-bay","0","","mapping_defined_unverified","5","dai ly eva air | ve may bay eva air | đại lý eva air | vé máy bay eva đi đài loan | vé máy bay đi đài loan eva"
"https://khangvuongbooking.com/ban-ve-sai-gon-tp-hcm-di-boston-my-thang-10/","/ban-ve-sai-gon-tp-hcm-di-boston-my-thang-10","0","227","0","14.066079295154186","false","","0","","needs_mapping_review","4","vé máy bay sài gòn boston | sgn bos | vé máy bay đi boston | tp boston"
"https://khangvuongbooking.com/dat-mua-ve-may-bay-ha-noi-di-san-jose-my/","/dat-mua-ve-may-bay-ha-noi-di-san-jose-my","0","227","0","20.24229074889868","false","","0","","needs_mapping_review","2","vé máy bay đi san jose | sân bay san jose"
"https://khangvuongbooking.com/gia-ve-may-bay-ha-noi-di-san-francisco-sfo-my-thang-11-12/","/gia-ve-may-bay-ha-noi-di-san-francisco-sfo-my-thang-11-12","0","227","0","28.378854625550662","false","","0","","needs_mapping_review","3","ve may bay di san francisco | vé máy bay từ hà nội đi san francisco | hà nội"
"https://khangvuongbooking.com/ve-may-bay-da-nang-di-seoul-han-quoc-gia-re/","/ve-may-bay-da-nang-di-seoul-han-quoc-gia-re","0","227","0","28.779735682819382","false","","0","","needs_mapping_review","5","vé máy bay đà nẵng seoul | vé máy bay đà nẵng hàn quốc | vé máy bay đà nẵng incheon | vé máy bay từ đà nẵng đi hàn quốc | vé máy bay đà nẵng đi hàn quốc"
"https://khangvuongbooking.com/ve-may-bay-di-tp-hcm/","/ve-may-bay-di-tp-hcm","0","227","0","62.54625550660793","true","/ve-may-bay","0","","mapping_defined_unverified","5","vé máy bay đi tphcm | vé máy bay đi hcm | vé máy bay đi hồ chí minh | vé máy bay thành phố hồ chí minh | ve may bay saigon nha trang"
"https://khangvuongbooking.com/dat-mua-ve-may-bay-da-nang-di-my-thang-9/","/dat-mua-ve-may-bay-da-nang-di-my-thang-9","0","225","0","21.746666666666666","true","/ve-may-bay","0","","mapping_defined_unverified","3","vé máy bay đà nẵng đi mỹ | vé máy bay từ mỹ về đà nẵng | vé máy bay đà nẵng hà nội tháng 9"
"https://khangvuongbooking.com/dat-ve-may-bay-sai-gon-tp-hcm-di-miami-florida-my-thang-7/","/dat-ve-may-bay-sai-gon-tp-hcm-di-miami-florida-my-thang-7","0","222","0","21.666666666666668","true","/ve-may-bay","0","","mapping_defined_unverified","5","vé máy bay đi miami | vé máy bay đi havana | vé máy bay từ mỹ đi cuba | vé máy bay đi florida mỹ | florida mỹ"
"https://khangvuongbooking.com/dat-mua-ve-may-bay-da-nang-di-my-thang-10/","/dat-mua-ve-may-bay-da-nang-di-my-thang-10","0","222","0","22.283783783783782","false","","0","","needs_mapping_review","1","vé máy bay từ mỹ về đà nẵng"
"https://khangvuongbooking.com/dat-mua-ve-may-bay-da-nang-di-my-pho-thong/","/dat-mua-ve-may-bay-da-nang-di-my-pho-thong","0","221","0","17.3710407239819","false","","0","","needs_mapping_review","2","vé máy bay đà nẵng đi mỹ | vé máy bay đi mỹ california"
"https://khangvuongbooking.com/vietjet-air-mo-duong-bay-thang-tu-ho-chi-minh-di-nagoya-fukuoka/","/vietjet-air-mo-duong-bay-thang-tu-ho-chi-minh-di-nagoya-fukuoka","0","219","0","36.054794520547944","true","/hang-bay","0","","mapping_defined_unverified","4","vé máy bay đi nagoya | vé máy bay đi nagoya nhật bản | chuyến bay tp. hồ chí minh nagoya | giá vé máy bay tp. hồ chí minh nagoya"
"https://khangvuongbooking.com/dat-mua-ve-may-bay-japan-airlines-di-dallas-texas/","/dat-mua-ve-may-bay-japan-airlines-di-dallas-texas","0","215","0","49.03720930232558","true","/ve-may-bay","0","","mapping_defined_unverified","5","vé máy bay đi dallas | vé máy bay đi mỹ texas | vé máy bay đi dallas-fort worth | japan to texas | xin tên"
"https://khangvuongbooking.com/ve-may-bay-da-nang-di-dai-bac-dai-loan-gia-re/","/ve-may-bay-da-nang-di-dai-bac-dai-loan-gia-re","0","213","0","41.82629107981221","false","","0","","needs_mapping_review","5","vé máy bay đà nẵng đi đài loan | vé máy bay đà nẵng đài loan | vé máy bay từ đà nẵng đi đài bắc | vé máy bay đài loan đà nẵng | vé máy bay đà nẵng đi đài loan vé máy bay đi đài bắc"
"https://khangvuongbooking.com/dat-ve-may-bay-ha-noi-di-boston-my-thang-7/","/dat-ve-may-bay-ha-noi-di-boston-my-thang-7","0","211","0","43.40284360189573","true","/ve-may-bay","0","","mapping_defined_unverified","3","vé máy bay đi boston | vé máy bay từ hà nội đi boston | site:khangvuongbooking.com"
"https://khangvuongbooking.com/dat-ve-may-bay-ha-noi-di-austin-my-thang-8/","/dat-ve-may-bay-ha-noi-di-austin-my-thang-8","0","210","0","28.69047619047619","false","","0","","needs_mapping_review","4","vé máy bay đi austin | ve may bay di my thang 8 | site:khangvuongbooking.com | vé máy bay hà nội đi mỹ"
"https://khangvuongbooking.com/mua-them-hanh-ly-china-airlines-di-washington-my/","/mua-them-hanh-ly-china-airlines-di-washington-my","0","209","0","3.851674641148325","false","","0","","needs_mapping_review","3","mua hanh ly china airlines | site:khangvuongbooking.com | mua thêm hành lý china airlines"
"https://khangvuongbooking.com/vietjet-air-mo-ban-2-trieu-ve-0-dong-phuc-vu-duong-bay-mua/","/vietjet-air-mo-ban-2-trieu-ve-0-dong-phuc-vu-duong-bay-mua","0","208","0","65.3125","true","/cam-nang-bay","0","","mapping_defined_unverified","5","vé máy bay 0 đồng | vietjet 0 đồng | săn vé 0 đồng | vé 0 đồng vietjet | vietjet vé 0 đồng"
"https://khangvuongbooking.com/ve-may-bay-di-dai-trung-dai-loan/","/ve-may-bay-di-dai-trung-dai-loan","0","205","0","42.71707317073171","false","","0","","needs_mapping_review","5","đặt vé máy bay đi đài trung | vé máy bay đi đài trung | hình ảnh vé máy bay đi đài loan | vé máy bay đi đài trung đài loan | vé máy bay đi đài loan bao nhiêu tiền"
"https://khangvuongbooking.com/dat-mua-ve-may-bay-ha-noi-di-washington-my/","/dat-mua-ve-may-bay-ha-noi-di-washington-my","0","203","0","32.92118226600985","true","/ve-may-bay","0","","mapping_defined_unverified","4","vé máy bay đi washington | vé máy bay đi washington dc | vé máy bay washington sài gòn | vé máy bay đi washington arlington"
"https://khangvuongbooking.com/dat-mua-ve-may-bay-da-nang-di-my-thang-11/","/dat-mua-ve-may-bay-da-nang-di-my-thang-11","0","202","0","31.980198019801982","false","","0","","needs_mapping_review","5","vé máy bay đà nẵng hà nội tháng 11 | site:khangvuongbooking.com | vé máy bay hà nội đà nẵng tháng 11 | vé máy bay đà nẵng đi hàn quốc | vé máy bay đà nẵng đi mỹ"
"https://khangvuongbooking.com/chuyen-bay-ha-noi-di-an-do-thang-1-2-3/","/chuyen-bay-ha-noi-di-an-do-thang-1-2-3","0","199","0","10.93467336683417","false","","0","","needs_mapping_review","4","từ vn bay qua ấn độ bao nhiêu tiếng | bay từ hà nội đi ấn độ mất bao lâu | máy bay phú yên | máy bay ấn độ"
"https://khangvuongbooking.com/ve-may-bay-ho-chi-minh-di-perth-uc/","/ve-may-bay-ho-chi-minh-di-perth-uc","0","197","0","39.40609137055838","false","","0","","needs_mapping_review","5","vé máy bay đi perth | vé máy bay đi perth úc | vé máy bay hà nội perth | vé máy bay perth sài gòn | sân bay perth"
"https://khangvuongbooking.com/dat-mua-ve-may-bay-eva-air-di-san-francisco/","/dat-mua-ve-may-bay-eva-air-di-san-francisco","0","194","0","24.15979381443299","true","/ve-may-bay","0","","mapping_defined_unverified","5","vé máy bay đi mỹ california eva | eva airline vé máy bay đi mỹ california rẻ | vé máy bay đi san francisco | vé máy bay đi mỹ giá rẻ eva air | vé máy bay đi mỹ eva air"
"https://khangvuongbooking.com/dat-ve-may-bay-ha-noi-di-san-francisco-my-thang-7/","/dat-ve-may-bay-ha-noi-di-san-francisco-my-thang-7","0","191","0","22.69633507853403","true","/ve-may-bay","0","","mapping_defined_unverified","4","vé máy bay từ hà nội đi san francisco | ve may bay di san francisco | vé máy bay từ san francisco đi hà nội | ve may bay di san francisco my"
"https://khangvuongbooking.com/chuyen-bay-ha-noi-di-houston-my-thang-9/","/chuyen-bay-ha-noi-di-houston-my-thang-9","0","189","0","11.724867724867725","false","","0","","needs_mapping_review","2","vé may bay từ hà nội đi houston | vé máy bay từ hà nội đi houston"
"https://khangvuongbooking.com/ve-may-bay-vietjet-air/","/ve-may-bay-vietjet-air","0","185","0","16.308108108108108","true","/ve-may-bay","0","","mapping_defined_unverified","5","site:khangvuongbooking.com | hotline vietjet | đại lý vé máy bay vietjet tại vĩnh long | booking vietjet air | vietjet hotline"
"https://khangvuongbooking.com/china-airlines-giam-gia-len-den-25-chuyen-bay-di-dai-bac/","/china-airlines-giam-gia-len-den-25-chuyen-bay-di-dai-bac","0","184","0","27.46195652173913","true","/khuyen-mai","0","","mapping_defined_unverified","3","china airlines đi đài bắc | ci786 | dai ly china air"
"https://khangvuongbooking.com/dat-mua-ve-may-bay-china-airlines-di-san-jose/","/dat-mua-ve-may-bay-china-airlines-di-san-jose","0","181","0","39.32044198895028","true","/ve-may-bay","0","","mapping_defined_unverified","4","vé máy bay đi san jose | vé máy bay đi costa rica | ban ve may bay san jose | ve may bay china airlines di my"
"https://khangvuongbooking.com/ve-may-bay-ha-noi-di-montreal-canada/","/ve-may-bay-ha-noi-di-montreal-canada","0","177","0","21.06779661016949","false","","0","","needs_mapping_review","5","vé máy bay đi montreal | vé máy bay từ hà nội đi montreal | site:khangvuongbooking.com | vé máy bay đi montreal canada | giá vé máy bay từ hà nội đi canada"
"https://khangvuongbooking.com/ve-may-bay-di-ca-mau/","/ve-may-bay-di-ca-mau","0","176","0","87.69886363636364","true","/ve-may-bay","0","","mapping_defined_unverified","5","đại lý vé máy bay vietnam tại cà mau | giá vé máy bay từ hà nội đi cà mau | sân chim chà là | site:khangvuongbooking.com | vé máy bay hà nội đi cà mau"
"https://khangvuongbooking.com/ve-may-bay-da-nang-di-trung-khanh/","/ve-may-bay-da-nang-di-trung-khanh","0","170","0","16.517647058823528","true","/ve-may-bay","0","","mapping_defined_unverified","2","site:khangvuongbooking.com | vé máy bay đà nẵng trung quốc"
"https://khangvuongbooking.com/dat-ve-may-bay-sai-gon-tp-hcm-di-miami-florida-my-thang-8/","/dat-ve-may-bay-sai-gon-tp-hcm-di-miami-florida-my-thang-8","0","169","0","20.37869822485207","false","","0","","needs_mapping_review","5","vé máy bay đi miami | vé máy bay đi florida mỹ | vé máy bay từ tp. hồ chí minh đi miami | sg miami | florida mỹ"
"https://khangvuongbooking.com/dat-mua-ve-may-bay-da-nang-di-orlando-florida-my/","/dat-mua-ve-may-bay-da-nang-di-orlando-florida-my","0","169","0","22.224852071005916","true","/ve-may-bay","0","","mapping_defined_unverified","2","vé máy bay đi orlando | vé máy bay từ hà nội đi orlando"
"https://khangvuongbooking.com/dat-mua-ve-may-bay-air-china-di-san-francisco/","/dat-mua-ve-may-bay-air-china-di-san-francisco","0","168","0","61.660714285714285","true","/ve-may-bay","0","","mapping_defined_unverified","5","vé máy bay đi san francisco | vé máy bay từ hà nội đi san francisco | vé máy bay từ tp hồ chí minh đi san francisco | vé máy bay air china | doi ve air china"
"https://khangvuongbooking.com/ve-may-bay-da-nang-di-jeju-han-quoc-gia-re/","/ve-may-bay-da-nang-di-jeju-han-quoc-gia-re","0","167","0","19.017964071856287","false","","0","","needs_mapping_review","4","vé máy bay đà nẵng jeju | vé máy bay đi đảo jeju hàn quốc | tour du lịch đảo jeju từ đà nẵng | giá vé đi đảo jeju hàn quốc"
"https://khangvuongbooking.com/dat-mua-ve-may-bay-da-nang-di-my-thang-7/","/dat-mua-ve-may-bay-da-nang-di-my-thang-7","0","166","0","16.457831325301207","false","","0","","needs_mapping_review","1","ve di my thang 7"
"https://khangvuongbooking.com/tag/ve-may-bay-tet-khuyen-mai/","/tag/ve-may-bay-tet-khuyen-mai","0","166","0","45.89156626506024","true","/khuyen-mai","0","","mapping_defined_unverified","5","vé máy bay giá rẻ tết 2023 | khuyến mãi vé máy bay tết | vé máy bay tết 2023 | săn vé máy bay giá rẻ tết 2021 | giá vé máy bay tết 2023"
"https://khangvuongbooking.com/giam-15-moi-thu-3-bay-quoc-te-cung-vietnam-airlines/","/giam-15-moi-thu-3-bay-quoc-te-cung-vietnam-airlines","0","165","0","10.636363636363637","true","/hang-bay","0","","mapping_defined_unverified","2","thu3quada | site:khangvuongbooking.com"
"https://khangvuongbooking.com/dat-mua-ve-may-bay-eva-air-di-los-angeles/","/dat-mua-ve-may-bay-eva-air-di-los-angeles","0","164","0","41.03658536585366","true","/ve-may-bay","0","","mapping_defined_unverified","5","eva airline vé máy bay đi mỹ california rẻ | vé máy bay đi mỹ california eva | ve may bay eva air di my | vé máy bay đi mỹ hãng eva air | vé máy bay eva air đi mỹ"
"https://khangvuongbooking.com/dat-ve-may-bay-ha-noi-di-san-jose-my-thang-7/","/dat-ve-may-bay-ha-noi-di-san-jose-my-thang-7","0","161","0","22.11801242236025","false","","0","","needs_mapping_review","1","ve di my thang 7"
"https://khangvuongbooking.com/dat-ve-may-bay-ha-noi-di-dallas-texas-my-thang-8/","/dat-ve-may-bay-ha-noi-di-dallas-texas-my-thang-8","0","161","0","25.850931677018632","true","/ve-may-bay","0","","mapping_defined_unverified","5","vé máy bay đi dallas | vé máy bay từ hà nội đi dallas | vé máy bay đi texas mỹ | korean air | vé máy bay đi mỹ texas"
"https://khangvuongbooking.com/ban-ve-ha-noi-di-miami-florida-my-thang-10/","/ban-ve-ha-noi-di-miami-florida-my-thang-10","0","159","0","19.29559748427673","true","/hang-bay","0","","mapping_defined_unverified","1","vé máy bay đi miami"
"https://khangvuongbooking.com/ban-ve-sai-gon-tp-hcm-di-chicago-my-thang-10/","/ban-ve-sai-gon-tp-hcm-di-chicago-my-thang-10","0","158","0","15.689873417721518","false","","0","","needs_mapping_review","3","vé máy bay từ tp hồ chí minh đi chicago | vé máy bay từ chicago về việt nam | vé máy bay đi chicago"
"https://khangvuongbooking.com/ban-ve-ha-noi-di-houston-my-thang-10/","/ban-ve-ha-noi-di-houston-my-thang-10","0","158","0","25.481012658227847","false","","0","","needs_mapping_review","4","vé máy bay đi houston | vé may bay từ hà nội đi houston | thủ phủ texas | từ cần điền"
"https://khangvuongbooking.com/dat-mua-ve-may-bay-da-nang-di-new-york-my/","/dat-mua-ve-may-bay-da-nang-di-new-york-my","0","156","0","22.897435897435898","false","","0","","needs_mapping_review","3","vé máy bay từ mỹ về đà nẵng | site:khangvuongbooking.com | ve may bay di new york"
"https://khangvuongbooking.com/tre-em-di-may-bay-vietnam-airlines-va-nhung-dieu-can-biet/","/tre-em-di-may-bay-vietnam-airlines-va-nhung-dieu-can-biet","0","155","0","13.425806451612903","true","/hang-bay","0","","mapping_defined_unverified","5","vé máy bay vietnam airline trẻ em | trẻ em dưới 2 tuổi đi máy bay vietnam airline | thủ tục cho trẻ em đi máy bay vietnam airline | trẻ em dưới 12 tuổi đi máy bay vietnam airline | giá vé máy bay trẻ em của vietnam airline"
"https://khangvuongbooking.com/chuyen-bay-sai-gon-tp-hcm-di-san-francisco-my-thang-9/","/chuyen-bay-sai-gon-tp-hcm-di-san-francisco-my-thang-9","0","155","0","14.883870967741936","false","","0","","needs_mapping_review","3","ve may bay san francisco ve viet nam | site:khangvuongbooking.com | vé máy bay san francisco sài gòn"
"https://khangvuongbooking.com/doi-ve-may-bay-kenya-airlines/","/doi-ve-may-bay-kenya-airlines","0","152","0","18.467105263157894","true","/doi-ngay-ve","0","","mapping_defined_unverified","1","vé máy bay đi kenya"
"https://khangvuongbooking.com/dat-ve-may-bay-sai-gon-tp-hcm-di-austin-my-thang-7/","/dat-ve-may-bay-sai-gon-tp-hcm-di-austin-my-thang-7","0","152","0","29.43421052631579","false","","0","","needs_mapping_review","1","vé máy bay đi austin"
"https://khangvuongbooking.com/dat-mua-ve-may-bay-sai-gon-di-new-york-my/","/dat-mua-ve-may-bay-sai-gon-di-new-york-my","0","152","0","34.776315789473685","true","/ve-may-bay","0","","mapping_defined_unverified","5","vé máy bay new york sài gòn | vé máy bay geneva sài gòn | vé máy bay từ tphcm đi new york | vé máy bay từ tp hồ chí minh đi new york | vé máy bay sài gòn đi mỹ"
"https://khangvuongbooking.com/ve-may-bay-da-nang-di-daegu-han-quoc-gia-re/","/ve-may-bay-da-nang-di-daegu-han-quoc-gia-re","0","151","0","22.62251655629139","false","","0","","needs_mapping_review","5","vé máy bay đi daegu | vé máy bay đà nẵng hàn quốc | vé máy bay từ đà nẵng đi hàn quốc | vé máy bay đà nẵng đi hàn quốc | daegu cách seoul bao xa"
"https://khangvuongbooking.com/gia-ve-may-bay-ha-noi-di-houston-iah-my-thang-11-12/","/gia-ve-may-bay-ha-noi-di-houston-iah-my-thang-11-12","0","151","0","30.543046357615893","false","","0","","needs_mapping_review","5","vé máy bay đi houston | vé may bay từ hà nội đi houston | vé máy bay đi texas | sân bay houston texas | vé máy bay từ houston về việt nam"
"https://khangvuongbooking.com/gia-ve-may-bay-ha-noi-di-atlanta-atl-my-thang-11-12/","/gia-ve-may-bay-ha-noi-di-atlanta-atl-my-thang-11-12","0","151","0","32.58278145695364","false","","0","","needs_mapping_review","1","vé máy bay đi atlanta"
"https://khangvuongbooking.com/dat-mua-ve-may-bay-da-nang-di-san-jose-my/","/dat-mua-ve-may-bay-da-nang-di-san-jose-my","0","150","0","9.9","false","","0","","needs_mapping_review","1","vé máy bay đi san jose"
"https://khangvuongbooking.com/ban-ve-ha-noi-di-boston-my-thang-10/","/ban-ve-ha-noi-di-boston-my-thang-10","0","150","0","23.226666666666667","false","","0","","needs_mapping_review","2","vé máy bay từ hà nội đi boston | vé máy bay đi boston mỹ"
"https://khangvuongbooking.com/dat-mua-ve-may-bay-ha-noi-di-miami-florida-my/","/dat-mua-ve-may-bay-ha-noi-di-miami-florida-my","0","150","0","23.226666666666667","true","/ve-may-bay","0","","mapping_defined_unverified","5","vé máy bay đi miami | vé máy bay đi florida mỹ | miami thuộc nước nào | sân bay miami | tiểu bang miami"
"https://khangvuongbooking.com/gia-ve-may-bay-ha-noi-di-boston-bos-my-thang-11-12/","/gia-ve-may-bay-ha-noi-di-boston-bos-my-thang-11-12","0","149","0","31.38255033557047","false","","0","","needs_mapping_review","3","vé máy bay đi boston | vé máy bay đi boston mỹ | vé máy bay từ hà nội đi boston"
"https://khangvuongbooking.com/dat-mua-ve-may-bay-da-nang-di-my-thang-12/","/dat-mua-ve-may-bay-da-nang-di-my-thang-12","0","148","0","15.182432432432432","false","","0","","needs_mapping_review","2","ve may bay di mỹ thang 12 | vé máy bay đà nẵng hà nội tháng 12"
"https://khangvuongbooking.com/dat-mua-ve-may-bay-di-thai-lan-tai-air-asia-giam-toi-20-gia-ve/","/dat-mua-ve-may-bay-di-thai-lan-tai-air-asia-giam-toi-20-gia-ve","0","148","0","46.12162162162162","true","/ve-may-bay","0","","mapping_defined_unverified","5","vé máy bay đi thái lan air asia | 12go.asia vé máy bay giá rẻ thái lan | thai airasia đi bangkok | book vé thái lan | vé máy bay giá rẻ đi thái lan air asia"
"https://khangvuongbooking.com/ve-may-bay-china-airlines/","/ve-may-bay-china-airlines","0","145","0","49.772413793103446","true","/ve-may-bay","0","","mapping_defined_unverified","5","china airlines đánh giá | ve may bay china airlines di my | site:khangvuongbooking.com | vé máy bay china airlines | china airlines ha noi"
"https://khangvuongbooking.com/ve-may-bay-da-nang-di-tay-an/","/ve-may-bay-da-nang-di-tay-an","0","144","0","12.319444444444445","true","/ve-may-bay","0","","mapping_defined_unverified","1","vé máy bay đi tây an"
"https://khangvuongbooking.com/dat-mua-ve-may-bay-sai-gon-di-los-angeles-my/","/dat-mua-ve-may-bay-sai-gon-di-los-angeles-my","0","140","0","29.764285714285716","true","/ve-may-bay","0","","mapping_defined_unverified","5","vé máy bay đi los angeles | vé máy bay sài gòn los angeles | vé máy bay los angeles sài gòn | vé máy bay đi mỹ california | ve may bay di los angeles"
"https://khangvuongbooking.com/dat-ve-may-bay-ha-noi-di-ohio-my-thang-8/","/dat-ve-may-bay-ha-noi-di-ohio-my-thang-8","0","139","0","13.66906474820144","false","","0","","needs_mapping_review","4","site:khangvuongbooking.com | vé máy bay từ hà nội đi cleveland | từ sân bay hà nội | vé máy bay đi cleveland"
"https://khangvuongbooking.com/dat-mua-ve-may-bay-starlux-airlines-di-orlando-florida/","/dat-mua-ve-may-bay-starlux-airlines-di-orlando-florida","0","137","0","33.56204379562044","true","/ve-may-bay","0","","mapping_defined_unverified","1","vé máy bay đi orlando"
"https://khangvuongbooking.com/san-ve-may-bay-tet-2023-vietnam-airlines-tu-666k/","/san-ve-may-bay-tet-2023-vietnam-airlines-tu-666k","0","136","0","61.14705882352941","true","/ve-may-bay","0","","mapping_defined_unverified","5","vé máy bay tết 2023 | vé máy bay giá rẻ tết 2023 | site:khangvuongbooking.com | vé máy bay tết vietnam airlines | giá vé máy bay tết 2023"
"https://khangvuongbooking.com/chuyen-bay-ha-noi-di-los-angeles-my-thang-9/","/chuyen-bay-ha-noi-di-los-angeles-my-thang-9","0","132","0","17.03030303030303","false","","0","","needs_mapping_review","5","han lax | vé máy bay từ hà nội đi los angeles | vé máy bay hà nội los angeles | ve may bay di los angeles | ve may bay di my thang 9"
"https://khangvuongbooking.com/dat-mua-ve-dallas-my-ve-ho-chi-minh-ha-noi-gia-re/","/dat-mua-ve-dallas-my-ve-ho-chi-minh-ha-noi-gia-re","0","132","0","17.53787878787879","true","/cam-nang-bay","0","","mapping_defined_unverified","5","vé máy bay từ dallas về việt nam | vé máy bay đi dallas | flight from dallas to ho chi minh | khang vuong booking | dallas to ho chi minh"
"https://khangvuongbooking.com/tag/ve-may-bay-cebu-pacific/","/tag/ve-may-bay-cebu-pacific","0","132","0","40.50757575757576","true","/ve-may-bay","0","","mapping_defined_unverified","4","vé máy bay đi cebu | vé máy bay đi philippines cebu pacific | vé máy bay cebu pacific | site:khangvuongbooking.com"
"https://khangvuongbooking.com/ve-may-bay-ho-chi-minh-di-daegu-han-quoc-gia-re/","/ve-may-bay-ho-chi-minh-di-daegu-han-quoc-gia-re","0","130","0","15.753846153846155","false","","0","","needs_mapping_review","2","vé máy bay đi daegu | sân bay daegu"
"https://khangvuongbooking.com/dat-ve-may-bay-ha-noi-di-orlando-florida-my-thang-7/","/dat-ve-may-bay-ha-noi-di-orlando-florida-my-thang-7","0","129","0","23.093023255813954","true","/ve-may-bay","0","","mapping_defined_unverified","4","vé máy bay từ hà nội đi orlando | vé máy bay đi orlando | vé máy bay đi florida mỹ | o to orlando moi"
"https://khangvuongbooking.com/dat-mua-ve-may-bay-nippon-airways-di-los-angeles/","/dat-mua-ve-may-bay-nippon-airways-di-los-angeles","0","129","0","39.06201550387597","true","/ve-may-bay","0","","mapping_defined_unverified","5","ve may bay di los angeles | vé máy bay từ hà nội đi los angeles | vé máy bay hà nội los angeles | vé máy bay geneva sài gòn | bán vé máy bay near me"
"https://khangvuongbooking.com/dat-ve-may-bay-sai-gon-tp-hcm-di-chicago-my-thang-8/","/dat-ve-may-bay-sai-gon-tp-hcm-di-chicago-my-thang-8","0","128","0","17.9609375","false","","0","","needs_mapping_review","5","khách sạn tại chicago | vé máy bay từ chicago về việt nam | vé máy bay từ tp. hồ chí minh đi chicago | vé máy bay đi chicago | vé máy bay từ tp hồ chí minh đi chicago"
"https://khangvuongbooking.com/doi-ve-may-bay-thai-lion-air/","/doi-ve-may-bay-thai-lion-air","0","127","0","5.464566929133858","true","/doi-ngay-ve","0","","mapping_defined_unverified","3","change flight thai lion air | thai lion air booking | thai lion air online booking"
"https://khangvuongbooking.com/chuyen-bay-sai-gon-tp-hcm-di-austin-my-thang-9/","/chuyen-bay-sai-gon-tp-hcm-di-austin-my-thang-9","0","126","0","21.476190476190474","true","/hang-bay","0","","mapping_defined_unverified","2","vé máy bay đi austin | vé máy bay từ tp. hồ chí minh đi austin"
"https://khangvuongbooking.com/ban-da-nem-thu-4-mon-mi-ngon-noi-tieng-o-dat-nuoc-nhat-ban-nay-chua/","/ban-da-nem-thu-4-mon-mi-ngon-noi-tieng-o-dat-nuoc-nhat-ban-nay-chua","0","126","0","77.18253968253968","true","/cam-nang-bay","0","","mapping_defined_unverified","5","các loại mì nhật bản | mì nhật | mì nhật bản | mi nhat | mì ngon nhất thế giới"
"https://khangvuongbooking.com/vietnam-airlines-khuyen-mai-ve-may-bay-di-uc-tu-viet-nam/","/vietnam-airlines-khuyen-mai-ve-may-bay-di-uc-tu-viet-nam","0","124","0","48.41935483870968","true","/khuyen-mai","0","","mapping_defined_unverified","5","giá vé máy bay đi úc khứ hồi vietnam airline | giá vé máy bay đi úc của vietnam airline | giá vé máy bay đi úc vietnam airline | vé máy bay từ việt nam sang úc | vé máy bay đi úc vietnam airline"
"https://khangvuongbooking.com/chuyen-bay-ha-noi-di-boston-my-thang-9/","/chuyen-bay-ha-noi-di-boston-my-thang-9","0","123","0","14.146341463414634","false","","0","","needs_mapping_review","3","vé máy bay đi boston | vé máy bay từ hà nội đi boston | vé máy bay hà nội đi mỹ"
"https://khangvuongbooking.com/dat-ve-may-bay-ha-noi-di-miami-florida-my-thang-8/","/dat-ve-may-bay-ha-noi-di-miami-florida-my-thang-8","0","122","0","19.991803278688526","false","","0","","needs_mapping_review","4","vé máy bay đi florida mỹ | vé máy bay đi miami | thuê xe tự lái miami | vé máy bay hà nội đi mỹ"
"https://khangvuongbooking.com/ve-may-bay-ha-noi-di-gwangju-han-quoc-gia-re/","/ve-may-bay-ha-noi-di-gwangju-han-quoc-gia-re","0","121","0","10.710743801652892","true","/ve-may-bay","0","","mapping_defined_unverified","2","sân bay gwangju | vé máy bay đi kwangju"
"https://khangvuongbooking.com/dat-mua-ve-may-bay-japan-airlines-di-seattle/","/dat-mua-ve-may-bay-japan-airlines-di-seattle","0","116","0","43.3448275862069","true","/ve-may-bay","0","","mapping_defined_unverified","1","vé máy bay đi nhật japan airline"
"https://khangvuongbooking.com/ve-may-bay-cac-hang-hang-khong/","/ve-may-bay-cac-hang-hang-khong","0","114","0","15.859649122807017","true","/ve-may-bay","0","","mapping_defined_unverified","5","khang vuong booking | vé máy bay | phòng vé máy bay huỳnh sang booking | vé máy bay các hãng | etihad airways của nước nào"
"https://khangvuongbooking.com/vietnam-airlines-uu-dai-ve-may-bay-di-perth-tu-viet-nam/","/vietnam-airlines-uu-dai-ve-may-bay-di-perth-tu-viet-nam","0","114","0","44.64035087719298","true","/khuyen-mai","0","","mapping_defined_unverified","5","vé máy bay hà nội perth | vé máy bay đi perth úc | vé máy bay đi perth | booking vé máy bay vietnam airlines | vé máy bay perth sài gòn"
"https://khangvuongbooking.com/dat-mua-ve-may-bay-air-china-di-my/","/dat-mua-ve-may-bay-air-china-di-my","0","113","0","15.256637168141593","true","/ve-may-bay","0","","mapping_defined_unverified","2","air china de | china ac"
"https://khangvuongbooking.com/tag/ve-may-bay-di-philippines-gia-re/","/tag/ve-may-bay-di-philippines-gia-re","0","112","0","64.25","true","/ve-may-bay","0","","mapping_defined_unverified","5","vé đi philippines | vé máy bay đi philippines giá rẻ | giá vé máy bay đến philippines | vé máy bay giá rẻ đi philippines | giá vé đi philippines"
"https://khangvuongbooking.com/huong-dan-san-ve-ha-noi-han-di-an-do-thang-4-5-6/","/huong-dan-san-ve-ha-noi-han-di-an-do-thang-4-5-6","0","110","0","9.190909090909091","false","","0","","needs_mapping_review","1","từ việt nam sang ấn độ bao nhiêu tiếng"
"https://khangvuongbooking.com/quy-dinh-hanh-ly-mien-cuoc-va-hanh-ly-tinh-cuoc-vietnam-airlines/","/quy-dinh-hanh-ly-mien-cuoc-va-hanh-ly-tinh-cuoc-vietnam-airlines","0","110","0","10.336363636363636","true","/mua-them-hanh-ly-vietnam-airlines","0","","mapping_defined_unverified","3","hành lý miễn cước là gì | hành lý miễn cước vietnam airline | vé máy bay vietnam airline hành lý"
"https://khangvuongbooking.com/cam-nang-hanh-ly-ky-gui-jetstar-ban-can-biet/","/cam-nang-hanh-ly-ky-gui-jetstar-ban-can-biet","0","110","0","22.027272727272727","true","/mua-them-hanh-ly","0","","mapping_defined_unverified","2","giá hành lý ký gửi jetstar | jetstar hành lý ký gửi"
"https://khangvuongbooking.com/ban-ve-sai-gon-tp-hcm-di-los-angeles-my-thang-10/","/ban-ve-sai-gon-tp-hcm-di-los-angeles-my-thang-10","0","108","0","18.925925925925927","true","/hang-bay","0","","mapping_defined_unverified","3","vé máy bay từ tphcm đi los angeles | ve may bay di my thang 10 | vé máy bay từ tp hồ chí minh đi los angeles"
"https://khangvuongbooking.com/tag/ve-may-bay-ha-noi-di-sydney/","/tag/ve-may-bay-ha-noi-di-sydney","0","107","0","41.6822429906542","true","/ve-may-bay","0","","mapping_defined_unverified","5","vé máy bay hà nội đi sydney | vé máy bay khứ hồi hà nội sydney | vé máy bay giá rẻ hà nội sydney | vé máy bay từ hà nội đi sydney | vé máy bay hà nội sydney khứ hồi vietnam airlines"
"https://khangvuongbooking.com/doi-ve-may-bay-iraero-airlines/","/doi-ve-may-bay-iraero-airlines","0","106","0","5.311320754716981","true","/doi-ngay-ve","0","","mapping_defined_unverified","0",""
"https://khangvuongbooking.com/tim-ve-re-ho-chi-minh-sgn-di-chennai/","/tim-ve-re-ho-chi-minh-sgn-di-chennai","0","106","0","17.056603773584907","false","","0","","needs_mapping_review","5","sgn to maa | vietnam to chennai flight | ho chi minh to chennai | site:khangvuongbooking.com | vietnam to chennai"
"https://khangvuongbooking.com/dat-mua-ve-may-bay-eva-air-di-miami-florida/","/dat-mua-ve-may-bay-eva-air-di-miami-florida","0","106","0","37.575471698113205","true","/ve-may-bay","0","","mapping_defined_unverified","5","vé máy bay đi miami | vé máy bay đi havana | site:khangvuongbooking.com | ve may bay di my eva air | ve may bay hang eva di my"
"https://khangvuongbooking.com/bay-dang-cap-cung-hang-thuong-gia-asiana-gia-chi-tu-2100-usd-khu-hoi/","/bay-dang-cap-cung-hang-thuong-gia-asiana-gia-chi-tu-2100-usd-khu-hoi","0","106","0","44.443396226415096","true","/hang-bay","0","","mapping_defined_unverified","5","đại lý vé máy bay asiana airlines | giá vé hạng thương gia đi hàn quốc | giá vé máy bay hạng thương gia đi hàn quốc | vé máy bay đi hàn quốc hạng thương gia | hang may bay asiana airline"
"https://khangvuongbooking.com/vietnam-airlines-khuyen-mai-giam-20-mung-tan-sinh-vien/","/vietnam-airlines-khuyen-mai-giam-20-mung-tan-sinh-vien","0","106","0","64.19811320754717","true","/khuyen-mai","0","","mapping_defined_unverified","3","mã giảm giá vietnam airline 2020 | site:khangvuongbooking.com | vietnamairlines khuyến mãi"
"https://khangvuongbooking.com/ve-may-bay-di-my-gia-re/page/3/","/ve-may-bay-di-my-gia-re/page/3","0","105","0","22.19047619047619","true","/ve-may-bay","0","","mapping_defined_unverified","1","ve may bay china airlines di my"
"https://khangvuongbooking.com/ve-may-bay-ha-noi-di-daegu-han-quoc-gia-re/","/ve-may-bay-ha-noi-di-daegu-han-quoc-gia-re","0","105","0","23.333333333333332","true","/ve-may-bay","0","","mapping_defined_unverified","2","vé máy bay đi daegu | sân bay daegu"
"https://khangvuongbooking.com/dat-mua-ve-new-york-my-ve-ho-chi-minh-ha-noi-gia-re/","/dat-mua-ve-new-york-my-ve-ho-chi-minh-ha-noi-gia-re","0","103","0","12.145631067961165","false","","0","","needs_mapping_review","1","vé máy bay từ hà nội đi new york"
"https://khangvuongbooking.com/trai-nghiem-du-lich-manila-tu-tuc-cuoi-nam-gia-hap-dan-chi-tu-70-usdchieu/","/trai-nghiem-du-lich-manila-tu-tuc-cuoi-nam-gia-hap-dan-chi-tu-70-usdchieu","0","100","0","30.56","true","/cam-nang-bay","0","","mapping_defined_unverified","5","thuê xe tự lái manila | du lịch philippines tự túc | du lịch manila tự túc | chi phí du lịch philippines tự túc | 5j 752"
"https://khangvuongbooking.com/dat-mua-ve-may-bay-nippon-airways-di-chicago/","/dat-mua-ve-may-bay-nippon-airways-di-chicago","0","100","0","54.58","true","/ve-may-bay","0","","mapping_defined_unverified","4","vé máy bay từ hà nội đi chicago | vé máy bay đi chicago | vé máy bay từ tp hồ chí minh đi chicago | đại lý vé máy bay ana tại tphcm"
"https://khangvuongbooking.com/dat-mua-ve-may-bay-eva-air-di-seattle/","/dat-mua-ve-may-bay-eva-air-di-seattle","0","99","0","20.8989898989899","true","/ve-may-bay","0","","mapping_defined_unverified","3","ve may bay eva air di my | eva seattle | thảm eva near=thuận an -wiki -youtube -tiktok -amazon -""made-in-china"" -alibaba"
"https://khangvuongbooking.com/ve-may-bay-quoc-te/ve-may-bay-di-anh-gia-re/","/ve-may-bay-quoc-te/ve-may-bay-di-anh-gia-re","0","99","0","41.313131313131315","false","","0","","needs_mapping_review","4","vé máy bay đi anh | ve may bay di anh | khang vuong booking | vé máy bay sang anh bao nhiêu"
"https://khangvuongbooking.com/ve-may-bay-da-nang-di-ha-mon/","/ve-may-bay-da-nang-di-ha-mon","0","97","0","13.11340206185567","true","/ve-may-bay","0","","mapping_defined_unverified","1","vé máy bay hà nội hạ môn"
"https://khangvuongbooking.com/vietnam-airlines-mo-ban-lai-chang-bay-giua-viet-nam-va-trung-quoc/","/vietnam-airlines-mo-ban-lai-chang-bay-giua-viet-nam-va-trung-quoc","0","95","0","26.189473684210526","true","/hang-bay","0","","mapping_defined_unverified","5","chuyến bay từ việt nam sang trung quốc | site:khangvuongbooking.com | giá vé máy bay đi trung quốc vietnam airline | vn522 | vn523"
"https://khangvuongbooking.com/tag/phong-ve-khang-vuong-booking/","/tag/phong-ve-khang-vuong-booking","0","93","0","13.78494623655914","true","/cam-nang-bay","0","","mapping_defined_unverified","3","khang vuong booking | site:khangvuongbooking.com | tổng đài booking"
"https://khangvuongbooking.com/dat-mua-ve-may-bay-starlux-airlines-di-san-francisco/","/dat-mua-ve-may-bay-starlux-airlines-di-san-francisco","0","93","0","14.21505376344086","true","/ve-may-bay","0","","mapping_defined_unverified","2","vé máy bay đi san francisco | ve may bay di san francisco"
"https://khangvuongbooking.com/doi-ngay-ve-may-bay-china-airlines-di-miami-my/","/doi-ngay-ve-may-bay-china-airlines-di-miami-my","0","93","0","26.258064516129032","true","/ve-may-bay","0","","mapping_defined_unverified","2","ve may bay china airlines di my | site:khangvuongbooking.com"
"https://khangvuongbooking.com/dat-mua-ve-may-bay-japan-airlines-di-new-york/","/dat-mua-ve-may-bay-japan-airlines-di-new-york","0","93","0","55.215053763440864","true","/ve-may-bay","0","","mapping_defined_unverified","5","vé máy bay từ tp hồ chí minh đi new york | vé máy bay đi new york | vé máy bay từ hà nội đi new york | vé máy bay đi mỹ hãng japan airline | vé máy bay hà nội new york"
"https://khangvuongbooking.com/tag/nhung-quy-dinh-ba-bau-di-may-bay-vietjet-air/","/tag/nhung-quy-dinh-ba-bau-di-may-bay-vietjet-air","0","92","0","16.5","true","/cam-nang-bay","0","","mapping_defined_unverified","3","quy định bay vietjet cho bà bầu | quy định phụ nữ mang thai đi máy bay vietjet | site:khangvuongbooking.com"
"https://khangvuongbooking.com/quy-dinh-moi-nhat-ve-giay-to-tuy-than-khi-di-may-bay/","/quy-dinh-moi-nhat-ve-giay-to-tuy-than-khi-di-may-bay","0","92","0","34.858695652173914","true","/cam-nang-bay","0","","mapping_defined_unverified","5","giấy tờ tùy thân | giấy tờ tùy thân khi đi máy bay | giấy tờ tuỳ thân đi máy bay | giấy tờ tùy thân đi máy bay | site:khangvuongbooking.com"
"https://khangvuongbooking.com/dat-mua-ve-may-bay-japan-airlines-di-washington/","/dat-mua-ve-may-bay-japan-airlines-di-washington","0","90","0","26.555555555555557","true","/ve-may-bay","0","","mapping_defined_unverified","3","vé máy bay đi washington | vé máy bay đi washington dc | vé máy bay đi mỹ hãng japan airline"
"https://khangvuongbooking.com/ve-may-bay-du-hoc-sinh-quang-chau/","/ve-may-bay-du-hoc-sinh-quang-chau","0","89","0","21.685393258426966","false","","0","","needs_mapping_review","5","giá vé máy bay tp. hồ chí minh quảng châu | giá vé máy bayquảng châu tp. hồ chí minh | chuyến bay quảng châu hà nội | vé máy bay khứ hồi đi quảng châu | chuyến bay quảng châu tp. hồ chí minh"
"https://khangvuongbooking.com/doi-ve-may-bay-s7-airlines/","/doi-ve-may-bay-s7-airlines","0","88","0","5.363636363636363","true","/doi-ngay-ve","0","","mapping_defined_unverified","3","site:khangvuongbooking.com | s7 check in | s7 online check in"
"https://khangvuongbooking.com/lam-the-nao-de-hoan-doi-ve-may-bay-jetstar-nhanh/","/lam-the-nao-de-hoan-doi-ve-may-bay-jetstar-nhanh","0","86","0","9.046511627906977","true","/doi-ngay-ve","0","","mapping_defined_unverified","0",""
"https://khangvuongbooking.com/mua-ve-khu-hoi-ha-noi-han-di-an-do-thang-7-8-9/","/mua-ve-khu-hoi-ha-noi-han-di-an-do-thang-7-8-9","0","86","0","16.558139534883722","false","","0","","needs_mapping_review","0",""
"https://khangvuongbooking.com/huong-dan-chi-tiet-cach-xin-visa-du-lich-hong-kong-moi-nhat/","/huong-dan-chi-tiet-cach-xin-visa-du-lich-hong-kong-moi-nhat","0","85","0","41.258823529411764","true","/visa","0","","mapping_defined_unverified","5","đi du lịch hồng kông có cần visa không | chi phí visa hong kong | visa du lich hong kong | cách xin visa hong kong | visa du lịch hong kong có thời hạn bao lâu"
"https://khangvuongbooking.com/dat-mua-ve-may-bay-china-southern-airlines-di-my/","/dat-mua-ve-may-bay-china-southern-airlines-di-my","0","84","0","27.69047619047619","true","/ve-may-bay","0","","mapping_defined_unverified","0",""
"https://khangvuongbooking.com/trai-nghiem-tuyet-voi-cung-air-asia-khi-mua-ve-may-bay-di-thai-lan-voi-gia-chi-tu-33-usd/","/trai-nghiem-tuyet-voi-cung-air-asia-khi-mua-ve-may-bay-di-thai-lan-voi-gia-chi-tu-33-usd","0","84","0","60.11904761904762","true","/ve-may-bay","0","","mapping_defined_unverified","3","vé máy bay đi thái lan air asia | book vé thái lan | book vé máy bay đi thái lan"
"https://khangvuongbooking.com/mua-them-hanh-ly-china-airlines-di-los-angeles/","/mua-them-hanh-ly-china-airlines-di-los-angeles","0","83","0","18.16867469879518","false","","0","","needs_mapping_review","4","mua hanh ly china airlines | mua thêm hành lý china airlines | mua thêm kiện hành lý china airlines | site:khangvuongbooking.com"
"https://khangvuongbooking.com/huong-dan-san-ve-ho-chi-minh-di-mumbai/","/huong-dan-san-ve-ho-chi-minh-di-mumbai","0","83","0","19.927710843373493","false","","0","","needs_mapping_review","3","vé máy bay đi mumbai | mumbai là gì | vé máy bay từ mumbai đi tp. hồ chí minh"
"https://khangvuongbooking.com/cac-hang-hang-khong-viet-nam-cung-cap-dich-vu-gi-tren-chuyen-bay/","/cac-hang-hang-khong-viet-nam-cung-cap-dich-vu-gi-tren-chuyen-bay","0","82","0","27.536585365853657","true","/hang-bay","0","","mapping_defined_unverified","5","thứ được cung cấp trên máy bay | site:khangvuongbooking.com | kể tên những thứ được cung cấp trên chuyến bay | kể tên những thứ được cung cấp trên máy bay | thứ gì được cung cấp trên máy bay"
"https://khangvuongbooking.com/dat-mua-ve-may-bay-starlux-airlines-di-washington/","/dat-mua-ve-may-bay-starlux-airlines-di-washington","0","82","0","30.20731707317073","true","/ve-may-bay","0","","mapping_defined_unverified","2","vé máy bay đi washington | vé máy bay đi washington dc"
"https://khangvuongbooking.com/dat-mua-ve-may-bay-da-nang-di-dallas-texas-my/","/dat-mua-ve-may-bay-da-nang-di-dallas-texas-my","0","81","0","17.59259259259259","true","/ve-may-bay","0","","mapping_defined_unverified","3","vé máy bay đi dallas | vé máy bay đi texas mỹ | vé máy bay đi dallas-fort worth"
"https://khangvuongbooking.com/hoan-doi-ve-may-bay-jetstar-lam-nhu-the-nao/","/hoan-doi-ve-may-bay-jetstar-lam-nhu-the-nao","0","81","0","55.96296296296296","true","/doi-ngay-ve","0","","mapping_defined_unverified","5","phí đổi vé máy bay jetstar | đổi vé máy bay jetstar | hủy vé máy bay jetstar mất bao nhiêu tiền | cách đổi vé máy bay jetstar | phí đổi tên vé máy bay jetstar"
"https://khangvuongbooking.com/ve-may-bay-di-domodedovo-moscow-nga-vietnam-airlines/","/ve-may-bay-di-domodedovo-moscow-nga-vietnam-airlines","0","80","0","15.225","true","/ve-may-bay","0","","mapping_defined_unverified","3","vé máy bay đi moscow domodedovo | vé máy bay đi moscow | vé máy bay moscow hà nội"
"https://khangvuongbooking.com/thu-nam-ruc-ro-uu-dai-bat-ngo-tu-vietnam-airlines/","/thu-nam-ruc-ro-uu-dai-bat-ngo-tu-vietnam-airlines","0","80","0","19.8125","true","/khuyen-mai","0","","mapping_defined_unverified","4","thứ năm rực rỡ | site:khangvuongbooking.com | thứ 5 rực rỡ vietnam airline | thứ 5 rực rỡ"
"https://khangvuongbooking.com/dat-ve-may-bay-sai-gon-tp-hcm-di-atlanta-my-thang-8/","/dat-ve-may-bay-sai-gon-tp-hcm-di-atlanta-my-thang-8","0","80","0","23.625","false","","0","","needs_mapping_review","3","vé máy bay đi atlanta | atlanta | ve di my thang 8"
"https://khangvuongbooking.com/ve-may-bay-di-ha-noi/","/ve-may-bay-di-ha-noi","0","80","0","48.425","true","/ve-may-bay","0","","mapping_defined_unverified","5","book vé máy bay đi hà nội | vé máy bay quảng ngãi hà nội | đặt vé máy bay về hà nội | đặt vé đi hà nội | book vé đi hà nội"
"https://khangvuongbooking.com/goi-y-nhung-dia-diem-mua-sam-ly-tuong-khi-di-du-lich-duc/","/goi-y-nhung-dia-diem-mua-sam-ly-tuong-khi-di-du-lich-duc","0","78","0","9","true","/cam-nang-bay","0","","mapping_defined_unverified","0",""
"https://khangvuongbooking.com/tag/dai-ly-qatar-airwqays/","/tag/dai-ly-qatar-airwqays","0","78","0","16.128205128205128","true","/cam-nang-bay","0","","mapping_defined_unverified","1","dai ly qatar airways"
"https://khangvuongbooking.com/bamboo-airways-khuyen-mai-chao-he-2021-giam-den-25-gia-ve-may-bay/","/bamboo-airways-khuyen-mai-chao-he-2021-giam-den-25-gia-ve-may-bay","0","77","0","45","true","/khuyen-mai","0","","mapping_defined_unverified","5","qh1622 | qh1417 | khuyến mãi bamboo | site:khangvuongbooking.com | qh1414"
"https://khangvuongbooking.com/chuyen-bay-ha-noi-di-san-jose-my-thang-9/","/chuyen-bay-ha-noi-di-san-jose-my-thang-9","0","76","0","20.05263157894737","true","/hang-bay","0","","mapping_defined_unverified","3","vé máy bay đi san jose | site:khangvuongbooking.com | sân bay quốc tế san jose"
"https://khangvuongbooking.com/chuyen-bay-ha-noi-di-austin-my-thang-9/","/chuyen-bay-ha-noi-di-austin-my-thang-9","0","75","0","29.68","true","/hang-bay","0","","mapping_defined_unverified","1","vé máy bay đi austin"
"https://khangvuongbooking.com/kinh-nghiem-mua-ve-ha-noi-di-an-do-thang-10-11-12/","/kinh-nghiem-mua-ve-ha-noi-di-an-do-thang-10-11-12","0","74","0","13.783783783783784","false","","0","","needs_mapping_review","2","site:khangvuongbooking.com | tàu điện"
"https://khangvuongbooking.com/tai-sao-ban-phai-that-day-an-toan-khi-co-den-bao-tren-may-bay/","/tai-sao-ban-phai-that-day-an-toan-khi-co-den-bao-tren-may-bay","0","73","0","7.561643835616438","true","/cam-nang-bay","0","","mapping_defined_unverified","0",""
"https://khangvuongbooking.com/tag/http-khangvuongbooking-com/","/tag/http-khangvuongbooking-com","0","73","0","7.890410958904109","true","/cam-nang-bay","0","","mapping_defined_unverified","2","site:khangvuongbooking.com | khang vuong booking"
"https://khangvuongbooking.com/dich-vu-dat-ve-may-bay-cho-thu-cung-cho-meo-di-miami-my/","/dich-vu-dat-ve-may-bay-cho-thu-cung-cho-meo-di-miami-my","0","73","0","8.027397260273972","true","/ve-thu-cung","0","","mapping_defined_unverified","0",""
"https://khangvuongbooking.com/bang-gia-ve-ho-chi-minh-di-bangalore/","/bang-gia-ve-ho-chi-minh-di-bangalore","0","73","0","10.10958904109589","false","","0","","needs_mapping_review","1","site:khangvuongbooking.com"
"https://khangvuongbooking.com/ban-ve-ha-noi-di-orlando-florida-my-thang-10/","/ban-ve-ha-noi-di-orlando-florida-my-thang-10","0","73","0","31.164383561643834","true","/hang-bay","0","","mapping_defined_unverified","2","vé máy bay đi orlando | vé máy bay từ hà nội đi orlando"
"https://khangvuongbooking.com/dat-mua-ve-may-bay-sai-gon-di-washington-my/","/dat-mua-ve-may-bay-sai-gon-di-washington-my","0","73","0","38.73972602739726","false","","0","","needs_mapping_review","5","vé máy bay washington sài gòn | vé máy bay đi washington | site:khangvuongbooking.com | vé máy bay từ tp. hồ chí minh đi washington | vé máy bay đi washington dc"
"https://khangvuongbooking.com/ve-may-bay-tu-ho-chi-minh-di-tham-quyen/","/ve-may-bay-tu-ho-chi-minh-di-tham-quyen","0","72","0","30.083333333333332","true","/ve-may-bay","0","","mapping_defined_unverified","3","vé máy bay đi thẩm quyến | vé máy bay đi shenzhen | vé máy bay lao động du học giá rẻ"
"https://khangvuongbooking.com/dat-ve-may-bay-ha-noi-di-atlanta-my-thang-8/","/dat-ve-may-bay-ha-noi-di-atlanta-my-thang-8","0","72","0","33.138888888888886","false","","0","","needs_mapping_review","2","vé máy bay đi atlanta | ve di my thang 8"
"https://khangvuongbooking.com/dat-mua-ve-may-bay-china-airlines-di-los-angeles/","/dat-mua-ve-may-bay-china-airlines-di-los-angeles","0","71","0","36.80281690140845","true","/ve-may-bay","0","","mapping_defined_unverified","5","ve may bay china airlines di my | vé máy bay china airlines | vé máy bay china airline | vé máy bay hà nội los angeles | khoảng cách từ hà nội đến los angeles"
"https://khangvuongbooking.com/doi-ve-may-bay-china-airlines-di-new-york/","/doi-ve-may-bay-china-airlines-di-new-york","0","69","0","12.130434782608695","false","","0","","needs_mapping_review","2","doi ve china airlines | đổi vé máy bay china airlines"
"https://khangvuongbooking.com/ve-may-bay-ho-chi-minh-di-cao-hung-dai-loan-gia-re/","/ve-may-bay-ho-chi-minh-di-cao-hung-dai-loan-gia-re","0","69","0","37.130434782608695","false","","0","","needs_mapping_review","4","vé máy bay đi cao hùng | vé máy bay đi cao hùng đài loan | giá vé máy bay đi cao hùng đài loan | vé máy bay hà nội cao hùng"
"https://khangvuongbooking.com/ve-may-bay-quoc-te/ve-may-bay-di-trung-quoc-gia-re/","/ve-may-bay-quoc-te/ve-may-bay-di-trung-quoc-gia-re","0","69","0","44.231884057971016","false","","0","","needs_mapping_review","4","vé máy bay đà nẵng đi quảng châu | vé máy bay đi trùng khánh trung quốc | vé máy bay hà nội đi quảng châu | vé máy bay đi thâm quyến"
"https://khangvuongbooking.com/tag/qatar-airwqays-km-ve-khu-hoi-tu-3200000-vnd/","/tag/qatar-airwqays-km-ve-khu-hoi-tu-3200000-vnd","0","68","0","9.294117647058824","true","/cam-nang-bay","0","","mapping_defined_unverified","5","3200000 | 3,200,000 | 3200000 vnd | 3200000vnd | ¥3,200,000"
"https://khangvuongbooking.com/vietnam-airlines-uu-dai-ve-khu-hoi-da-nang-di-bangkok-chi-tu-699-000d/","/vietnam-airlines-uu-dai-ve-khu-hoi-da-nang-di-bangkok-chi-tu-699-000d","0","68","0","70.92647058823529","true","/khuyen-mai","0","","mapping_defined_unverified","5","vé máy bay đà nẵng băng cốc | vé máy bay hà nội bangkok khứ hồi vietnam airlines | vé máy bay từ đà nẵng đi bangkok | vé máy bay đà nẵng đi bangkok | vé máy bay đà nẵng bangkok"
"https://khangvuongbooking.com/tag/ve-may-bay-asiana-gia-re/","/tag/ve-may-bay-asiana-gia-re","0","66","0","15.409090909090908","true","/ve-may-bay","0","","mapping_defined_unverified","5","vé máy bay đi mỹ hãng asiana airline | đại lý vé máy bay asiana airlines | đặt vé máy bay asiana airlines | 574usd | 543usd"
"https://khangvuongbooking.com/chi-tu-547-usd-ve-khu-hoi-asiana-uu-dai-di-my-cuc-re/","/chi-tu-547-usd-ve-khu-hoi-asiana-uu-dai-di-my-cuc-re","0","66","0","37.303030303030305","true","/khuyen-mai","0","","mapping_defined_unverified","4","vé máy bay đi mỹ hãng asiana airline | 547 usd | vé máy bay đi mỹ asiana airlines | 547usd"
"https://khangvuongbooking.com/ban-ve-ha-noi-di-san-francisco-my-thang-10/","/ban-ve-ha-noi-di-san-francisco-my-thang-10","0","65","0","17.184615384615384","true","/hang-bay","0","","mapping_defined_unverified","2","vé máy bay từ hà nội đi san francisco | ve may bay di my thang 10"
"https://khangvuongbooking.com/dat-mua-ve-may-bay-china-airlines-di-new-york/","/dat-mua-ve-may-bay-china-airlines-di-new-york","0","65","0","41.03076923076923","true","/ve-may-bay","0","","mapping_defined_unverified","5","ve may bay china airlines di my | vé máy bay từ hà nội đi new york | vé máy bay từ tp hồ chí minh đi new york | vé máy bay đi new york | vé máy bay china airlines"
"https://khangvuongbooking.com/ve-tway-air-mot-chieu-bay-han-quoc-gia-re-nhu-mo-chi-tu-132-usd/","/ve-tway-air-mot-chieu-bay-han-quoc-gia-re-nhu-mo-chi-tu-132-usd","0","65","0","62.76923076923077","true","/cam-nang-bay","0","","mapping_defined_unverified","4","vé máy bay đi daegu | t'way air | t'way airlines | tway booking"
"https://khangvuongbooking.com/dat-ve-ho-chi-minh-di-an-do-thang-1-2-3/","/dat-ve-ho-chi-minh-di-an-do-thang-1-2-3","0","64","0","29.21875","false","","0","","needs_mapping_review","2","giá vé máy bay từ sài gòn đi ấn độ | vé máy bay đi ấn độ từ hồ chí minh"
"https://khangvuongbooking.com/dat-mua-ve-may-bay-nippon-airways-di-seattle/","/dat-mua-ve-may-bay-nippon-airways-di-seattle","0","64","0","38.609375","true","/ve-may-bay","0","","mapping_defined_unverified","1","vé máy bay đi seattle"
"https://khangvuongbooking.com/tag/cebu-pacific/","/tag/cebu-pacific","0","63","0","4.317460317460318","true","/cam-nang-bay","0","","mapping_defined_unverified","2","site:khangvuongbooking.com | cebupaccific"
"https://khangvuongbooking.com/quy-dinh-ba-bau-di-may-bay-vietnam-airlines/","/quy-dinh-ba-bau-di-may-bay-vietnam-airlines","0","63","0","24.49206349206349","true","/hang-bay","0","","mapping_defined_unverified","5","vietnam airlines pregnancy policy | quy định bay cho bà bầu vietnam airline | bà bầu đi máy bay có được ưu tiên không | bà bầu đi máy bay vietnam airlines cần giấy to gì | bầu đi máy bay vietnam airlines"
"https://khangvuongbooking.com/vietjet-air-khai-thac-lai-duong-bay-da-lat-di-bangkok-gia-uu-dai/","/vietjet-air-khai-thac-lai-duong-bay-da-lat-di-bangkok-gia-uu-dai","0","63","0","38.06349206349206","true","/khuyen-mai","0","","mapping_defined_unverified","2","vé máy bay đà lạt thái lan | vé vietjet đi thái lan"
"https://khangvuongbooking.com/san-uu-dai-0d-ve-may-bay-di-uc-vietjet-air/","/san-uu-dai-0d-ve-may-bay-di-uc-vietjet-air","0","63","0","44.698412698412696","true","/khuyen-mai","0","","mapping_defined_unverified","2","vé máy bay vietjet đi úc | vé máy bay đi úc vietjet"
"https://khangvuongbooking.com/uu-dai-tron-goi-ve-mot-chieu-chi-tu-75-usd-di-philippines/","/uu-dai-tron-goi-ve-mot-chieu-chi-tu-75-usd-di-philippines","0","63","0","77.07936507936508","true","/khuyen-mai","0","","mapping_defined_unverified","2","vé máy bay đi el nido | vé máy bay đi el nido - palawan"
"https://khangvuongbooking.com/mua-them-hanh-ly-china-airlines-di-san-jose-my/","/mua-them-hanh-ly-china-airlines-di-san-jose-my","0","62","0","4.967741935483871","true","/mua-them-hanh-ly-china-airlines","0","","mapping_defined_unverified","2","mua hanh ly china airlines | mua thêm hành lý china airlines"
"https://khangvuongbooking.com/ve-may-bay-ha-noi-di-dai-loan-gia-re/","/ve-may-bay-ha-noi-di-dai-loan-gia-re","0","62","0","42.354838709677416","true","/ve-may-bay","0","","mapping_defined_unverified","5","vé máy bay từ hà nội đi đài bắc | giá vé máy bay hà nội đài loan | vé máy bay hà nội đài loan | vé máy bay sang đài loan | vé máy bay đi đài loan giá rẻ"
"https://khangvuongbooking.com/sieu-khuyen-mai-vietnam-airlines-giam-75-gia-ve/","/sieu-khuyen-mai-vietnam-airlines-giam-75-gia-ve","0","62","0","65.90322580645162","true","/khuyen-mai","0","","mapping_defined_unverified","1","mã giảm giá vietnam airline 2020"
"https://khangvuongbooking.com/ki-niem-20-nam-qatar-chieu-dai-dai-tiec-ve-khu-hoi-chi-tu-40-900-000-vnd-hap-dan/","/ki-niem-20-nam-qatar-chieu-dai-dai-tiec-ve-khu-hoi-chi-tu-40-900-000-vnd-hap-dan","0","61","0","8.508196721311474","true","/cam-nang-bay","0","","mapping_defined_unverified","0",""
"https://khangvuongbooking.com/mien-phi-30kg-hanh-ly-ky-gui-khi-dat-ve-may-bay-di-nhat-vietjet-air/","/mien-phi-30kg-hanh-ly-ky-gui-khi-dat-ve-may-bay-di-nhat-vietjet-air","0","59","0","10.440677966101696","true","/mua-them-hanh-ly-vietjet-air","0","","mapping_defined_unverified","0",""
"https://khangvuongbooking.com/dat-ve-may-bay-sai-gon-tp-hcm-di-orlando-florida-my-thang-8/","/dat-ve-may-bay-sai-gon-tp-hcm-di-orlando-florida-my-thang-8","0","59","0","23.372881355932204","false","","0","","needs_mapping_review","1","vé máy bay đi orlando"
"https://khangvuongbooking.com/nhung-tac-pham-nghe-thuat-tu-thuc-cuc-ky-thu-vi-va-dep-mat/","/nhung-tac-pham-nghe-thuat-tu-thuc-cuc-ky-thu-vi-va-dep-mat","0","59","0","57.6271186440678","true","/cam-nang-bay","0","","mapping_defined_unverified","1","ẩm thực kỳ thú"
"https://khangvuongbooking.com/bay-dang-cap-cung-qatar-ve-khu-hoi-cuc-thap-tu-3200000-vnd-trong-2-ngay/","/bay-dang-cap-cung-qatar-ve-khu-hoi-cuc-thap-tu-3200000-vnd-trong-2-ngay","0","58","0","13.810344827586206","true","/cam-nang-bay","0","","mapping_defined_unverified","5","3,200,000 | 3200000 | ¥3,200,000 | 3,200,000 vnd | 3200000 vnd"
"https://khangvuongbooking.com/dich-vu-dat-ve-may-bay-cho-thu-cung-cho-meo-di-boston-my/","/dich-vu-dat-ve-may-bay-cho-thu-cung-cho-meo-di-boston-my","0","58","0","53.93103448275862","true","/ve-thu-cung","0","","mapping_defined_unverified","2","dịch vụ vận chuyển chó mèo bắc nam | vận chuyển thú cưng giá rẻ"
"https://khangvuongbooking.com/tag/ve-may-bay-ha-noi-di-yangon/","/tag/ve-may-bay-ha-noi-di-yangon","0","57","0","10.035087719298245","true","/ve-may-bay","0","","mapping_defined_unverified","0",""
"https://khangvuongbooking.com/dat-mua-ve-may-bay-china-southern-airlines-di-san-francisco/","/dat-mua-ve-may-bay-china-southern-airlines-di-san-francisco","0","57","0","30.54385964912281","true","/ve-may-bay","0","","mapping_defined_unverified","2","doi ve china southern | site:khangvuongbooking.com"
"https://khangvuongbooking.com/hao-huc-co-vu-u23-viet-nam-voi-4-mon-an-ngon-tai-thuong-chau/","/hao-huc-co-vu-u23-viet-nam-voi-4-mon-an-ngon-tai-thuong-chau","0","56","0","24.035714285714285","true","/cam-nang-bay","0","","mapping_defined_unverified","2","site:khangvuongbooking.com | món ăn truyền thống của trung quốc"
"https://khangvuongbooking.com/dat-mua-ve-may-bay-china-airlines-di-seattle/","/dat-mua-ve-may-bay-china-airlines-di-seattle","0","55","0","15.218181818181819","true","/ve-may-bay","0","","mapping_defined_unverified","2","site:khangvuongbooking.com | ve may bay china airlines di my"
"https://khangvuongbooking.com/dat-ve-may-bay-ha-noi-di-denver-my-thang-8/","/dat-ve-may-bay-ha-noi-di-denver-my-thang-8","0","55","0","27.727272727272727","false","","0","","needs_mapping_review","2","vé máy bay đi denver | ve di my thang 8"
"https://khangvuongbooking.com/vivu-theo-nhom-vietnam-airlines-khuyen-mai-giam-den-15/","/vivu-theo-nhom-vietnam-airlines-khuyen-mai-giam-den-15","0","55","0","49.38181818181818","true","/khuyen-mai","0","","mapping_defined_unverified","3","booking khuyến mại | vé máy bay vivu | vivu vé máy bay"
"https://khangvuongbooking.com/ve-may-bay-quoc-te/ve-may-bay-di-hong-kong-gia-re/","/ve-may-bay-quoc-te/ve-may-bay-di-hong-kong-gia-re","0","55","0","65.25454545454545","true","/ve-may-bay","0","","mapping_defined_unverified","5","vé máy bay đà nẵng hong kong | vé máy bay sài gòn hong kong | vé máy bay hong kong đà nẵng | vé máy bay hà nội hồng kông | giá vé máy bay hà nội hồng kong"
"https://khangvuongbooking.com/mua-som-gia-tot-cung-vietnam-airlines/","/mua-som-gia-tot-cung-vietnam-airlines","0","54","0","36.22222222222222","true","/hang-bay","0","","mapping_defined_unverified","2","vé sớm | site:khangvuongbooking.com"
"https://khangvuongbooking.com/ket-noi-yeu-thuong-cung-3-000-000-ve-may-bay-0-dong/","/ket-noi-yeu-thuong-cung-3-000-000-ve-may-bay-0-dong","0","54","0","71.61111111111111","true","/ve-may-bay","0","","mapping_defined_unverified","5","vé máy bay 0 đồng | vé máy bay 0 đồng vietjet | vé máy bay 0đ | săn vé máy bay giá rẻ 0 đồng vietjet | vé 0 đồng"
"https://khangvuongbooking.com/huong-dan-san-ve-ha-noi-han-di-my-thang-4-5-6/","/huong-dan-san-ve-ha-noi-han-di-my-thang-4-5-6","0","53","0","8.075471698113208","false","","0","","needs_mapping_review","0",""
"https://khangvuongbooking.com/dat-mua-ve-may-bay-eva-air-di-orlando-florida/","/dat-mua-ve-may-bay-eva-air-di-orlando-florida","0","53","0","30.77358490566038","true","/ve-may-bay","0","","mapping_defined_unverified","2","vé máy bay đi orlando | phí đổi vé eva air"
"https://khangvuongbooking.com/qatar-airways-uu-dai-bay-khap-the-gioi-voi-ve-chi-tu-5-300-000d/","/qatar-airways-uu-dai-bay-khap-the-gioi-voi-ve-chi-tu-5-300-000d","0","53","0","35.867924528301884","true","/khuyen-mai","0","","mapping_defined_unverified","2","ticket price in qatar airways | vé máy bay đi qatar"
"https://khangvuongbooking.com/doi-ve-may-bay-china-airlines-di-seattle/","/doi-ve-may-bay-china-airlines-di-seattle","0","52","0","11.634615384615385","false","","0","","needs_mapping_review","1","doi ve china eastern airlines"
"https://khangvuongbooking.com/mat-chung-minh-nhan-dan-co-mua-duoc-ve-may-bay-hay-khong/","/mat-chung-minh-nhan-dan-co-mua-duoc-ve-may-bay-hay-khong","0","52","0","24.673076923076923","true","/ve-may-bay","0","","mapping_defined_unverified","3","đặt vé máy bay quốc tế khi chưa có hộ chiếu | chứng minh nhân thân là gì | mất chứng minh thư có đi được máy bay không"
"https://khangvuongbooking.com/ve-may-bay-china-southern-airlines/","/ve-may-bay-china-southern-airlines","0","52","0","50.30769230769231","true","/ve-may-bay","0","","mapping_defined_unverified","5","china southern airlines đánh giá | site:khangvuongbooking.com | vé máy bay china southern airlines | doi ve china southern | hãng hàng không cz"
"https://khangvuongbooking.com/bay-thai-lan-va-quoc-te-de-dang-voi-180-000-ve-vietjet-0d-du-lich-trong-tam-tay/","/bay-thai-lan-va-quoc-te-de-dang-voi-180-000-ve-vietjet-0d-du-lich-trong-tam-tay","0","52","0","51.63461538461539","true","/cam-nang-bay","0","","mapping_defined_unverified","5","vé vietjet đi thái lan | vé máy bay vietjet đi thái lan | tổng đài vj | giá vé máy bay đi thái lan vietjet | vé máy bay đi thái lan vietjet"
"https://khangvuongbooking.com/khuyen-mai/page/112/","/khuyen-mai/page/112","0","52","0","60.07692307692308","false","","0","","needs_mapping_review","3","booking khuyến mại | khuyến mãi booking | site:khangvuongbooking.com"
"https://khangvuongbooking.com/ve-may-bay-quoc-te/ve-may-bay-di-my-gia-re/","/ve-may-bay-quoc-te/ve-may-bay-di-my-gia-re","0","50","0","33.64","true","/ve-may-bay","0","","mapping_defined_unverified","4","vé máy bay washington sài gòn | giá vé máy bay đi mỹ khứ hồi 2019 orlando | ve may di my gia re | vé máy bay đi orlando"
"https://khangvuongbooking.com/top-5-dia-diem-du-lich-canada/","/top-5-dia-diem-du-lich-canada","0","50","0","48.36","true","/cam-nang-bay","0","","mapping_defined_unverified","4","địa điểm du lịch canada | những địa điểm nổi tiếng ở canada | phố cổ quebec | site:khangvuongbooking.com"
"https://khangvuongbooking.com/tag/ve-ha-noi-du-kathmandu-gia-re/","/tag/ve-ha-noi-du-kathmandu-gia-re","0","49","0","33.30612244897959","true","/cam-nang-bay","0","","mapping_defined_unverified","4","vé máy bay hà nội kathmandu | vé máy bay đi kathmandu | giá vé máy bay đi nepal | vé việt nam – nepal"
"https://khangvuongbooking.com/mua-them-hanh-ly-china-airlines-di-chicago-my/","/mua-them-hanh-ly-china-airlines-di-chicago-my","0","48","0","10.6875","true","/mua-them-hanh-ly-china-airlines","0","","mapping_defined_unverified","4","mua thêm hành lý china airlines | site:khangvuongbooking.com | giá tầm bao nhiêu | đây"
"https://khangvuongbooking.com/tag/dai-ly-khang-vuong-booking/","/tag/dai-ly-khang-vuong-booking","0","47","0","4.276595744680851","true","/cam-nang-bay","0","","mapping_defined_unverified","3","khang vuong booking | khang vuong | site:khangvuongbooking.com"
"https://khangvuongbooking.com/tag/gia-ve-may-bay-di-thai-lan-bao-nhieu-tien/","/tag/gia-ve-may-bay-di-thai-lan-bao-nhieu-tien","0","47","0","45.829787234042556","true","/ve-may-bay","0","","mapping_defined_unverified","5","vé máy bay đi thái lan bao nhiêu tiền | vé đi thái lan bao nhiêu tiền | giá vé máy bay thái lan | khang vuong booking | giá vé máy bay đi thái"
"https://khangvuongbooking.com/ve-vietnam-airlines-hang-thuong-gia-tp-hcm-di-thanh-hoa-chi-tu-3-trieu-dong/","/ve-vietnam-airlines-hang-thuong-gia-tp-hcm-di-thanh-hoa-chi-tu-3-trieu-dong","0","46","0","10.41304347826087","true","/hang-bay","0","","mapping_defined_unverified","1","vé máy bay hcm thanh hóa"
"https://khangvuongbooking.com/dat-ve-ho-chi-minh-di-new-delhi/","/dat-ve-ho-chi-minh-di-new-delhi","0","46","0","11.782608695652174","false","","0","","needs_mapping_review","2","site:khangvuongbooking.com | vé máy bay đi delhi"
"https://khangvuongbooking.com/tag/doi-ngay-bay-asiana/","/tag/doi-ngay-bay-asiana","0","46","0","23.82608695652174","true","/cam-nang-bay","0","","mapping_defined_unverified","3","đổi vé máy bay asiana airlines | site:khangvuongbooking.com | vé máy bay đi mỹ hãng asiana airline"
"https://khangvuongbooking.com/khai-thac-chuyen-bay-nha-trang-da-nang-cua-vietnam-airlines/","/khai-thac-chuyen-bay-nha-trang-da-nang-cua-vietnam-airlines","0","46","0","48.04347826086956","true","/hang-bay","0","","mapping_defined_unverified","3","vé máy bay đà nẵng nha trang khứ hồi vietnam airlines | vé máy bay đà nẵng nha trang vietnam airlines | máy bay đà nẵng nha trang"
"https://khangvuongbooking.com/dat-ve-may-bay-ha-noi-di-phoenix-arizona-my-thang-8/","/dat-ve-may-bay-ha-noi-di-phoenix-arizona-my-thang-8","0","45","0","15.577777777777778","false","","0","","needs_mapping_review","1","vé máy bay đi phoenix"
"https://khangvuongbooking.com/sieu-khuyen-mai-cuoi-tuan-jetstar-giam-gia-bat-ngo-chi-tu-11k/","/sieu-khuyen-mai-cuoi-tuan-jetstar-giam-gia-bat-ngo-chi-tu-11k","0","45","0","62.6","true","/khuyen-mai","0","","mapping_defined_unverified","1","giá vé máy bay đi singapore của jetstar"
"https://khangvuongbooking.com/tieu-chuan-hanh-ly-tra-truoc-hang-hang-khong-vietnam-airlines/","/tieu-chuan-hanh-ly-tra-truoc-hang-hang-khong-vietnam-airlines","0","44","0","9","true","/mua-them-hanh-ly-vietnam-airlines","0","","mapping_defined_unverified","0",""
"https://khangvuongbooking.com/dich-vu-dat-ve-may-bay-cho-thu-cung-cho-meo-di-honolulu-my/","/dich-vu-dat-ve-may-bay-cho-thu-cung-cho-meo-di-honolulu-my","0","44","0","9.75","true","/ve-thu-cung","0","","mapping_defined_unverified","0",""
"https://khangvuongbooking.com/vietnam-airlines-uu-dai-dich-vu-bo-tro-den-50/","/vietnam-airlines-uu-dai-dich-vu-bo-tro-den-50","0","44","0","14.954545454545455","true","/khuyen-mai","0","","mapping_defined_unverified","1","site:khangvuongbooking.com"
"https://khangvuongbooking.com/dat-ve-qatar-airways-tuan-moi-voi-gia-khu-hoi-sieu-re-chi-tu-14700000d/","/dat-ve-qatar-airways-tuan-moi-voi-gia-khu-hoi-sieu-re-chi-tu-14700000d","0","44","0","15.590909090909092","true","/cam-nang-bay","0","","mapping_defined_unverified","0",""
"https://khangvuongbooking.com/ket-noi-ho-chi-minh-van-don-voi-22-trieu-ve-may-bay-0-dong-tu-vietjet-air/","/ket-noi-ho-chi-minh-van-don-voi-22-trieu-ve-may-bay-0-dong-tu-vietjet-air","0","44","0","58.65909090909091","true","/ve-may-bay","0","","mapping_defined_unverified","5","vé máy bay vinh vân đồn | vé máy bay hà nội vân đồn | vé máy bay đi vân đồn | giá vé máy bay vân đồn hồ chí minh | vé máy bay từ vân đồn đi tp. hồ chí minh"
"https://khangvuongbooking.com/china-airlines-uu-dai-gia-ve-early-bird-di-my-chi-tu-265-usd/","/china-airlines-uu-dai-gia-ve-early-bird-di-my-chi-tu-265-usd","0","43","0","7.534883720930233","true","/khuyen-mai","0","","mapping_defined_unverified","3","265usd | 265 usd | giá như nào"
"https://khangvuongbooking.com/china-airlines-uu-dai-10-gia-ve-di-dai-bac-nhat-ban-my-canada/","/china-airlines-uu-dai-10-gia-ve-di-dai-bac-nhat-ban-my-canada","0","43","0","22.069767441860463","true","/khuyen-mai","0","","mapping_defined_unverified","1","china airlines đi đài bắc"
"https://khangvuongbooking.com/dat-mua-ve-may-bay-vietnam-airlines-di-los-angeles/","/dat-mua-ve-may-bay-vietnam-airlines-di-los-angeles","0","43","0","44.25581395348837","true","/ve-may-bay","0","","mapping_defined_unverified","4","ve may bay di los angeles | vé máy bay từ hà nội đi los angeles | vé máy bay từ tp hồ chí minh đi los angeles | vé máy bay đi mỹ của vietnam airline"
"https://khangvuongbooking.com/khuyen-mai-ngan-uu-dai-chao-thang-7-tu-bamboo-airways/","/khuyen-mai-ngan-uu-dai-chao-thang-7-tu-bamboo-airways","0","43","0","68.48837209302326","true","/khuyen-mai","0","","mapping_defined_unverified","3","giá vé máy bay tháng 7 bamboo | mã khuyến mãi bamboo airways | bamboo airlines booking"
"https://khangvuongbooking.com/doi-ngay-ve-may-bay-china-airlines-di-las-vegas-my/","/doi-ngay-ve-may-bay-china-airlines-di-las-vegas-my","0","42","0","21.761904761904763","false","","0","","needs_mapping_review","2","ve may bay china airlines di my | sân bay las vegas"
"https://khangvuongbooking.com/kinh-nghiem-cho-nguoi-moi-di-may-bay-lan-dau/","/kinh-nghiem-cho-nguoi-moi-di-may-bay-lan-dau","0","42","0","76.5","true","/cam-nang-bay","0","","mapping_defined_unverified","5","lần đầu đi máy bay | hướng dẫn đi máy bay lần đầu | kinh nghiệm lần đầu đi máy bay | cách đi máy bay lần đầu | hướng dẫn lần đầu đi máy bay"
"https://khangvuongbooking.com/jetstar-pacific-khuyen-mai-dac-biet-ve-cuoi-tuan-chi-tu-79-000d/","/jetstar-pacific-khuyen-mai-dac-biet-ve-cuoi-tuan-chi-tu-79-000d","0","41","0","7.097560975609756","true","/khuyen-mai","0","","mapping_defined_unverified","1","từ79.000đ"
"https://khangvuongbooking.com/doi-ngay-ve-may-bay-china-airlines-di-dallas-my/","/doi-ngay-ve-may-bay-china-airlines-di-dallas-my","0","41","0","13.512195121951219","true","/ve-may-bay","0","","mapping_defined_unverified","5","ve may bay china airlines di my | doi ngay china airlines | eip china airlines | eip.china-airlines.com | dallas"
"https://khangvuongbooking.com/hai-long-khi-bay-cung-qatar-du-ngoan-the-gioi-ve-khu-hoi-tu-16100000-vnd/","/hai-long-khi-bay-cung-qatar-du-ngoan-the-gioi-ve-khu-hoi-tu-16100000-vnd","0","41","0","15.073170731707316","true","/cam-nang-bay","0","","mapping_defined_unverified","0",""
"https://khangvuongbooking.com/cung-qatar-trai-nghiem-mua-thu-chau-au-lang-man-ve-khu-hoi-chi-tu-19900000-vnd/","/cung-qatar-trai-nghiem-mua-thu-chau-au-lang-man-ve-khu-hoi-chi-tu-19900000-vnd","0","41","0","22.024390243902438","true","/cam-nang-bay","0","","mapping_defined_unverified","1","vnd to man"
"https://khangvuongbooking.com/starlux-airlines-khuyen-mai-10-ve-may-bay-di-dai-bac/","/starlux-airlines-khuyen-mai-10-ve-may-bay-di-dai-bac","0","41","0","32.26829268292683","true","/khuyen-mai","0","","mapping_defined_unverified","4","vé máy bay starlux | site:khangvuongbooking.com | starlux | starlux 10"
"https://khangvuongbooking.com/cang-bay-cang-yeu-ve-vietjet-chi-tu-0-dong-di-an-do/","/cang-bay-cang-yeu-ve-vietjet-chi-tu-0-dong-di-an-do","0","41","0","38.65853658536585","true","/cam-nang-bay","0","","mapping_defined_unverified","2","vé máy bay đi ấn độ vietjet | vé máy bay đi ahmedabad"
"https://khangvuongbooking.com/ve-may-bay-di-anh-gia-re/","/ve-may-bay-di-anh-gia-re","0","41","0","47.65853658536585","true","/ve-may-bay","0","","mapping_defined_unverified","1","vé máy bay giá rẻ đi anh quốc"
"https://khangvuongbooking.com/dat-mua-ve-may-bay-china-airlines-di-miami-florida/","/dat-mua-ve-may-bay-china-airlines-di-miami-florida","0","40","0","29.225","true","/ve-may-bay","0","","mapping_defined_unverified","4","vé máy bay đi miami | miami cách việt nam bao nhiêu tiếng | ve may bay china airlines di my | vé máy bay đi havana"
"https://khangvuongbooking.com/8-hang-bay-cua-chau-lap-lien-minh-hang-khong-gia-re/","/8-hang-bay-cua-chau-lap-lien-minh-hang-khong-gia-re","0","40","0","39.95","true","/hang-bay","0","","mapping_defined_unverified","5","site:khangvuongbooking.com | liên minh hàng không | các liên minh hàng không trên thế giới | singapore airlines alliance | singapore airlines thuộc liên minh hàng không nào"
"https://khangvuongbooking.com/tag/ve-may-bay-di-nhat-ban-gia-re/","/tag/ve-may-bay-di-nhat-ban-gia-re","0","39","0","31.102564102564102","true","/ve-may-bay","0","","mapping_defined_unverified","5","giá vé khứ hồi đi nhật bản | khang vuong booking | site:khangvuongbooking.com | vé máy bay đi mỹ asiana airlines | ve may bay di nhat"
"https://khangvuongbooking.com/khuyen-mai-ve-may-bay-bamboo-airways-mua-1-tang-1/","/khuyen-mai-ve-may-bay-bamboo-airways-mua-1-tang-1","0","39","0","37.53846153846154","true","/khuyen-mai","0","","mapping_defined_unverified","5","khuyến mãi bamboo | mã khuyến mãi bamboo | khuyến mãi bamboo airways | mã khuyến mãi bamboo airway | mã khuyến mãi bamboo airways"
"https://khangvuongbooking.com/hang-thuong-gia-vietjet-uu-dai-20-ngay-20-hang-thang/","/hang-thuong-gia-vietjet-uu-dai-20-ngay-20-hang-thang","0","38","0","11.763157894736842","true","/khuyen-mai","0","","mapping_defined_unverified","1","vé thương gia vietjet"
"https://khangvuongbooking.com/dat-mua-ve-washington-dc-my-ve-ho-chi-minh-ha-noi-gia-re/","/dat-mua-ve-washington-dc-my-ve-ho-chi-minh-ha-noi-gia-re","0","38","0","20.526315789473685","true","/cam-nang-bay","0","","mapping_defined_unverified","1","vé máy bay từ washington về việt nam"
"https://khangvuongbooking.com/huong-dan-khai-bao-thong-tin-truoc-khi-nhap-canh-vao-han-quoc-voi-qr-code/","/huong-dan-khai-bao-thong-tin-truoc-khi-nhap-canh-vao-han-quoc-voi-qr-code","0","38","0","25.31578947368421","true","/cam-nang-bay","0","","mapping_defined_unverified","5","khai báo y tế nhập cảnh hàn quốc | khai báo sức khoẻ nhập cảnh hàn quốc | q-code nhập cảnh hàn quốc | https://cov19ent.kdca.go.kr | hướng dẫn khai báo y tế nhập cảnh hàn quốc"
"https://khangvuongbooking.com/emirates-khuyen-mai-ve-khu-hoi-bay-khap-gioi-chi-tu-5-304-000d/","/emirates-khuyen-mai-ve-khu-hoi-bay-khap-gioi-chi-tu-5-304-000d","0","38","0","42.21052631578947","true","/khuyen-mai","0","","mapping_defined_unverified","3","giá vé emirates | vé máy bay emirates | vé máy bay khứ hồi đi dubai"
"https://khangvuongbooking.com/dat-mua-ve-seattle-my-ve-ho-chi-minh-ha-noi-gia-re/","/dat-mua-ve-seattle-my-ve-ho-chi-minh-ha-noi-gia-re","0","37","0","15.27027027027027","true","/cam-nang-bay","0","","mapping_defined_unverified","0",""
"https://khangvuongbooking.com/dich-vu-dat-ve-may-bay-cho-thu-cung-cho-meo-di-philadelphia-my/","/dich-vu-dat-ve-may-bay-cho-thu-cung-cho-meo-di-philadelphia-my","0","37","0","17.35135135135135","true","/ve-thu-cung","0","","mapping_defined_unverified","2","vé máy bay cho chó | site:khangvuongbooking.com"
"https://khangvuongbooking.com/bamboo-airways-uu-dai-25-gia-ve-hang-business/","/bamboo-airways-uu-dai-25-gia-ve-hang-business","0","37","0","35.2972972972973","true","/khuyen-mai","0","","mapping_defined_unverified","5","vé thương gia bamboo | bamboo business | bamboo business class | vé business | vé máy bay business"
"https://khangvuongbooking.com/air-asia-dai-khuyen-mai-mua-sale-giam-50-ve-sieu-re/","/air-asia-dai-khuyen-mai-mua-sale-giam-50-ve-sieu-re","0","37","0","48.891891891891895","true","/khuyen-mai","0","","mapping_defined_unverified","3","đại lý air asia | airasia sale | promotion airasia"
"https://khangvuongbooking.com/ve-may-bay-quoc-te/ve-may-bay-di-nhat-ban-gia-re/","/ve-may-bay-quoc-te/ve-may-bay-di-nhat-ban-gia-re","0","37","0","63.2972972972973","true","/ve-may-bay","0","","mapping_defined_unverified","5","vé máy bay đi nhật giá rẻ | vé khứ hồi đi nhật bản | vé đi nhật giá rẻ | đi nhật giá rẻ | giá vé bay đi nhật"
"https://khangvuongbooking.com/cebu-pacific-uu-dai-ve-chi-tu-75-usd-kham-pha-philippines/","/cebu-pacific-uu-dai-ve-chi-tu-75-usd-kham-pha-philippines","0","37","0","71.45945945945945","true","/khuyen-mai","0","","mapping_defined_unverified","4","dai ly cebu pacific | phong ve cebu pacific | site:khangvuongbooking.com | pacific 75"
"https://khangvuongbooking.com/ve-may-bay-di-vinh/","/ve-may-bay-di-vinh","0","36","0","9.11111111111111","true","/ve-may-bay","0","","mapping_defined_unverified","1","site:khangvuongbooking.com"
"https://khangvuongbooking.com/vietjet-air-nang-han-muc-hanh-ly-xach-tay-9kg/","/vietjet-air-nang-han-muc-hanh-ly-xach-tay-9kg","0","36","0","17.333333333333332","true","/mua-them-hanh-ly-vietjet-air","0","","mapping_defined_unverified","1","hành lý xách tay vietjet 9kg"
"https://khangvuongbooking.com/chao-thang-5-vietnam-airlines-khuyen-mai-dau-thang-gia-tot/","/chao-thang-5-vietnam-airlines-khuyen-mai-dau-thang-gia-tot","0","36","0","18.13888888888889","true","/khuyen-mai","0","","mapping_defined_unverified","4","vé máy bay giá rẻ tháng 5 | giá vé máy bay tháng 5 | vé máy bay tháng 5 | site:khangvuongbooking.com"
"https://khangvuongbooking.com/dich-vu-dat-ve-may-bay-cho-thu-cung-cho-meo-di-san-francisco-my/","/dich-vu-dat-ve-may-bay-cho-thu-cung-cho-meo-di-san-francisco-my","0","35","0","6.057142857142857","false","","0","","needs_mapping_review","1","""vé sớm"""
"https://khangvuongbooking.com/tag/ve-may-bay-cathay-pacific-gia-re/","/tag/ve-may-bay-cathay-pacific-gia-re","0","35","0","10.485714285714286","true","/ve-may-bay","0","","mapping_defined_unverified","2","vé máy bay cathay pacific | đặt vé máy bay cathay pacific"
"https://khangvuongbooking.com/tag/qatar-km-ve-khu-hoi-tu-15-500-000-vnd/","/tag/qatar-km-ve-khu-hoi-tu-15-500-000-vnd","0","35","0","14.4","true","/cam-nang-bay","0","","mapping_defined_unverified","2","15.500.000 | site:khangvuongbooking.com"
"https://khangvuongbooking.com/du-lich-malaysia-cuc-tiet-kiem-voi-ve-may-bay-chi-tu-31-usd-cung-air-asia/","/du-lich-malaysia-cuc-tiet-kiem-voi-ve-may-bay-chi-tu-31-usd-cung-air-asia","0","35","0","31.485714285714284","true","/ve-may-bay","0","","mapping_defined_unverified","4","kuaala | vé máy bay air asia đi malaysia | vé máy bay đi malaysia airasia | giá vé máy bay johor bahru tp. hồ chí minh"
"https://khangvuongbooking.com/tag/ve-may-bay-vietjet-air-gia-re/","/tag/ve-may-bay-vietjet-air-gia-re","0","35","0","44.08571428571429","true","/ve-may-bay","0","","mapping_defined_unverified","3","vé máy bay đi myanmar vietjet | vietjet gia re | booking vietjet air"
"https://khangvuongbooking.com/dich-vu-dat-ve-may-bay-cho-thu-cung-cho-meo-di-anchorage-alaska-my/","/dich-vu-dat-ve-may-bay-cho-thu-cung-cho-meo-di-anchorage-alaska-my","0","34","0","15.823529411764707","true","/ve-thu-cung","0","","mapping_defined_unverified","2","19006495 | mèo alaska"
"https://khangvuongbooking.com/dat-mua-ve-may-bay-china-airlines-di-orlando-florida/","/dat-mua-ve-may-bay-china-airlines-di-orlando-florida","0","34","0","26.294117647058822","true","/ve-may-bay","0","","mapping_defined_unverified","1","china airlines đánh giá"
"https://khangvuongbooking.com/bamboo-airways-uu-dai-20-ve-may-bay-di-con-dao/","/bamboo-airways-uu-dai-20-ve-may-bay-di-con-dao","0","34","0","35","true","/khuyen-mai","0","","mapping_defined_unverified","3","vé máy bay hà nội côn đảo bamboo | vé máy bay bamboo hà nội côn đảo | đặt vé máy bay đi côn đảo bamboo airways"
"https://khangvuongbooking.com/ve-may-bay-quoc-te/ve-may-bay-di-uc-gia-re/","/ve-may-bay-quoc-te/ve-may-bay-di-uc-gia-re","0","34","0","52.85294117647059","true","/ve-may-bay","0","","mapping_defined_unverified","5","vé máy bay đi úc giá rẻ | vé đi úc giá rẻ | mua vé máy bay đi úc giá rẻ | vé máy bay úc giá rẻ | vé máy bay giá rẻ đi úc"
"https://khangvuongbooking.com/mua-them-hanh-ly-china-airlines-di-dallas-my/","/mua-them-hanh-ly-china-airlines-di-dallas-my","0","33","0","5.363636363636363","true","/mua-them-hanh-ly-china-airlines","0","","mapping_defined_unverified","0",""
"https://khangvuongbooking.com/du-lich-cuoi-nam-cung-ve-qatar-sieu-re-chi-tu-3100000d-khu-hoi/","/du-lich-cuoi-nam-cung-ve-qatar-sieu-re-chi-tu-3100000d-khu-hoi","0","33","0","10.787878787878787","true","/cam-nang-bay","0","","mapping_defined_unverified","1","3,100,000"
"https://khangvuongbooking.com/ve-may-bay-nha-trang-di-dai-bac-dai-loan-gia-re/","/ve-may-bay-nha-trang-di-dai-bac-dai-loan-gia-re","0","33","0","28.272727272727273","false","","0","","needs_mapping_review","0",""
"https://khangvuongbooking.com/emirates-giam-sau-ve-thuong-gia-di-chau-au-chi-tu-43690000d-cuc-re/","/emirates-giam-sau-ve-thuong-gia-di-chau-au-chi-tu-43690000d-cuc-re","0","33","0","30.636363636363637","true","/cam-nang-bay","0","","mapping_defined_unverified","3","giá vé hạng thương gia emirates | site:khangvuongbooking.com | 90560000"
"https://khangvuongbooking.com/vietjet-air-km-cuc-khung-di-thai-thoai-mai-voi-15-000-ve-0-dong/","/vietjet-air-km-cuc-khung-di-thai-thoai-mai-voi-15-000-ve-0-dong","0","33","0","40.39393939393939","true","/cam-nang-bay","0","","mapping_defined_unverified","3","vé vietjet đi thái lan | giá vé máy bay đi thái lan vietjet | vé máy bay đi thái lan vietjet"
"https://khangvuongbooking.com/doi-ngay-ve-may-bay-china-airlines-di-chicago-my/","/doi-ngay-ve-may-bay-china-airlines-di-chicago-my","0","32","0","6.40625","true","/ve-may-bay","0","","mapping_defined_unverified","2","doi ngay china airlines | hãy cho tôi xem ảnh"
"https://khangvuongbooking.com/qatar-mo-ban-ve-khu-hoi-di-chau-au-chi-tu-15-500-000-vnd-uu-dai/","/qatar-mo-ban-ve-khu-hoi-di-chau-au-chi-tu-15-500-000-vnd-uu-dai","0","32","0","10.40625","true","/khuyen-mai","0","","mapping_defined_unverified","1","qatar 1900"
"https://khangvuongbooking.com/tag/khuyen-mai-bamboo-airways/","/tag/khuyen-mai-bamboo-airways","0","32","0","22.4375","true","/khuyen-mai","0","","mapping_defined_unverified","5","bamboo airways khuyen mai | mã giảm giá bamboo airways | khuyến mãi bamboo airways | bamboo airways khuyến mãi | mã giảm giá bamboo"
"https://khangvuongbooking.com/han-che-giay-lam-thu-tuc-di-may-bay-tu-nam-2018/","/han-che-giay-lam-thu-tuc-di-may-bay-tu-nam-2018","0","32","0","52.53125","true","/cam-nang-bay","0","","mapping_defined_unverified","5","site:khangvuongbooking.com | bằng lái xe đi máy bay được không | giấy phép lái xe có đi máy bay được không | bằng lái xe có đi máy bay được không | đi máy bay bằng giấy phép lái xe được không"
"https://khangvuongbooking.com/uu-dai-bay-cung-qatar-hang-business-giam-den-35-cho-hanh-trinh-chau-au-tron-ven/","/uu-dai-bay-cung-qatar-hang-business-giam-den-35-cho-hanh-trinh-chau-au-tron-ven","0","31","0","7.387096774193548","true","/khuyen-mai","0","","mapping_defined_unverified","0",""
"https://khangvuongbooking.com/quy-dinh-hanh-khach-han-che-kha-nang-di-chuyen-di-may-bay-vietnam-airlines/","/quy-dinh-hanh-khach-han-che-kha-nang-di-chuyen-di-may-bay-vietnam-airlines","0","31","0","8.032258064516128","true","/hang-bay","0","","mapping_defined_unverified","0",""
"https://khangvuongbooking.com/san-ve-may-bay-deluxe-gia-re-chi-tu-249-000-vnd-cung-vietjet-air/","/san-ve-may-bay-deluxe-gia-re-chi-tu-249-000-vnd-cung-vietjet-air","0","31","0","22.387096774193548","true","/ve-may-bay","0","","mapping_defined_unverified","3","vé máy bay deluxe vietjet | vé deluxe vietjet | vé máy bay vietjet deluxe"
"https://khangvuongbooking.com/tag/ve-may-bay-korean-air-gia-re/","/tag/ve-may-bay-korean-air-gia-re","0","31","0","55.064516129032256","true","/ve-may-bay","0","","mapping_defined_unverified","4","giá vé máy bay đi mỹ hãng korean | vé máy bay hãng korean air | vé máy bay korean air | vé máy bay đi mỹ hãng korean"
"https://khangvuongbooking.com/khuyen-mai-sieu-hot-bay-quoc-te-vietjet-air-mo-ban-200-000-ve-0-dong/","/khuyen-mai-sieu-hot-bay-quoc-te-vietjet-air-mo-ban-200-000-ve-0-dong","0","30","0","27.3","true","/khuyen-mai","0","","mapping_defined_unverified","3","vé máy bay đi myanmar vietjet | tổng đài vj | vietjetair.vn"
"https://khangvuongbooking.com/dat-mua-ve-san-jose-my-ve-ho-chi-minh-ha-noi-gia-re/","/dat-mua-ve-san-jose-my-ve-ho-chi-minh-ha-noi-gia-re","0","29","0","11.10344827586207","true","/cam-nang-bay","0","","mapping_defined_unverified","0",""
"https://khangvuongbooking.com/doi-ngay-ve-may-bay-china-airlines-di-kentucky-my/","/doi-ngay-ve-may-bay-china-airlines-di-kentucky-my","0","29","0","12.275862068965518","true","/ve-may-bay","0","","mapping_defined_unverified","3","đổi vé máy bay china airlines | ve may bay china airlines di my | doi ngay china airlines"
"https://khangvuongbooking.com/uu-dai-mua-1-tang-1-ve-business-class-malaysia-airlines/","/uu-dai-mua-1-tang-1-ve-business-class-malaysia-airlines","0","29","0","17.17241379310345","true","/khuyen-mai","0","","mapping_defined_unverified","3","business class mas | malaysia class | site:khangvuongbooking.com"
"https://khangvuongbooking.com/dat-ve-ngay-bay-khap-gioi-voi-ve-qatar-airways-chi-tu-14900000d/","/dat-ve-ngay-bay-khap-gioi-voi-ve-qatar-airways-chi-tu-14900000d","0","29","0","23.82758620689655","true","/cam-nang-bay","0","","mapping_defined_unverified","2","vé máy bay đi qatar | đặt vé qatar airways"
"https://khangvuongbooking.com/doi-ngay-ve-may-bay-china-airlines-di-detroit-my/","/doi-ngay-ve-may-bay-china-airlines-di-detroit-my","0","29","0","26.620689655172413","true","/ve-may-bay","0","","mapping_defined_unverified","2","ve may bay china airlines di my | site:khangvuongbooking.com"
"https://khangvuongbooking.com/tag/ve-may-bay-di-kuala-lumpur-gia-re/","/tag/ve-may-bay-di-kuala-lumpur-gia-re","0","29","0","62.275862068965516","true","/ve-may-bay","0","","mapping_defined_unverified","1","vé máy bay kuala lumpur hà nội"
"https://khangvuongbooking.com/chia-se-kinh-nghiem-di-may-bay-cho-ba-bau/","/chia-se-kinh-nghiem-di-may-bay-cho-ba-bau","0","29","0","79.82758620689656","true","/cam-nang-bay","0","","mapping_defined_unverified","5","site:khangvuongbooking.com | bà bầu đi máy bay có được ưu tiên không | bà bầu đi máy bay | bầu bao nhiêu tháng không được đi máy bay | bầu bao nhiêu tháng thì không được đi máy bay"
"https://khangvuongbooking.com/chuyen-bay-ha-noi-di-phoenix-arizona-my-thang-9/","/chuyen-bay-ha-noi-di-phoenix-arizona-my-thang-9","0","28","0","10.821428571428571","false","","0","","needs_mapping_review","2","vé máy bay đi phoenix | phoenix hà my"
"https://khangvuongbooking.com/bamboo-airways-uu-dai-giam-den-20-ve-thu-3-hang-tuan/","/bamboo-airways-uu-dai-giam-den-20-ve-thu-3-hang-tuan","0","28","0","42.714285714285715","true","/khuyen-mai","0","","mapping_defined_unverified","3","booking bamboo airways | site:khangvuongbooking.com | ưu đãi booking"
"https://khangvuongbooking.com/mau-xac-nhan-nhan-than-khi-di-may-bay-co-tac-dung-gi/","/mau-xac-nhan-nhan-than-khi-di-may-bay-co-tac-dung-gi","0","28","0","55.92857142857143","true","/cam-nang-bay","0","","mapping_defined_unverified","5","mẫu xác nhận đi máy bay | mẫu xác nhận nhân thân đi máy bay | giấy xác nhận nhân thân đi máy bay | mẫu giấy xác nhận nhân thân | thẻ nhà báo có tác dụng gì"
"https://khangvuongbooking.com/uu-dai-giam-gia-25-ve-hang-thuong-gia-bamboo-airways/","/uu-dai-giam-gia-25-ve-hang-thuong-gia-bamboo-airways","0","28","0","73.5","true","/khuyen-mai","0","","mapping_defined_unverified","4","hạng thương gia bamboo | vé thương gia bamboo | mã giảm giá bamboo | mã giảm giá bamboo airways"
"https://khangvuongbooking.com/vietjet-air-giam-99-ve-may-bay-gia-re-sale-12-12/","/vietjet-air-giam-99-ve-may-bay-gia-re-sale-12-12","0","28","0","81.39285714285714","true","/khuyen-mai","0","","mapping_defined_unverified","5","vé máy bay giá rẻ ngày mai | ve may gia re | săn sale vietjet | săn sale vé máy bay | may bay giá rẻ"
"https://khangvuongbooking.com/tag/dat-ve-may-bay-di-malaysia/","/tag/dat-ve-may-bay-di-malaysia","0","27","0","10.37037037037037","true","/ve-may-bay","0","","mapping_defined_unverified","0",""
"https://khangvuongbooking.com/tag/ve-may-bay-di-campuchia-gia-re/","/tag/ve-may-bay-di-campuchia-gia-re","0","27","0","11.925925925925926","true","/ve-may-bay","0","","mapping_defined_unverified","1","vé máy bay campuchia"
"https://khangvuongbooking.com/vietnam-airlines-khai-thac-cac-chuyen-bay-tu-viet-nam-den-han-quoc/","/vietnam-airlines-khai-thac-cac-chuyen-bay-tu-viet-nam-den-han-quoc","0","27","0","22.925925925925927","true","/hang-bay","0","","mapping_defined_unverified","2","thời gian bay từ việt nam sang hàn quốc | bay từ việt nam sang hàn mất bao lâu"
"https://khangvuongbooking.com/uu-dai-dac-biet-ve-vietnam-airlines-di-chau-au-khu-hoi-chi-tu-535-usd/","/uu-dai-dac-biet-ve-vietnam-airlines-di-chau-au-khu-hoi-chi-tu-535-usd","0","27","0","37.074074074074076","true","/khuyen-mai","0","","mapping_defined_unverified","2","535usd | vé đi pháp khứ hồi"
"https://khangvuongbooking.com/tag/ve-may-bay-di-phap-gia-re/","/tag/ve-may-bay-di-phap-gia-re","0","26","0","9.192307692307692","true","/ve-may-bay","0","","mapping_defined_unverified","0",""
"https://khangvuongbooking.com/vietjet-air-uu-dai-20kg-hanh-ly-ky-gui-va-1-suat-an-den-trung-quoc/","/vietjet-air-uu-dai-20kg-hanh-ly-ky-gui-va-1-suat-an-den-trung-quoc","0","26","0","13.384615384615385","true","/mua-them-hanh-ly-vietjet-air","0","","mapping_defined_unverified","1","20kg ký gửi vietjet"
"https://khangvuongbooking.com/vietjet-air-uu-dai-ve-0-dong-cac-duong-bay-trong-nuoc-tu-ha-noi/","/vietjet-air-uu-dai-ve-0-dong-cac-duong-bay-trong-nuoc-tu-ha-noi","0","26","0","32.230769230769226","true","/khuyen-mai","0","","mapping_defined_unverified","5","vé máy bay 0đ vietjet | vé máy bay 0 đồng | vé máy bay 0 đồng vietjet | vietjet ve 0 dong | vé 0 đồng vietjet"
"https://khangvuongbooking.com/vietnam-airlines-flash-sale-mung-50-nam-giai-phong-da-nang/","/vietnam-airlines-flash-sale-mung-50-nam-giai-phong-da-nang","0","26","0","49.42307692307692","true","/khuyen-mai","0","","mapping_defined_unverified","1","vietnam airlines giam gia 50"
"https://khangvuongbooking.com/chuong-trinh-khuyen-mai-3-ngay-vang-san-ve-0-dong-den-phu-quoc-cua-vietjet/","/chuong-trinh-khuyen-mai-3-ngay-vang-san-ve-0-dong-den-phu-quoc-cua-vietjet","0","26","0","67.42307692307692","true","/khuyen-mai","0","","mapping_defined_unverified","1","săn vé 0 đồng đi phú quốc"
"https://khangvuongbooking.com/ho-sayram-vien-ngoc-sapphire-lap-lanh-mien-bien-cuong/","/ho-sayram-vien-ngoc-sapphire-lap-lanh-mien-bien-cuong","0","25","0","15.88","true","/cam-nang-bay","0","","mapping_defined_unverified","2","hồ sayram | sayram hu"
"https://khangvuongbooking.com/ve-may-bay-du-hoc-sinh-bac-kinh/","/ve-may-bay-du-hoc-sinh-bac-kinh","0","25","0","23.92","false","","0","","needs_mapping_review","1","vé máy bay từ bắc kinh đi hà nội"
"https://khangvuongbooking.com/dat-mua-ve-may-bay-china-airlines-di-dallas-texas/","/dat-mua-ve-may-bay-china-airlines-di-dallas-texas","0","25","0","24.8","true","/ve-may-bay","0","","mapping_defined_unverified","1","vé máy bay đi dallas"
"https://khangvuongbooking.com/tag/vietnam-airlines-km-ve-khu-hoi-chi-tu-399-000d/","/tag/vietnam-airlines-km-ve-khu-hoi-chi-tu-399-000d","0","25","0","35.84","true","/hang-bay","0","","mapping_defined_unverified","3","399.000đ | site:khangvuongbooking.com | 399.000 đ"
"https://khangvuongbooking.com/ve-may-bay-di-my-gia-re/page/2/","/ve-may-bay-di-my-gia-re/page/2","0","25","0","36.44","true","/ve-may-bay","0","","mapping_defined_unverified","1","vé máy bay đi mỹ texas"
"https://khangvuongbooking.com/mua-them-hanh-ly-jet-airways/","/mua-them-hanh-ly-jet-airways","0","25","0","42.56","true","/mua-them-hanh-ly","0","","mapping_defined_unverified","1","jet airways vietnam"
"https://khangvuongbooking.com/cebu-pacific-uu-dai-tuan-moi-bay-khap-the-gioi-chi-tu-59-usd/","/cebu-pacific-uu-dai-tuan-moi-bay-khap-the-gioi-chi-tu-59-usd","0","25","0","45.96","true","/khuyen-mai","0","","mapping_defined_unverified","5","dai ly cebu pacific | phong ve cebu pacific | phòng vé cebu pacific | vé máy bay cebu sài gòn | vé máy bay tphcm đi sydney"
"https://khangvuongbooking.com/dat-mua-ve-may-bay-china-airlines-di-chicago/","/dat-mua-ve-may-bay-china-airlines-di-chicago","0","25","0","65.36","true","/ve-may-bay","0","","mapping_defined_unverified","3","china airlines đánh giá | vé máy bay từ chicago về việt nam | vé máy bay từ hà nội đi chicago"
"https://khangvuongbooking.com/mua-them-hanh-ly-china-airlines-di-san-francisco/","/mua-them-hanh-ly-china-airlines-di-san-francisco","0","24","0","6.541666666666667","false","","0","","needs_mapping_review","1","mua thêm hành lý china airlines"
"https://khangvuongbooking.com/vietnam-airlines-mien-phi-nang-hang-cho-ve-pho-thong/","/vietnam-airlines-mien-phi-nang-hang-cho-ve-pho-thong","0","24","0","18.791666666666668","true","/nang-hang-ve-vietnam-airlines","0","","mapping_defined_unverified","4","nâng hạng vé vietnam airlines | phí nâng hạng vé máy bay vietnam airlines | phổ thông linh hoạt vietnam airline | nâng hạng ghế vietnam airlines"
"https://khangvuongbooking.com/vietjet-khuyen-mai-20kg-hanh-ly-ky-gui-mien-phi-dai-loan/","/vietjet-khuyen-mai-20kg-hanh-ly-ky-gui-mien-phi-dai-loan","0","24","0","23.833333333333332","true","/mua-them-hanh-ly","0","","mapping_defined_unverified","0",""
"https://khangvuongbooking.com/dat-ve-may-bay-di-duc-bamboo-airways-gia-tu-4-252-000d/","/dat-ve-may-bay-di-duc-bamboo-airways-gia-tu-4-252-000d","0","24","0","62.125","true","/ve-may-bay","0","","mapping_defined_unverified","5","vé máy bay sài gòn hà nội bamboo | giá vé máy bay bamboo sài gòn hà nội | vé máy bay bamboo sài gòn hà nội | 4.252 | site:khangvuongbooking.com"
"https://khangvuongbooking.com/hap-dan-ve-air-asia-bay-ngay-cuoi-nam-gia-chi-tu-3-usd/","/hap-dan-ve-air-asia-bay-ngay-cuoi-nam-gia-chi-tu-3-usd","0","24","0","68.04166666666667","true","/cam-nang-bay","0","","mapping_defined_unverified","3","airasia - thai airasia đánh giá | asia air booking | phí đổi vé air asia"
"https://khangvuongbooking.com/cung-air-asia-san-ve-bay-khap-gioi-voi-gia-chi-tu-6-usd-sieu-re/","/cung-air-asia-san-ve-bay-khap-gioi-voi-gia-chi-tu-6-usd-sieu-re","0","23","0","7.913043478260869","true","/cam-nang-bay","0","","mapping_defined_unverified","0",""
"https://khangvuongbooking.com/bay-viet-nam-thai-lan-vietjet-air-giam-ngay-50-ve-noi-dia-thai/","/bay-viet-nam-thai-lan-vietjet-air-giam-ngay-50-ve-noi-dia-thai","0","23","0","12.695652173913043","true","/cam-nang-bay","0","","mapping_defined_unverified","0",""
"https://khangvuongbooking.com/ve-may-bay-vietnam-airlines/","/ve-may-bay-vietnam-airlines","0","23","0","24.565217391304348","true","/ve-may-bay","0","","mapping_defined_unverified","3","site:khangvuongbooking.com | booking vé máy bay vietnam airlines | kiện hành lý vna"
"https://khangvuongbooking.com/tag/san-ve-may-bay-gia-re-cua-qatar-airways/","/tag/san-ve-may-bay-gia-re-cua-qatar-airways","0","23","0","36.91304347826087","true","/ve-may-bay","0","","mapping_defined_unverified","2","site:khangvuongbooking.com | doha"
"https://khangvuongbooking.com/khuyen-mai/page/110/","/khuyen-mai/page/110","0","23","0","54.65217391304348","true","/khuyen-mai","0","","mapping_defined_unverified","4","booking khuyến mại | khuyến mãi booking | site:khangvuongbooking.com | airdulich"
"https://khangvuongbooking.com/tuyen-dung-nhan-vien-seo-co-kinh-nghiem-luong-tot/","/tuyen-dung-nhan-vien-seo-co-kinh-nghiem-luong-tot","0","23","0","69","true","/cam-nang-bay","0","","mapping_defined_unverified","4","lương seo | site:khangvuongbooking.com | lương nhân viên seo | seo lương cao không"
"https://khangvuongbooking.com/tung-bung-khuyen-mai-ve-air-asia-chi-tu-4-usd/","/tung-bung-khuyen-mai-ve-air-asia-chi-tu-4-usd","0","22","0","6.954545454545454","true","/khuyen-mai","0","","mapping_defined_unverified","0",""
"https://khangvuongbooking.com/chuong-trinh-khuyen-mai-hap-dan-danh-cho-hang-ve-business-cua-vietjet/","/chuong-trinh-khuyen-mai-hap-dan-danh-cho-hang-ve-business-cua-vietjet","0","22","0","15.681818181818182","true","/khuyen-mai","0","","mapping_defined_unverified","1","hạng vé business vietjet"
"https://khangvuongbooking.com/bamboo-airways-mung-3-duong-bay-moi-khuyen-mai-chi-tu-199-000-vnd/","/bamboo-airways-mung-3-duong-bay-moi-khuyen-mai-chi-tu-199-000-vnd","0","21","0","5.761904761904762","true","/khuyen-mai","0","","mapping_defined_unverified","0",""
"https://khangvuongbooking.com/tag/chuong-trinh-km-cua-vietjet-air/","/tag/chuong-trinh-km-cua-vietjet-air","0","21","0","10.333333333333334","true","/cam-nang-bay","0","","mapping_defined_unverified","1","site:khangvuongbooking.com"
"https://khangvuongbooking.com/mua-ve-khu-hoi-ha-noi-han-di-mumbai/","/mua-ve-khu-hoi-ha-noi-han-di-mumbai","0","21","0","11.476190476190476","false","","0","","needs_mapping_review","0",""
"https://khangvuongbooking.com/vietnam-airlines-cho-ngoi-thoai-mai-hanh-trinh-nhu-y/","/vietnam-airlines-cho-ngoi-thoai-mai-hanh-trinh-nhu-y","0","21","0","13.761904761904763","true","/hang-bay","0","","mapping_defined_unverified","0",""
"https://khangvuongbooking.com/ngay-doi-7-7-vietjet-air-sale-77-gia-ve-may-bay/","/ngay-doi-7-7-vietjet-air-sale-77-gia-ve-may-bay","0","21","0","13.80952380952381","true","/khuyen-mai","0","","mapping_defined_unverified","0",""
"https://khangvuongbooking.com/vietnam-airlines-khuyen-mai-he-di-nhat-ban-khu-hoi-chi-tu-8-700-000d/","/vietnam-airlines-khuyen-mai-he-di-nhat-ban-khu-hoi-chi-tu-8-700-000d","0","21","0","21.476190476190474","true","/khuyen-mai","0","","mapping_defined_unverified","1","vé máy bay hạng thương gia đi nhật"
"https://khangvuongbooking.com/vietnam-airlines-tam-dung-ban-hanh-ly-tra-truoc-mot-chuyen-bay-tu-nhat/","/vietnam-airlines-tam-dung-ban-hanh-ly-tra-truoc-mot-chuyen-bay-tu-nhat","0","21","0","30.952380952380953","true","/mua-them-hanh-ly-vietnam-airlines","0","","mapping_defined_unverified","2","vn341 | vn351"
"https://khangvuongbooking.com/china-airlines-uu-dai-tha-ga-bay-ra-the-gioi-tu-ha-noi/","/china-airlines-uu-dai-tha-ga-bay-ra-the-gioi-tu-ha-noi","0","21","0","38.095238095238095","true","/khuyen-mai","0","","mapping_defined_unverified","1","china airlines ha noi"
"https://khangvuongbooking.com/ban-da-biet-quy-dinh-hanh-ly-qua-co-jetstar/","/ban-da-biet-quy-dinh-hanh-ly-qua-co-jetstar","0","20","0","8.2","true","/mua-them-hanh-ly","0","","mapping_defined_unverified","0",""
"https://khangvuongbooking.com/dich-vu-dat-ve-may-bay-cho-thu-cung-cho-meo-di-washington-dc-my/","/dich-vu-dat-ve-may-bay-cho-thu-cung-cho-meo-di-washington-dc-my","0","20","0","13.25","false","","0","","needs_mapping_review","0",""
"https://khangvuongbooking.com/giam-35-gia-ve-khuyen-mai-dau-thang-gia-tot-tu-vietnam-airlines/","/giam-35-gia-ve-khuyen-mai-dau-thang-gia-tot-tu-vietnam-airlines","0","20","0","15","true","/khuyen-mai","0","","mapping_defined_unverified","2","bảng giá vé máy bay vietnam airline 2020 | mã giảm giá vietnam airline 2020"
"https://khangvuongbooking.com/khuyen-mai/page/127/","/khuyen-mai/page/127","0","20","0","20.5","true","/khuyen-mai","0","","mapping_defined_unverified","3","site:khangvuongbooking.com | booking khuyến mại | khuyến mãi booking"
"https://khangvuongbooking.com/don-thu-ron-rang-cung-ve-eva-air-di-va-canada-bay-tha-ga-chi-tu-831-usd/","/don-thu-ron-rang-cung-ve-eva-air-di-va-canada-bay-tha-ga-chi-tu-831-usd","0","20","0","27.85","true","/cam-nang-bay","0","","mapping_defined_unverified","1","vé máy bay eva đi canada"
"https://khangvuongbooking.com/vietjet-air-mo-duong-bay-thang-giua-viet-nam-va-uc/","/vietjet-air-mo-duong-bay-thang-giua-viet-nam-va-uc","0","20","0","38.25","true","/hang-bay","0","","mapping_defined_unverified","2","vé máy bay vietjet đi úc | vé máy bay đi úc vietjet"
"https://khangvuongbooking.com/cung-jetstar-san-ve-he-sieu-re-chi-tu-40k-bay-khap-the-gioi/","/cung-jetstar-san-ve-he-sieu-re-chi-tu-40k-bay-khap-the-gioi","0","20","0","53.65","true","/cam-nang-bay","0","","mapping_defined_unverified","1","giá vé máy bay jetstar hôm nay"
"https://khangvuongbooking.com/du-lich-troi-tay-cung-qatar-airways-gia-chi-tu-20-trieu-khu-hoi/","/du-lich-troi-tay-cung-qatar-airways-gia-chi-tu-20-trieu-khu-hoi","0","20","0","55.45","true","/cam-nang-bay","0","","mapping_defined_unverified","1","ticket price in qatar airways"
"https://khangvuongbooking.com/san-ve-may-di-anh-kham-pha-nhung-le-hoi-noi-tieng/","/san-ve-may-di-anh-kham-pha-nhung-le-hoi-noi-tieng","0","20","0","57.55","true","/cam-nang-bay","0","","mapping_defined_unverified","1","site:khangvuongbooking.com"
"https://khangvuongbooking.com/vietnam-airlines-khuyen-mai-khu-hoi-di-moscow-chi-tu-3-799-000d/","/vietnam-airlines-khuyen-mai-khu-hoi-di-moscow-chi-tu-3-799-000d","0","19","0","6.684210526315789","true","/khuyen-mai","0","","mapping_defined_unverified","0",""
"https://khangvuongbooking.com/vietnam-airlines-khuyen-mai-5-gia-ve-may-bay-cuoi-tuan/","/vietnam-airlines-khuyen-mai-5-gia-ve-may-bay-cuoi-tuan","0","19","0","14.789473684210526","true","/khuyen-mai","0","","mapping_defined_unverified","0",""
"https://khangvuongbooking.com/bamboo-airways-giam-gia-ve-may-bay-di-anh-duc-715-000-vnd/","/bamboo-airways-giam-gia-ve-may-bay-di-anh-duc-715-000-vnd","0","19","0","16.842105263157897","true","/khuyen-mai","0","","mapping_defined_unverified","1","715.000"
"https://khangvuongbooking.com/tag/co-nen-dat-ve-may-bay-ban-dem/","/tag/co-nen-dat-ve-may-bay-ban-dem","0","19","0","18.36842105263158","true","/ve-may-bay","0","","mapping_defined_unverified","3","khang vuong booking | máy bay ban đêm | site:khangvuongbooking.com"
"https://khangvuongbooking.com/chuyen-bay-ha-noi-di-denver-my-thang-9/","/chuyen-bay-ha-noi-di-denver-my-thang-9","0","19","0","32.15789473684211","false","","0","","needs_mapping_review","1","vé máy bay đi denver"
"https://khangvuongbooking.com/vietjet-air-uu-dai-ve-may-bay-di-singapore-dip-tet-2023/","/vietjet-air-uu-dai-ve-may-bay-di-singapore-dip-tet-2023","0","19","0","72.84210526315789","true","/khuyen-mai","0","","mapping_defined_unverified","1","vé máy bay khứ hồi từ tphcm đi singapore"
"https://khangvuongbooking.com/v","/v","0","18","0","3.611111111111111","false","","0","","needs_mapping_review","2","site:khangvuongbooking.com | vé máy bay airasia"
"https://khangvuongbooking.com/mua-them-hanh-ly-china-airlines-di-houston-my/","/mua-them-hanh-ly-china-airlines-di-houston-my","0","18","0","7.111111111111111","true","/mua-them-hanh-ly-china-airlines","0","","mapping_defined_unverified","0",""
"https://khangvuongbooking.com/tag/ve-may-bay-di-moscow-gia-re/","/tag/ve-may-bay-di-moscow-gia-re","0","18","0","14.38888888888889","true","/ve-may-bay","0","","mapping_defined_unverified","0",""
"https://khangvuongbooking.com/chi-tu-17-400-000-vnd-vi-vu-troi-au-cung-qatar-airways-khoi-hanh-tu-ha-noi/","/chi-tu-17-400-000-vnd-vi-vu-troi-au-cung-qatar-airways-khoi-hanh-tu-ha-noi","0","17","0","10.352941176470589","true","/cam-nang-bay","0","","mapping_defined_unverified","1","17.400.000"
"https://khangvuongbooking.com/ban-ve-ha-noi-di-los-angeles-my-thang-10/","/ban-ve-ha-noi-di-los-angeles-my-thang-10","0","17","0","17.705882352941178","true","/hang-bay","0","","mapping_defined_unverified","2","vé máy bay từ hà nội đi los angeles | ve may bay di my thang 10"
"https://khangvuongbooking.com/tag/ve-may-bay-di-ha-noi-vietnam-airlines/","/tag/ve-may-bay-di-ha-noi-vietnam-airlines","0","17","0","23.352941176470587","true","/ve-may-bay","0","","mapping_defined_unverified","3","tổng đài vietnam airlines hà nội | vietnamairlines booking.com | site:khangvuongbooking.com"
"https://khangvuongbooking.com/nhung-giay-to-va-luu-y-can-thiet-gianh-cho-nguoi-lon-tuoi-khi-di-may-bay/","/nhung-giay-to-va-luu-y-can-thiet-gianh-cho-nguoi-lon-tuoi-khi-di-may-bay","0","17","0","50.411764705882355","true","/cam-nang-bay","0","","mapping_defined_unverified","0",""
"https://khangvuongbooking.com/den-nga-xem-world-cup-dung-bo-qua-nhung-mon-nay/","/den-nga-xem-world-cup-dung-bo-qua-nhung-mon-nay","0","16","0","7.75","true","/cam-nang-bay","0","","mapping_defined_unverified","0",""
"https://khangvuongbooking.com/doi-ngay-ve-may-bay-china-airlines-di-portland-oregon-my/","/doi-ngay-ve-may-bay-china-airlines-di-portland-oregon-my","0","16","0","9.1875","false","","0","","needs_mapping_review","2","doi ngay china airlines | vé máy bay đi portland"
"https://khangvuongbooking.com/tag/ve-may-bay-jetstar-gia-re/","/tag/ve-may-bay-jetstar-gia-re","0","16","0","15.875","true","/ve-may-bay","0","","mapping_defined_unverified","0",""
"https://khangvuongbooking.com/vietnam-airlines-bamboo-airways-trien-khai-dich-vu-van-chuyen-dao-mai/","/vietnam-airlines-bamboo-airways-trien-khai-dich-vu-van-chuyen-dao-mai","0","16","0","22.375","true","/hang-bay","0","","mapping_defined_unverified","1","bamboo airways khuyen mai"
"https://khangvuongbooking.com/san-ve-may-bay-0d-vietjet-air-gia-re-moi-ngay/","/san-ve-may-bay-0d-vietjet-air-gia-re-moi-ngay","0","16","0","24.6875","true","/ve-may-bay","0","","mapping_defined_unverified","0",""
"https://khangvuongbooking.com/gia-ve-may-bay-ha-noi-di-boston-bos-my-thang-11/","/gia-ve-may-bay-ha-noi-di-boston-bos-my-thang-11","0","16","0","33.9375","false","","0","","needs_mapping_review","2","vé máy bay đi boston | vé máy bay từ hà nội đi boston"
"https://khangvuongbooking.com/ve-may-bay-di-my-gia-re/page/6/","/ve-may-bay-di-my-gia-re/page/6","0","16","0","40.5625","false","","0","","needs_mapping_review","0",""
"https://khangvuongbooking.com/thu-5-ruc-ro-uu-dai-vietnam-airlines-giam-109-000-dong/","/thu-5-ruc-ro-uu-dai-vietnam-airlines-giam-109-000-dong","0","16","0","40.75","true","/khuyen-mai","0","","mapping_defined_unverified","2","thứ 5 rực rỡ | vietnam airline khuyến mãi thứ 5"
"https://khangvuongbooking.com/khoi-dau-tuan-moi-voi-ve-air-asia-chi-tu-9-usd-sieu-tiet-kiem/","/khoi-dau-tuan-moi-voi-ve-air-asia-chi-tu-9-usd-sieu-tiet-kiem","0","16","0","48.3125","true","/cam-nang-bay","0","","mapping_defined_unverified","2","đại lý air asia | booking asia"
"https://khangvuongbooking.com/bamboo-airways-uu-dai-giam-gia-ve-thuong-gia-toi-20/","/bamboo-airways-uu-dai-giam-gia-ve-thuong-gia-toi-20","0","16","0","62.75","true","/khuyen-mai","0","","mapping_defined_unverified","3","giá vé bamboo đi mỹ | booking bamboo airways | vé thương gia bamboo"
"https://khangvuongbooking.com/khuyen-mai-cebu-pacific-chi-tu-75-usd-tan-huong-thien-duong-boracay/","/khuyen-mai-cebu-pacific-chi-tu-75-usd-tan-huong-thien-duong-boracay","0","16","0","68.3125","true","/khuyen-mai","0","","mapping_defined_unverified","1","vé máy bay đi boracay"
"https://khangvuongbooking.com/top-4-hon-dao-san-francisco-hap-dan-nhat/","/top-4-hon-dao-san-francisco-hap-dan-nhat","0","15","0","8.533333333333333","true","/cam-nang-bay","0","","mapping_defined_unverified","0",""
"https://khangvuongbooking.com/hot-ve-jetstar-chi-tu-11-000d-di-choi-khap-chau-a-ngay-dau-xuan/","/hot-ve-jetstar-chi-tu-11-000d-di-choi-khap-chau-a-ngay-dau-xuan","0","15","0","8.733333333333334","true","/cam-nang-bay","0","","mapping_defined_unverified","1","11.000đ"
"https://khangvuongbooking.com/bi-quyet-giam-met-moi-sau-khi-di-may-bay/","/bi-quyet-giam-met-moi-sau-khi-di-may-bay","0","15","0","11.933333333333334","true","/cam-nang-bay","0","","mapping_defined_unverified","0",""
"https://khangvuongbooking.com/dich-vu-dat-ve-may-bay-cho-thu-cung-cho-meo-di-san-juan-puerto-rico-my/","/dich-vu-dat-ve-may-bay-cho-thu-cung-cho-meo-di-san-juan-puerto-rico-my","0","15","0","13.2","true","/ve-thu-cung","0","","mapping_defined_unverified","0",""
"https://khangvuongbooking.com/tiet-kiem-dac-biet-ve-vietnam-airlines-ha-noi-di-sydney-gia-chi-tu-500-usd/","/tiet-kiem-dac-biet-ve-vietnam-airlines-ha-noi-di-sydney-gia-chi-tu-500-usd","0","15","0","38.06666666666667","true","/hang-bay","0","","mapping_defined_unverified","3","vé máy bay hà nội sydney khứ hồi vietnam airlines | lịch bay hà nội - sydney vietnam airlines | vé máy bay từ hà nội đi sydney"
"https://khangvuongbooking.com/bamboo-airways-uu-dai-10-ve-may-bay-cuoi-tuan/","/bamboo-airways-uu-dai-10-ve-may-bay-cuoi-tuan","0","15","0","50.06666666666667","true","/khuyen-mai","0","","mapping_defined_unverified","3","site:khangvuongbooking.com | săn vé máy bay giá rẻ 0 đồng bamboo | ưu đãi bamboo airways"
"https://khangvuongbooking.com/tag/ve-khu-hoi-qatar-airways/","/tag/ve-khu-hoi-qatar-airways","0","14","0","7.714285714285714","true","/cam-nang-bay","0","","mapping_defined_unverified","0",""
"https://khangvuongbooking.com/jetstar-goi-ban-di-du-lich-ve-1-chieu-chi-tu-88k-uu-dai/","/jetstar-goi-ban-di-du-lich-ve-1-chieu-chi-tu-88k-uu-dai","0","14","0","9.214285714285714","true","/khuyen-mai","0","","mapping_defined_unverified","0",""
"https://khangvuongbooking.com/tag/dat-ve-may-bay-qatar-airway/","/tag/dat-ve-may-bay-qatar-airway","0","14","0","9.285714285714286","true","/ve-may-bay","0","","mapping_defined_unverified","0",""
"https://khangvuongbooking.com/khuyen-mai-vietjet-air-chi-tu-1-600-dong-nhan-ngay-1-6/","/khuyen-mai-vietjet-air-chi-tu-1-600-dong-nhan-ngay-1-6","0","14","0","26.642857142857142","true","/khuyen-mai","0","","mapping_defined_unverified","1","khuyến mãi vietjet air"
"https://khangvuongbooking.com/tag/dai-ly-thai-lion-air/","/tag/dai-ly-thai-lion-air","0","14","0","28.5","true","/cam-nang-bay","0","","mapping_defined_unverified","5","thai lion air | thai lionair | site:khangvuongbooking.com | thai lion air hotline | thai lion ari"
"https://khangvuongbooking.com/ban-ve-ha-noi-di-san-jose-my-thang-10/","/ban-ve-ha-noi-di-san-jose-my-thang-10","0","14","0","39.357142857142854","false","","0","","needs_mapping_review","1","vé máy bay đi san jose"
"https://khangvuongbooking.com/dich-vu-dat-ve-may-bay-cho-thu-cung-cho-meo-di-newark-new-jersey-my/","/dich-vu-dat-ve-may-bay-cho-thu-cung-cho-meo-di-newark-new-jersey-my","0","14","0","42.285714285714285","true","/ve-thu-cung","0","","mapping_defined_unverified","1","vé máy bay cho thú cưng"
"https://khangvuongbooking.com/uu-dai-dac-biet-giam-den-12-ve-di-quang-chau-cua-china-southern-airlines/","/uu-dai-dac-biet-giam-den-12-ve-di-quang-chau-cua-china-southern-airlines","0","14","0","43.214285714285715","true","/khuyen-mai","0","","mapping_defined_unverified","1","china southern đi quảng châu"
"https://khangvuongbooking.com/vietjet-khuyen-mai-ve-may-bay-0-dong-bay-di-cho-chi/","/vietjet-khuyen-mai-ve-may-bay-0-dong-bay-di-cho-chi","0","14","0","73.78571428571429","true","/khuyen-mai","0","","mapping_defined_unverified","4","vé máy bay đi campuchia vietjet | vé máy bay 0 đồng vietjet | vé máy bay 0đ | vé máy bay 0đ vietjet"
"https://khangvuongbooking.com/jetstar-mo-ban-ve-chi-tu-38-000d-chao-mung-duong-bay-ha-noi-buon-ma-thuot/","/jetstar-mo-ban-ve-chi-tu-38-000d-chao-mung-duong-bay-ha-noi-buon-ma-thuot","0","13","0","6.230769230769231","true","/cam-nang-bay","0","","mapping_defined_unverified","0",""
"https://khangvuongbooking.com/etihad-uu-dai-sap-san-ve-khu-hoi-chi-tu-1049-usd-bay-khap-the-gioi/","/etihad-uu-dai-sap-san-ve-khu-hoi-chi-tu-1049-usd-bay-khap-the-gioi","0","13","0","9.923076923076923","true","/khuyen-mai","0","","mapping_defined_unverified","1","1049usd"
"https://khangvuongbooking.com/eva-air-mo-ban-ve-tu-tp-ho-chi-minh-den-vienna-nuoc-ao-gia-chi-tu-566-usd/","/eva-air-mo-ban-ve-tu-tp-ho-chi-minh-den-vienna-nuoc-ao-gia-chi-tu-566-usd","0","13","0","13.692307692307692","true","/cam-nang-bay","0","","mapping_defined_unverified","0",""
"https://khangvuongbooking.com/truy-lung-cac-dia-diem-vui-choi-halloween-o-ha-noi/","/truy-lung-cac-dia-diem-vui-choi-halloween-o-ha-noi","0","13","0","13.923076923076923","true","/cam-nang-bay","0","","mapping_defined_unverified","0",""
"https://khangvuongbooking.com/sieu-re-ve-air-asia-giam-den-50-mung-quoc-khanh-29/","/sieu-re-ve-air-asia-giam-den-50-mung-quoc-khanh-29","0","13","0","20.692307692307693","true","/cam-nang-bay","0","","mapping_defined_unverified","1","booking asia"
"https://khangvuongbooking.com/doi-ngay-ve-may-bay-china-airlines-di-orlando-my/","/doi-ngay-ve-may-bay-china-airlines-di-orlando-my","0","13","0","22.153846153846153","false","","0","","needs_mapping_review","2","ve may bay china airlines di my | vé máy bay đi orlando"
"https://khangvuongbooking.com/chinh-sach-doi-tra-hang-va-hoan-tien-ve/","/chinh-sach-doi-tra-hang-va-hoan-tien-ve","0","13","0","23.23076923076923","true","/hang-bay","0","","mapping_defined_unverified","0",""
"https://khangvuongbooking.com/eva-air-uu-dai-cuoi-tuan-di-dai-bac-hang-elite-class-gia-chi-tu-517-usd-khu-hoi/","/eva-air-uu-dai-cuoi-tuan-di-dai-bac-hang-elite-class-gia-chi-tu-517-usd-khu-hoi","0","13","0","24.846153846153847","true","/khuyen-mai","0","","mapping_defined_unverified","1","eva air đi đài bắc"
"https://khangvuongbooking.com/vietjet-air-uu-dai-20-ve-may-bay-den-le-hoi-holi-an-do/","/vietjet-air-uu-dai-20-ve-may-bay-den-le-hoi-holi-an-do","0","13","0","44","true","/khuyen-mai","0","","mapping_defined_unverified","3","vé máy bay đi ấn độ vietjet | mua vé máy bay vietjet ưu đãi | holi 20"
"https://khangvuongbooking.com/don-he-ruc-ro-bamboo-airways-khuyen-mai-ve-may-bay-chi-36-000-vnd/","/don-he-ruc-ro-bamboo-airways-khuyen-mai-ve-may-bay-chi-36-000-vnd","0","13","0","63","true","/khuyen-mai","0","","mapping_defined_unverified","1","bamboo airways voucher"
"https://khangvuongbooking.com/vietjet-air-khai-truong-duong-bay-ha-noi-dai-bac/","/vietjet-air-khai-truong-duong-bay-ha-noi-dai-bac","0","13","0","77.3076923076923","true","/cam-nang-bay","0","","mapping_defined_unverified","5","tổng đài vietjet hà nội | đại lý vietjet hà nội | trụ sở vietjet air tại hà nội | văn phòng vietjet hà nội | văn phòng vietjet tại hà nội"
"https://khangvuongbooking.com/kham-pha-net-doc-dao-cua-thai-lan-qua-goc-nhin-tu-tren-cao/","/kham-pha-net-doc-dao-cua-thai-lan-qua-goc-nhin-tu-tren-cao","0","12","0","5.666666666666667","true","/cam-nang-bay","0","","mapping_defined_unverified","0",""
"https://khangvuongbooking.com/tang-tan-suat-bay-di-singapore-dai-bac-ve-vietnam-airlines-uu-dai-chi-tu-120-usd/","/tang-tan-suat-bay-di-singapore-dai-bac-ve-vietnam-airlines-uu-dai-chi-tu-120-usd","0","12","0","6.833333333333333","true","/khuyen-mai","0","","mapping_defined_unverified","1","vn653"
"https://khangvuongbooking.com/tag/ve-may-bay-di-duc-gia-re/","/tag/ve-may-bay-di-duc-gia-re","0","12","0","7.25","true","/ve-may-bay","0","","mapping_defined_unverified","0",""
"https://khangvuongbooking.com/bay-quoc-te-khong-can-nhin-gia-ve-vietnam-airlines-khu-hoi-chi-tu-100-usd/","/bay-quoc-te-khong-can-nhin-gia-ve-vietnam-airlines-khu-hoi-chi-tu-100-usd","0","12","0","7.416666666666667","true","/hang-bay","0","","mapping_defined_unverified","0",""
"https://khangvuongbooking.com/ve-emirates-du-lich-khap-the-gioi-chi-tu-5-297-000d/","/ve-emirates-du-lich-khap-the-gioi-chi-tu-5-297-000d","0","12","0","7.5","true","/cam-nang-bay","0","","mapping_defined_unverified","0",""
"https://khangvuongbooking.com/tag/air-asia-km-ve-di-malaysia-gia-re/","/tag/air-asia-km-ve-di-malaysia-gia-re","0","12","0","8.666666666666668","true","/cam-nang-bay","0","","mapping_defined_unverified","0",""
"https://khangvuongbooking.com/tag/ve-may-bay-etihad-gia-re/","/tag/ve-may-bay-etihad-gia-re","0","12","0","10.666666666666666","true","/ve-may-bay","0","","mapping_defined_unverified","0",""
"https://khangvuongbooking.com/khuyen-mai-lon-tu-vietjet-chi-6-500-vnd-trai-nghiem-thai-lan/","/khuyen-mai-lon-tu-vietjet-chi-6-500-vnd-trai-nghiem-thai-lan","0","12","0","12.416666666666666","true","/khuyen-mai","0","","mapping_defined_unverified","1","6500 baht to vnd"
"https://khangvuongbooking.com/ve-khu-hoi-qatar-giam-den-30-chi-tu-177-trieu-dong-bay-khap-chau-au-het-mua-dong/","/ve-khu-hoi-qatar-giam-den-30-chi-tu-177-trieu-dong-bay-khap-chau-au-het-mua-dong","0","12","0","14.833333333333334","true","/cam-nang-bay","0","","mapping_defined_unverified","0",""
"https://khangvuongbooking.com/thu-5-ruc-ro-vietnam-airlines-khuyen-mai-chi-tu-513-000-vnd/","/thu-5-ruc-ro-vietnam-airlines-khuyen-mai-chi-tu-513-000-vnd","0","12","0","18.166666666666668","true","/khuyen-mai","0","","mapping_defined_unverified","4","513.000 | khuyến mãi thứ 5 | thứ 5 rực rỡ | vietnam airlines khuyến mãi thứ 5"
"https://khangvuongbooking.com/scoot-mo-ban-ve-1-chieu-di-berlin-duc-chi-tu-299-usd-uu-dai/","/scoot-mo-ban-ve-1-chieu-di-berlin-duc-chi-tu-299-usd-uu-dai","0","12","0","26.25","true","/khuyen-mai","0","","mapping_defined_unverified","0",""
"https://khangvuongbooking.com/kinh-nghiem-du-lich-nuoc-ngoai-khong-can-gioi-tieng-anh/","/kinh-nghiem-du-lich-nuoc-ngoai-khong-can-gioi-tieng-anh","0","12","0","40.583333333333336","true","/cam-nang-bay","0","","mapping_defined_unverified","0",""
"https://khangvuongbooking.com/jetstar-uu-dai-khung-3-ngay-vang-hang-ngan-ve-re-chi-tu-88-000d/","/jetstar-uu-dai-khung-3-ngay-vang-hang-ngan-ve-re-chi-tu-88-000d","0","12","0","47","true","/khuyen-mai","0","","mapping_defined_unverified","0",""
"https://khangvuongbooking.com/bay-quoc-te-cung-jetstar-pacific-chi-tu-11-vnd/","/bay-quoc-te-cung-jetstar-pacific-chi-tu-11-vnd","0","12","0","53.166666666666664","true","/cam-nang-bay","0","","mapping_defined_unverified","0",""
"https://khangvuongbooking.com/ve-qatar-kham-pha-mua-chau-au-de-dang-chi-tu-20600000d-khu-hoi/","/ve-qatar-kham-pha-mua-chau-au-de-dang-chi-tu-20600000d-khu-hoi","0","11","0","7.090909090909091","true","/cam-nang-bay","0","","mapping_defined_unverified","0",""
"https://khangvuongbooking.com/dat-mua-ve-may-bay-nippon-airways-di-san-francisco/","/dat-mua-ve-may-bay-nippon-airways-di-san-francisco","0","11","0","7.545454545454546","true","/ve-may-bay","0","","mapping_defined_unverified","0",""
"https://khangvuongbooking.com/tim-ve-re-tp-hcm-di-an-do-thang-10-11-12/","/tim-ve-re-tp-hcm-di-an-do-thang-10-11-12","0","11","0","9.818181818181818","false","","0","","needs_mapping_review","0",""
"https://khangvuongbooking.com/tag/dat-ve-may-bay-qatar-airways/","/tag/dat-ve-may-bay-qatar-airways","0","11","0","10","true","/ve-may-bay","0","","mapping_defined_unverified","0",""
"https://khangvuongbooking.com/tag/san-ve-may-bay-gia-re-cua-vietnam-airlines/","/tag/san-ve-may-bay-gia-re-cua-vietnam-airlines","0","11","0","13.090909090909092","true","/ve-may-bay","0","","mapping_defined_unverified","1","vemaybay vietnamairline"
"https://khangvuongbooking.com/sieu-khuyen-mai-tu-vietnam-airlines-don-thu-quyen-ru/","/sieu-khuyen-mai-tu-vietnam-airlines-don-thu-quyen-ru","0","11","0","23.09090909090909","true","/khuyen-mai","0","","mapping_defined_unverified","0",""
"https://khangvuongbooking.com/thong-bao-quy-dinh-xuat-nhap-canh-doi-voi-cac-chuyen-bay-tu-han-quoc/","/thong-bao-quy-dinh-xuat-nhap-canh-doi-voi-cac-chuyen-bay-tu-han-quoc","0","11","0","30.636363636363637","true","/cam-nang-bay","0","","mapping_defined_unverified","0",""
"https://khangvuongbooking.com/khuyen-mai-ve-may-bay-singapore-gia-re-tu-175-sgd/","/khuyen-mai-ve-may-bay-singapore-gia-re-tu-175-sgd","0","11","0","30.727272727272727","true","/khuyen-mai","0","","mapping_defined_unverified","4","175 sgd | 176 sgd | 175sgd | site:khangvuongbooking.com"
"https://khangvuongbooking.com/vietnam-airlines-uu-dai-chuyen-bay-giua-ha-noi-va-sai-gon/","/vietnam-airlines-uu-dai-chuyen-bay-giua-ha-noi-va-sai-gon","0","11","0","31.363636363636363","true","/khuyen-mai","0","","mapping_defined_unverified","5","giá vé máy bay hà nội sài gòn vietnam airlines | giá vé máy bay vietnam airline hà nội sài gòn | giá vé máy bay vietnam airlines hà nội sài gòn | vé máy bay hà nội sài gòn vietnam airlines | vé máy bay vietnam airline hà nội sài gòn"
"https://khangvuongbooking.com/vietjet-air-sieu-khuyen-mai-ve-0-dong-di-dai-loan-han-quoc/","/vietjet-air-sieu-khuyen-mai-ve-0-dong-di-dai-loan-han-quoc","0","11","0","36.63636363636363","true","/khuyen-mai","0","","mapping_defined_unverified","3","giá vé vietjet đi đài loan | giá vé máy bay đi đài loan vietjet | vé máy bay vietjet đi đài loan"
"https://khangvuongbooking.com/ve-may-bay-thai-airways/","/ve-may-bay-thai-airways","0","11","0","39.72727272727273","true","/ve-may-bay","0","","mapping_defined_unverified","4","hãng hàng không thái airway | hãng hàng không thai airways | site:khangvuongbooking.com | vé máy bay thai airways"
"https://khangvuongbooking.com/nem-thu-mon-an-chay-tai-4-nha-hang-thanh-tinh-giua-long-ha-noi/","/nem-thu-mon-an-chay-tai-4-nha-hang-thanh-tinh-giua-long-ha-noi","0","11","0","44.45454545454545","true","/hang-bay","0","","mapping_defined_unverified","3","ưu đàm chay photos | chay ưu đàm | ưu đàm chay"
"https://khangvuongbooking.com/nhung-nuoc-nguoi-viet-duoc-tu-do-du-lich-khong-can-visa/","/nhung-nuoc-nguoi-viet-duoc-tu-do-du-lich-khong-can-visa","0","11","0","54.72727272727273","true","/visa","0","","mapping_defined_unverified","2","những nước du lịch không cần visa | những nước không cần visa cho người việt nam"
"https://khangvuongbooking.com/khuyen-mai/page/131/","/khuyen-mai/page/131","0","10","0","7","true","/khuyen-mai","0","","mapping_defined_unverified","1","site:khangvuongbooking.com"
"https://khangvuongbooking.com/han-quoc-chuan-bi-cap-visa-dien-tu-cho-du-khach-viet-nam/","/han-quoc-chuan-bi-cap-visa-dien-tu-cho-du-khach-viet-nam","0","10","0","7.2","true","/visa","0","","mapping_defined_unverified","0",""
"https://khangvuongbooking.com/meo-giup-ban-tranh-duoc-viec-lac-hanh-ly-khi-di-may-bay/","/meo-giup-ban-tranh-duoc-viec-lac-hanh-ly-khi-di-may-bay","0","10","0","8.1","true","/mua-them-hanh-ly","0","","mapping_defined_unverified","0",""
"https://khangvuongbooking.com/ngay-trung-thang-7-vietnam-airlines-khuyen-mai-ve-may-bay-chi-77k/","/ngay-trung-thang-7-vietnam-airlines-khuyen-mai-ve-may-bay-chi-77k","0","10","0","8.5","true","/khuyen-mai","0","","mapping_defined_unverified","0",""
"https://khangvuongbooking.com/tag/vietjet-air-km-ve-may-bay-di-thai-lan-gia-re/","/tag/vietjet-air-km-ve-may-bay-di-thai-lan-gia-re","0","10","0","9","true","/ve-may-bay","0","","mapping_defined_unverified","0",""
"https://khangvuongbooking.com/di-uc-de-dang-voi-ve-singapore-airlines-khu-hoi-chi-tu-674-usd/","/di-uc-de-dang-voi-ve-singapore-airlines-khu-hoi-chi-tu-674-usd","0","10","0","11.3","true","/hang-bay","0","","mapping_defined_unverified","0",""
"https://khangvuongbooking.com/quy-dinh-moi-nhat-ve-hoan-doi-ve-may-bay-vietnam-airrlines/","/quy-dinh-moi-nhat-ve-hoan-doi-ve-may-bay-vietnam-airrlines","0","10","0","11.8","true","/doi-ngay-ve","0","","mapping_defined_unverified","0",""
"https://khangvuongbooking.com/bamboo-airways-khuyen-mai-ve-may-bay-cho-khach-doan/","/bamboo-airways-khuyen-mai-ve-may-bay-cho-khach-doan","0","10","0","13.5","true","/khuyen-mai","0","","mapping_defined_unverified","1","đặt vé đoàn bamboo airways"
"https://khangvuongbooking.com/tag/ve-vietnam-airlines/","/tag/ve-vietnam-airlines","0","10","0","14.2","true","/hang-bay","0","","mapping_defined_unverified","4","khang vuong booking | site:khangvuongbooking.com | vietnamairlines booking.com | vevietnam"
"https://khangvuongbooking.com/uu-dai-mua-thu-giam-gia-15-hanh-trinh-viet-nam-london/","/uu-dai-mua-thu-giam-gia-15-hanh-trinh-viet-nam-london","0","10","0","17.2","true","/khuyen-mai","0","","mapping_defined_unverified","0",""
"https://khangvuongbooking.com/chang-bay-noi-chuyen-di-han-quoc-tu-anh-duc-duoc-mo-ban-bamboo-airways/","/chang-bay-noi-chuyen-di-han-quoc-tu-anh-duc-duoc-mo-ban-bamboo-airways","0","10","0","20.3","true","/hang-bay","0","","mapping_defined_unverified","0",""
"https://khangvuongbooking.com/tag/ve-bay-gia-re-khang-vuong-booking/","/tag/ve-bay-gia-re-khang-vuong-booking","0","10","0","23.4","true","/cam-nang-bay","0","","mapping_defined_unverified","2","khang vuong booking | site:khangvuongbooking.com"
"https://khangvuongbooking.com/uu-dai-dac-biet-ve-asiana-mua-cuoi-nam-di-my-gia-chi-tu-546-usd/","/uu-dai-dac-biet-ve-asiana-mua-cuoi-nam-di-my-gia-chi-tu-546-usd","0","10","0","23.6","true","/khuyen-mai","0","","mapping_defined_unverified","2","546 usd | vé máy bay đi mỹ hãng asiana airline"
"https://khangvuongbooking.com/rinh-ve-0-dong-bay-ha-noi-cao-hung-me-say-kham-pha-xu-dai-cung-vietjet-air/","/rinh-ve-0-dong-bay-ha-noi-cao-hung-me-say-kham-pha-xu-dai-cung-vietjet-air","0","10","0","26.3","true","/cam-nang-bay","0","","mapping_defined_unverified","2","hà nội cao hùng | vé máy bay hà nội cao hùng"
"https://khangvuongbooking.com/doi-ngay-ve-may-bay-china-airlines-di-philadelphia-my/","/doi-ngay-ve-may-bay-china-airlines-di-philadelphia-my","0","10","0","29.3","false","","0","","needs_mapping_review","2","ve may bay china airlines di my | vé máy bay đi philadelphia"
"https://khangvuongbooking.com/cung-eva-air-du-lich-mua-thu-new-york-voi-ve-chi-tu-987-usd/","/cung-eva-air-du-lich-mua-thu-new-york-voi-ve-chi-tu-987-usd","0","10","0","36.9","true","/cam-nang-bay","0","","mapping_defined_unverified","2","airdulich | airdulich.com"
"https://khangvuongbooking.com/giam-20-gia-ve-noi-dia-khuyen-mai-tu-vietnam-airlines/","/giam-20-gia-ve-noi-dia-khuyen-mai-tu-vietnam-airlines","0","10","0","39.5","true","/khuyen-mai","0","","mapping_defined_unverified","1","mã giảm giá vietnam airline 2020"
"https://khangvuongbooking.com/bay-manila-sydney-thoa-thich-cung-ve-cebu-pacific-chi-tu-65-usd/","/bay-manila-sydney-thoa-thich-cung-ve-cebu-pacific-chi-tu-65-usd","0","10","0","63.7","true","/cam-nang-bay","0","","mapping_defined_unverified","2","cebu pacific air đánh giá | dai ly cebu pacific"
"https://khangvuongbooking.com/vietnam-airlines-he-ruc-ro-uu-dai-tha-ga/","/vietnam-airlines-he-ruc-ro-uu-dai-tha-ga","0","9","0","9","true","/khuyen-mai","0","","mapping_defined_unverified","0",""
"https://khangvuongbooking.com/khuyen-mai-midnight-sales-vietnam-airlines-giam-20-gia-ve/","/khuyen-mai-midnight-sales-vietnam-airlines-giam-20-gia-ve","0","9","0","10.777777777777779","true","/khuyen-mai","0","","mapping_defined_unverified","1","midnight sales"
"https://khangvuongbooking.com/tag/book-ve-may-bay-di-malaysia/","/tag/book-ve-may-bay-di-malaysia","0","9","0","10.88888888888889","true","/ve-may-bay","0","","mapping_defined_unverified","0",""
"https://khangvuongbooking.com/jetstar-chao-thang-8-voi-gia-ve-mot-chieu-chi-tu-140-000d/","/jetstar-chao-thang-8-voi-gia-ve-mot-chieu-chi-tu-140-000d","0","9","0","11.88888888888889","true","/hang-bay","0","","mapping_defined_unverified","0",""
"https://khangvuongbooking.com/air-asia-khuyen-mai-ve-du-xuan-bay-ngay-chi-tu-4-usd/","/air-asia-khuyen-mai-ve-du-xuan-bay-ngay-chi-tu-4-usd","0","9","0","12.555555555555555","true","/khuyen-mai","0","","mapping_defined_unverified","0",""
"https://khangvuongbooking.com/dich-vu-dat-ve-may-bay-cho-thu-cung-cho-meo-di-detroit-michigan-my/","/dich-vu-dat-ve-may-bay-cho-thu-cung-cho-meo-di-detroit-michigan-my","0","9","0","17.11111111111111","false","","0","","needs_mapping_review","0",""
"https://khangvuongbooking.com/bao-tang-han-quoc-dia-diem-khong-bo-qua-khi-di-du-lich/","/bao-tang-han-quoc-dia-diem-khong-bo-qua-khi-di-du-lich","0","9","0","19.88888888888889","true","/cam-nang-bay","0","","mapping_defined_unverified","0",""
"https://khangvuongbooking.com/tag/ve-may-bay-di-da-lat-gia-re/","/tag/ve-may-bay-di-da-lat-gia-re","0","9","0","21.88888888888889","true","/ve-may-bay","0","","mapping_defined_unverified","1","site:khangvuongbooking.com"
"https://khangvuongbooking.com/5-trai-nghiem-kho-quen-khi-den-co-hue/","/5-trai-nghiem-kho-quen-khi-den-co-hue","0","9","0","26","true","/cam-nang-bay","0","","mapping_defined_unverified","0",""
"https://khangvuongbooking.com/tag/san-ve-may-bay-gia-re-cua-cebu-pacific/","/tag/san-ve-may-bay-gia-re-cua-cebu-pacific","0","9","0","27.77777777777778","true","/ve-may-bay","0","","mapping_defined_unverified","2","phong ve cebu pacific | cebupaccific"
"https://khangvuongbooking.com/tag/ve-may-bay-asiana/","/tag/ve-may-bay-asiana","0","9","0","40.44444444444444","true","/ve-may-bay","0","","mapping_defined_unverified","1","đại lý vé máy bay asiana airlines"
"https://khangvuongbooking.com/khuyen-mai-lon-tu-bamboo-airways-combo-mua-thu-vi-vu-khap-chon/","/khuyen-mai-lon-tu-bamboo-airways-combo-mua-thu-vi-vu-khap-chon","0","9","0","54.111111111111114","true","/khuyen-mai","0","","mapping_defined_unverified","1","khuyến mãi bamboo"
"https://khangvuongbooking.com/ron-rang-du-xuan-2018-ve-khu-hoi-vietnam-airlines-chi-tu-399-000-vnd-tiet-kiem/","/ron-rang-du-xuan-2018-ve-khu-hoi-vietnam-airlines-chi-tu-399-000-vnd-tiet-kiem","0","9","0","56.55555555555556","true","/hang-bay","0","","mapping_defined_unverified","3","dd airlines | 399.000 đ | vé máy bay vinh sài gòn khứ hồi vietnam airlines"
"https://khangvuongbooking.com/sieu-uu-dai-kham-pha-viet-nam-khi-bay-tu-perth/","/sieu-uu-dai-kham-pha-viet-nam-khi-bay-tu-perth","0","9","0","58.888888888888886","true","/khuyen-mai","0","","mapping_defined_unverified","1","site:khangvuongbooking.com"
"https://khangvuongbooking.com/ve-may-bay-di-nha-trang/","/ve-may-bay-di-nha-trang","0","9","0","66.44444444444444","true","/ve-may-bay","0","","mapping_defined_unverified","2","giá vé hòn chồng nha trang | vé máy bay vân đồn nha trang"
"https://khangvuongbooking.com/8-3-ngot-ngao-cung-vietjet-deal-sale-khong-the-bo-lo/","/8-3-ngot-ngao-cung-vietjet-deal-sale-khong-the-bo-lo","0","9","0","78.11111111111111","true","/khuyen-mai","0","","mapping_defined_unverified","2","site:khangvuongbooking.com | mã khuyến mãi vietjet"
"https://khangvuongbooking.com/tag/chuong-trinh-km-cua-vietnam-airlines/","/tag/chuong-trinh-km-cua-vietnam-airlines","0","8","0","3.75","true","/hang-bay","0","","mapping_defined_unverified","1","vn km"
"https://khangvuongbooking.com/giam-gia-1-198-000-vnd-ve-may-bay-di-anh-bamboo-airways/","/giam-gia-1-198-000-vnd-ve-may-bay-di-anh-bamboo-airways","0","8","0","5.5","true","/khuyen-mai","0","","mapping_defined_unverified","0",""
"https://khangvuongbooking.com/vui-tet-canh-ty-nhan-li-xi-khuyen-mai-10-tu-vietnam-airlines/","/vui-tet-canh-ty-nhan-li-xi-khuyen-mai-10-tu-vietnam-airlines","0","8","0","5.625","true","/khuyen-mai","0","","mapping_defined_unverified","0",""
"https://khangvuongbooking.com/de-dang-du-lich-philippines-voi-ve-cebu-chi-tu-59-usd-sieu-re/","/de-dang-du-lich-philippines-voi-ve-cebu-chi-tu-59-usd-sieu-re","0","8","0","7.125","true","/cam-nang-bay","0","","mapping_defined_unverified","0",""
"https://khangvuongbooking.com/bay-chau-a-da-co-air-asia-ve-mot-chieu-tu-31-usd-da-thue-phi/","/bay-chau-a-da-co-air-asia-ve-mot-chieu-tu-31-usd-da-thue-phi","0","8","0","7.375","true","/cam-nang-bay","0","","mapping_defined_unverified","2","31usd | 这是什么？"
"https://khangvuongbooking.com/bi-quyet-lam-dep-thoai-mai-tren-may-bay/","/bi-quyet-lam-dep-thoai-mai-tren-may-bay","0","8","0","7.5","true","/cam-nang-bay","0","","mapping_defined_unverified","0",""
"https://khangvuongbooking.com/tag/khuyen-mai-eva-air/","/tag/khuyen-mai-eva-air","0","8","0","7.75","true","/khuyen-mai","0","","mapping_defined_unverified","0",""
"https://khangvuongbooking.com/uu-dai-dac-biet-khi-bay-cung-qatar-hanh-trinh-ha-noi-chau-au-chi-tu-16-100-000-vnd/","/uu-dai-dac-biet-khi-bay-cung-qatar-hanh-trinh-ha-noi-chau-au-chi-tu-16-100-000-vnd","0","8","0","8.125","true","/khuyen-mai","0","","mapping_defined_unverified","0",""
"https://khangvuongbooking.com/khuyen-mai-cuc-da-du-lich-tha-ga-voi-3-trieu-ve-air-asia-0-dong/","/khuyen-mai-cuc-da-du-lich-tha-ga-voi-3-trieu-ve-air-asia-0-dong","0","8","0","8.375","true","/khuyen-mai","0","","mapping_defined_unverified","0",""
"https://khangvuongbooking.com/jetstar-trao-yeu-thuong-voi-20-000-ve-giam-gia-con-10-mung-ngay-2010/","/jetstar-trao-yeu-thuong-voi-20-000-ve-giam-gia-con-10-mung-ngay-2010","0","8","0","9","true","/khuyen-mai","0","","mapping_defined_unverified","1","boongking"
"https://khangvuongbooking.com/tag/dai-ly-all-nippon-airways/","/tag/dai-ly-all-nippon-airways","0","8","0","9.375","true","/cam-nang-bay","0","","mapping_defined_unverified","1","dai ly nippon airways"
"https://khangvuongbooking.com/tag/ve-may-bay-qatar-airways/","/tag/ve-may-bay-qatar-airways","0","8","0","9.875","true","/ve-may-bay","0","","mapping_defined_unverified","0",""
"https://khangvuongbooking.com/tag/gia-ve-may-bay-etihad/","/tag/gia-ve-may-bay-etihad","0","8","0","11","true","/ve-may-bay","0","","mapping_defined_unverified","0",""
"https://khangvuongbooking.com/tag/dat-mua-ve-may-bay-di-thai-lan-tai-air-asia-giam-toi-20-gia-ve/","/tag/dat-mua-ve-may-bay-di-thai-lan-tai-air-asia-giam-toi-20-gia-ve","0","8","0","11.125","true","/ve-may-bay","0","","mapping_defined_unverified","0",""
"https://khangvuongbooking.com/tan-huong-dich-vu-xa-hoa-voi-ve-khu-hoi-asiana-hang-thuong-gia-chi-tu-2349-usd/","/tan-huong-dich-vu-xa-hoa-voi-ve-khu-hoi-asiana-hang-thuong-gia-chi-tu-2349-usd","0","8","0","12.125","true","/hang-bay","0","","mapping_defined_unverified","0",""
"https://khangvuongbooking.com/singapore-airlines-km-dac-biet-ve-khu-hoi-di-singapore-chau-au-chi-tu-146-usd/","/singapore-airlines-km-dac-biet-ve-khu-hoi-di-singapore-chau-au-chi-tu-146-usd","0","8","0","12.5","true","/hang-bay","0","","mapping_defined_unverified","1","146usd"
"https://khangvuongbooking.com/quay-tung-bung-voi-ve-air-asia-sieu-khuyen-mai-chi-tu-6-usd/","/quay-tung-bung-voi-ve-air-asia-sieu-khuyen-mai-chi-tu-6-usd","0","8","0","13.375","true","/khuyen-mai","0","","mapping_defined_unverified","0",""
"https://khangvuongbooking.com/chi-tu-399-000d-ve-vietnam-airlines-cuoi-nam-cuc-re/","/chi-tu-399-000d-ve-vietnam-airlines-cuoi-nam-cuc-re","0","8","0","14.875","true","/hang-bay","0","","mapping_defined_unverified","0",""
"https://khangvuongbooking.com/eva-air-bay-khap-gioi-voi-ve-chi-tu-168-usd-khoi-hanh-tu-tp-hcm/","/eva-air-bay-khap-gioi-voi-ve-chi-tu-168-usd-khoi-hanh-tu-tp-hcm","0","8","0","16.375","true","/cam-nang-bay","0","","mapping_defined_unverified","1","phi doi ngay eva air"
"https://khangvuongbooking.com/ky-niem-25-nam-vietnam-airlines-khuyen-mai-giam-25-gia-ve/","/ky-niem-25-nam-vietnam-airlines-khuyen-mai-giam-25-gia-ve","0","8","0","18.375","true","/khuyen-mai","0","","mapping_defined_unverified","0",""
"https://khangvuongbooking.com/tag/dat-ve-may-bay-di-nga/","/tag/dat-ve-may-bay-di-nga","0","8","0","26.75","true","/ve-may-bay","0","","mapping_defined_unverified","1","dịch vụ vé máy bay tại nga"
"https://khangvuongbooking.com/tag/ve-may-bay-eva-air-gia-re/","/tag/ve-may-bay-eva-air-gia-re","0","8","0","35.125","true","/ve-may-bay","0","","mapping_defined_unverified","2","site:khangvuongbooking.com | vé máy bay eva air đi mỹ"
"https://khangvuongbooking.com/san-khuyen-mai-ve-may-bay-tet-sieu-tiet-kiem-tu-vietjet-air/","/san-khuyen-mai-ve-may-bay-tet-sieu-tiet-kiem-tu-vietjet-air","0","8","0","67","true","/khuyen-mai","0","","mapping_defined_unverified","1","săn vé máy bay giá rẻ tết 2021"
"https://khangvuongbooking.com/tag/qatar-airways-km-ve-khu-hoi-chi-tu-40-900-000-d/","/tag/qatar-airways-km-ve-khu-hoi-chi-tu-40-900-000-d","0","7","0","3.4285714285714284","true","/cam-nang-bay","0","","mapping_defined_unverified","1","40.900"
"https://khangvuongbooking.com/vietnam-airlines-khai-xuan-khuyen-mai-ve-may-bay-chi-tu-502-000-vnd/","/vietnam-airlines-khai-xuan-khuyen-mai-ve-may-bay-chi-tu-502-000-vnd","0","7","0","5.142857142857143","true","/khuyen-mai","0","","mapping_defined_unverified","0",""
"https://khangvuongbooking.com/lam-sao-de-co-chuyen-du-lich-xuat-ngoai-tu-tuc-an-toan/","/lam-sao-de-co-chuyen-du-lich-xuat-ngoai-tu-tuc-an-toan","0","7","0","7","true","/cam-nang-bay","0","","mapping_defined_unverified","0",""
"https://khangvuongbooking.com/bay-chau-au-ve-qatar-airways-tiet-kiem-den-10-khi-dat-phong-qua-smartphone/","/bay-chau-au-ve-qatar-airways-tiet-kiem-den-10-khi-dat-phong-qua-smartphone","0","7","0","8","true","/cam-nang-bay","0","","mapping_defined_unverified","0",""
"https://khangvuongbooking.com/tag/ve-may-bay-qatar-airways-gia-re/","/tag/ve-may-bay-qatar-airways-gia-re","0","7","0","8.428571428571429","true","/ve-may-bay","0","","mapping_defined_unverified","0",""
"https://khangvuongbooking.com/uu-dai-ve-qatar-giam-sau-chi-tu-4200000d-de-dang-bay-khap-chau-au/","/uu-dai-ve-qatar-giam-sau-chi-tu-4200000d-de-dang-bay-khap-chau-au","0","7","0","8.714285714285715","true","/khuyen-mai","0","","mapping_defined_unverified","0",""
"https://khangvuongbooking.com/tag/cebu-km-ve-di-manila-tu-65-usd/","/tag/cebu-km-ve-di-manila-tu-65-usd","0","7","0","9","true","/cam-nang-bay","0","","mapping_defined_unverified","1","cebu 065s"
"https://khangvuongbooking.com/emirates-uu-dai-khung-bay-khap-the-gioi-voi-ve-khu-hoi-chi-tu-12275000d/","/emirates-uu-dai-khung-bay-khap-the-gioi-voi-ve-khu-hoi-chi-tu-12275000d","0","7","0","9.428571428571429","true","/khuyen-mai","0","","mapping_defined_unverified","0",""
"https://khangvuongbooking.com/tag/ve-may-bay-di-uc-gia-re/","/tag/ve-may-bay-di-uc-gia-re","0","7","0","10","true","/ve-may-bay","0","","mapping_defined_unverified","0",""
"https://khangvuongbooking.com/mua-them-hanh-ly-china-airlines-di-orlando-my/","/mua-them-hanh-ly-china-airlines-di-orlando-my","0","7","0","10.857142857142858","false","","0","","needs_mapping_review","1","mua hanh ly china airlines"
"https://khangvuongbooking.com/tag/ve-vietjet-air-0-dong/","/tag/ve-vietjet-air-0-dong","0","7","0","11.285714285714286","true","/cam-nang-bay","0","","mapping_defined_unverified","0",""
"https://khangvuongbooking.com/vietjet-air-tung-15-000-ve-0-dong-nhan-dip-khai-truong-nha-ga-cat-bi/","/vietjet-air-tung-15-000-ve-0-dong-nhan-dip-khai-truong-nha-ga-cat-bi","0","7","0","11.571428571428571","true","/cam-nang-bay","0","","mapping_defined_unverified","2","giá vé máy bay hải phòng đi phú quốc | vé máy bay buôn ma thuột cát bi"
"https://khangvuongbooking.com/tag/nhung-quy-dinh-ba-bau-di-may-bay-jetstar/","/tag/nhung-quy-dinh-ba-bau-di-may-bay-jetstar","0","7","0","14.714285714285714","true","/cam-nang-bay","0","","mapping_defined_unverified","1","jetstar pregnancy"
"https://khangvuongbooking.com/bamboo-airways-tang-suat-an-15-usd-cho-hanh-khach-bay-noi-chuyen/","/bamboo-airways-tang-suat-an-15-usd-cho-hanh-khach-bay-noi-chuyen","0","7","0","15.428571428571429","true","/cam-nang-bay","0","","mapping_defined_unverified","0",""
"https://khangvuongbooking.com/khuyen-mai-mid-night-sales-vietnam-airlines-giam-20-gia-ve/","/khuyen-mai-mid-night-sales-vietnam-airlines-giam-20-gia-ve","0","7","0","20","true","/khuyen-mai","0","","mapping_defined_unverified","0",""
"https://khangvuongbooking.com/cung-scoot-dot-chay-mua-he-voi-ve-chi-tu-35-usd-sieu-re/","/cung-scoot-dot-chay-mua-he-voi-ve-chi-tu-35-usd-sieu-re","0","7","0","23.285714285714285","true","/cam-nang-bay","0","","mapping_defined_unverified","1","đại lý flyscoot"
"https://khangvuongbooking.com/sieu-khuyen-mai-ve-cebu-pacific-chi-tu-2-026-000d/","/sieu-khuyen-mai-ve-cebu-pacific-chi-tu-2-026-000d","0","7","0","23.285714285714285","true","/khuyen-mai","0","","mapping_defined_unverified","1","dai ly cebu pacific"
"https://khangvuongbooking.com/tag/san-ve-may-bay-gia-re/","/tag/san-ve-may-bay-gia-re","0","7","0","28","true","/ve-may-bay","0","","mapping_defined_unverified","3","san ve may gia re | săn ve may bay gia re | săn vé máy bay giá rẻ trong tháng"
"https://khangvuongbooking.com/tag/hoan-doi-ve-malindo-air/","/tag/hoan-doi-ve-malindo-air","0","7","0","30.857142857142858","true","/doi-ngay-ve","0","","mapping_defined_unverified","1","site:khangvuongbooking.com"
"https://khangvuongbooking.com/tag/ve-may-bay-vietjet-air/","/tag/ve-may-bay-vietjet-air","0","7","0","32.14285714285714","true","/ve-may-bay","0","","mapping_defined_unverified","0",""
"https://khangvuongbooking.com/bung-chay-ve-0-dong-toan-mang-bay-vietjet-air-sieu-re/","/bung-chay-ve-0-dong-toan-mang-bay-vietjet-air-sieu-re","0","7","0","33.142857142857146","true","/cam-nang-bay","0","","mapping_defined_unverified","0",""
"https://khangvuongbooking.com/malindo-air-mo-ban-lai-duong-bay-kuala-lumpur-di-da-nang/","/malindo-air-mo-ban-lai-duong-bay-kuala-lumpur-di-da-nang","0","7","0","37.857142857142854","true","/cam-nang-bay","0","","mapping_defined_unverified","1","vé máy bay đà nẵng kuala lumpur"
"https://khangvuongbooking.com/tag/emirates-km-ve-khu-hoi-tu-12-300-000-vnd/","/tag/emirates-km-ve-khu-hoi-tu-12-300-000-vnd","0","7","0","44","true","/cam-nang-bay","0","","mapping_defined_unverified","2","12.300.000 | site:khangvuongbooking.com"
"https://khangvuongbooking.com/bung-tinh-voi-hon-500-nghin-ve-vietjet-0-dong-bay-quoc-te-nam-2018/","/bung-tinh-voi-hon-500-nghin-ve-vietjet-0-dong-bay-quoc-te-nam-2018","0","7","0","49.142857142857146","true","/cam-nang-bay","0","","mapping_defined_unverified","1","site:khangvuongbooking.com"
"https://khangvuongbooking.com/chi-1-ngay-black-friday-duy-nhat-ve-vietnam-airlines-giam-den-20-toan-mang/","/chi-1-ngay-black-friday-duy-nhat-ve-vietnam-airlines-giam-den-20-toan-mang","0","7","0","49.142857142857146","true","/hang-bay","0","","mapping_defined_unverified","2","black friday vietnam airlines | friday black 2017"
"https://khangvuongbooking.com/ve-may-bay-di-canada-gia-re/","/ve-may-bay-di-canada-gia-re","0","7","0","52.57142857142857","true","/ve-may-bay","0","","mapping_defined_unverified","2","vé máy bay canada giá rẻ | vé máy bay đi canada giá rẻ"
"https://khangvuongbooking.com/tag/chuong-trinh-khuyen-mai-cua-qatar-airways/","/tag/chuong-trinh-khuyen-mai-cua-qatar-airways","0","7","0","58.714285714285715","true","/khuyen-mai","0","","mapping_defined_unverified","2","vé máy bay qatar | vé máy bay đi qatar"
"https://khangvuongbooking.com/tag/ve-may-bay-di-thai-lan/","/tag/ve-may-bay-di-thai-lan","0","7","0","68","true","/ve-may-bay","0","","mapping_defined_unverified","3","book vé máy bay đi thái lan | vé máy bay giá rẻ đi thái lan air asia | vé máy bay đi thái lan air asia"
"https://khangvuongbooking.com/nhung-luu-y-khi-bay-vietjet-vao-mua-cao-diem-tet/","/nhung-luu-y-khi-bay-vietjet-vao-mua-cao-diem-tet","0","7","0","103.71428571428571","true","/cam-nang-bay","0","","mapping_defined_unverified","1","site:khangvuongbooking.com"
"https://khangvuongbooking.com/tag/ve-may-bay-cathay-pacific/","/tag/ve-may-bay-cathay-pacific","0","6","0","1.6666666666666665","true","/ve-may-bay","0","","mapping_defined_unverified","0",""
"https://khangvuongbooking.com/bay-cung-jetstar-truoc-thang-52018-gia-ve-mot-chieu-chi-tu-48k-chua-thue-phi/","/bay-cung-jetstar-truoc-thang-52018-gia-ve-mot-chieu-chi-tu-48k-chua-thue-phi","0","6","0","5.166666666666667","true","/hang-bay","0","","mapping_defined_unverified","0",""
"https://khangvuongbooking.com/tag/ve-qatar-airways-chi-tu-17-600-000-d/","/tag/ve-qatar-airways-chi-tu-17-600-000-d","0","6","0","5.333333333333333","true","/cam-nang-bay","0","","mapping_defined_unverified","1","17.600.000"
"https://khangvuongbooking.com/cathay-pacific-km-ve-thuong-gia-den-chi-tu-2-379-usd-uu-dai/","/cathay-pacific-km-ve-thuong-gia-den-chi-tu-2-379-usd-uu-dai","0","6","0","6.333333333333333","true","/khuyen-mai","0","","mapping_defined_unverified","0",""
"https://khangvuongbooking.com/chi-tu-199-000d-khoanh-khac-vang-ve-vietnam-airlines/","/chi-tu-199-000d-khoanh-khac-vang-ve-vietnam-airlines","0","6","0","6.333333333333333","true","/hang-bay","0","","mapping_defined_unverified","0",""
"https://khangvuongbooking.com/den-nhat-ban-nam-2018-tiet-kiem-hon-gia-khu-hoi-chi-tu-16-376-000-vnd-ve-all-nippon-airways/","/den-nhat-ban-nam-2018-tiet-kiem-hon-gia-khu-hoi-chi-tu-16-376-000-vnd-ve-all-nippon-airways","0","6","0","6.333333333333333","true","/cam-nang-bay","0","","mapping_defined_unverified","0",""
"https://khangvuongbooking.com/cung-gau-po-mua-ve-jetstar-chi-tu-11-000-dong/","/cung-gau-po-mua-ve-jetstar-chi-tu-11-000-dong","0","6","0","7","true","/cam-nang-bay","0","","mapping_defined_unverified","0",""
"https://khangvuongbooking.com/jetstar-sieu-khuyen-mai-ve-chi-tu-68-000d-khai-truong-4-duong-bay-moi/","/jetstar-sieu-khuyen-mai-ve-chi-tu-68-000d-khai-truong-4-duong-bay-moi","0","6","0","8.166666666666668","true","/khuyen-mai","0","","mapping_defined_unverified","0",""
"https://khangvuongbooking.com/tag/vietnam-airlines-km-ve-chi-tu-99-usd/","/tag/vietnam-airlines-km-ve-chi-tu-99-usd","0","6","0","8.166666666666668","true","/hang-bay","0","","mapping_defined_unverified","2","ve99 | airline km"
"https://khangvuongbooking.com/trai-nghiem-mua-xuan-xu-han-cung-ve-korean-air-chi-tu-342-usd-khu-hoi/","/trai-nghiem-mua-xuan-xu-han-cung-ve-korean-air-chi-tu-342-usd-khu-hoi","0","6","0","8.333333333333332","true","/cam-nang-bay","0","","mapping_defined_unverified","1","342usd"
"https://khangvuongbooking.com/san-ve-bay-0-dong-vietjet-khung-gio-vang-dip-20-10/","/san-ve-bay-0-dong-vietjet-khung-gio-vang-dip-20-10","0","6","0","9.5","true","/cam-nang-bay","0","","mapping_defined_unverified","0",""
"https://khangvuongbooking.com/tag/ve-may-bay-di-hai-phong-gia-re/","/tag/ve-may-bay-di-hai-phong-gia-re","0","6","0","9.5","true","/ve-may-bay","0","","mapping_defined_unverified","0",""
"https://khangvuongbooking.com/tag/ve-may-bay-di-singapore-khu-hoi/","/tag/ve-may-bay-di-singapore-khu-hoi","0","6","0","9.833333333333334","true","/ve-may-bay","0","","mapping_defined_unverified","0",""
"https://khangvuongbooking.com/tag/vietjet-km-ve-199k-hcm-di-phnom-penh/","/tag/vietjet-km-ve-199k-hcm-di-phnom-penh","0","6","0","9.833333333333334","true","/cam-nang-bay","0","","mapping_defined_unverified","0",""
"https://khangvuongbooking.com/ve-may-bay-tet-khuyen-mai-vietnam-airlines-chi-tu-99-000-vnd/","/ve-may-bay-tet-khuyen-mai-vietnam-airlines-chi-tu-99-000-vnd","0","6","0","9.833333333333334","true","/khuyen-mai","0","","mapping_defined_unverified","0",""
"https://khangvuongbooking.com/china-airlines-uu-dai-10-ve-da-nang-den-dai-bac-nhat-ban-bac-my/","/china-airlines-uu-dai-10-ve-da-nang-den-dai-bac-nhat-ban-bac-my","0","6","0","10.333333333333334","true","/khuyen-mai","0","","mapping_defined_unverified","1","uu china"
"https://khangvuongbooking.com/tag/khuyen-mai-ve-may-bay-thang-8/","/tag/khuyen-mai-ve-may-bay-thang-8","0","6","0","11.5","true","/khuyen-mai","0","","mapping_defined_unverified","0",""
"https://khangvuongbooking.com/dich-vu-dat-ve-may-bay-cho-thu-cung-cho-meo-di-minneapolis-minnesota-my/","/dich-vu-dat-ve-may-bay-cho-thu-cung-cho-meo-di-minneapolis-minnesota-my","0","6","0","12.333333333333334","true","/ve-thu-cung","0","","mapping_defined_unverified","0",""
"https://khangvuongbooking.com/tag/gia-ve-may-bay-di-han-quoc-khu-hoi/","/tag/gia-ve-may-bay-di-han-quoc-khu-hoi","0","6","0","14.166666666666666","true","/ve-may-bay","0","","mapping_defined_unverified","0",""
"https://khangvuongbooking.com/tag/gia-ve-may-bay-di-my-bao-nhieu-tien/","/tag/gia-ve-may-bay-di-my-bao-nhieu-tien","0","6","0","15.166666666666666","true","/ve-may-bay","0","","mapping_defined_unverified","0",""
"https://khangvuongbooking.com/tag/dat-ve-may-bay-di-thai-lan-khu-hoi/","/tag/dat-ve-may-bay-di-thai-lan-khu-hoi","0","6","0","15.833333333333334","true","/ve-may-bay","0","","mapping_defined_unverified","0",""
"https://khangvuongbooking.com/sieu-uu-dai-thu-6-bay-khap-the-gioi-voi-gia-cuc-soc-cung-vietjet/","/sieu-uu-dai-thu-6-bay-khap-the-gioi-voi-gia-cuc-soc-cung-vietjet","0","6","0","18.833333333333332","true","/khuyen-mai","0","","mapping_defined_unverified","1","sân bay xiêm riệp campuchia"
"https://khangvuongbooking.com/ve-may-bay-quoc-te/ve-may-bay-di-phap-gia-re/","/ve-may-bay-quoc-te/ve-may-bay-di-phap-gia-re","0","6","0","29.166666666666668","true","/ve-may-bay","0","","mapping_defined_unverified","1","vé máy bay đi paris pháp"
"https://khangvuongbooking.com/dich-vu-hang-khong/page/9/","/dich-vu-hang-khong/page/9","0","6","0","29.5","false","","0","","needs_mapping_review","0",""
"https://khangvuongbooking.com/khuyen-mai-chi-36-000-vnd-thu-4-bay-vo-tu-bamboo-airways/","/khuyen-mai-chi-36-000-vnd-thu-4-bay-vo-tu-bamboo-airways","0","6","0","29.833333333333332","true","/khuyen-mai","0","","mapping_defined_unverified","1","bamboo khuyến mãi thứ 4"
"https://khangvuongbooking.com/tag/ve-may-bay-emirate-hang-thuong-gia/","/tag/ve-may-bay-emirate-hang-thuong-gia","0","6","0","40.333333333333336","true","/ve-may-bay","0","","mapping_defined_unverified","1","site:khangvuongbooking.com"
"https://khangvuongbooking.com/san-ve-may-bay-gia-re-bamboo-airways-chi-tu-19k-dip-tet-2023/","/san-ve-may-bay-gia-re-bamboo-airways-chi-tu-19k-dip-tet-2023","0","6","0","49.666666666666664","true","/ve-may-bay","0","","mapping_defined_unverified","1","săn vé bamboo giá rẻ"
"https://khangvuongbooking.com/tag/ve-may-bay-tphcm-di-los-angeles/","/tag/ve-may-bay-tphcm-di-los-angeles","0","6","0","50.333333333333336","true","/ve-may-bay","0","","mapping_defined_unverified","2","site:khangvuongbooking.com | ve may bay di los angeles"
"https://khangvuongbooking.com/uu-dai-giam-15-ve-khu-hoi-ha-noi-sydney-cua-vietnam-airlines/","/uu-dai-giam-15-ve-khu-hoi-ha-noi-sydney-cua-vietnam-airlines","0","6","0","50.333333333333336","true","/khuyen-mai","0","","mapping_defined_unverified","2","vé máy bay hà nội sydney khứ hồi vietnam airlines | vé máy bay khứ hồi hà nội sydney"
"https://khangvuongbooking.com/cuoi-tuan-sieu-khuyen-mai-ve-jetstar-chi-tu-11-000d-ron-rang-don-thu-sang/","/cuoi-tuan-sieu-khuyen-mai-ve-jetstar-chi-tu-11-000d-ron-rang-don-thu-sang","0","6","0","54.833333333333336","true","/khuyen-mai","0","","mapping_defined_unverified","1","vé máy bay khuyến mại jetstar"
"https://khangvuongbooking.com/air-asia-sieu-khuyen-mai-giam-den-70-gia-ve-cuc-uu-dai/","/air-asia-sieu-khuyen-mai-giam-den-70-gia-ve-cuc-uu-dai","0","6","0","56.833333333333336","true","/khuyen-mai","0","","mapping_defined_unverified","0",""
"https://khangvuongbooking.com/vietnam-airlines-uu-dai-ve-bay-sieu-tiet-kiem-den-san-francisco/","/vietnam-airlines-uu-dai-ve-bay-sieu-tiet-kiem-den-san-francisco","0","6","0","57.166666666666664","true","/khuyen-mai","0","","mapping_defined_unverified","0",""
"https://khangvuongbooking.com/tag/asiana-airlines-km-ve-khu-hoi-chi-tu-2-692-usd/","/tag/asiana-airlines-km-ve-khu-hoi-chi-tu-2-692-usd","0","6","0","63.5","true","/hang-bay","0","","mapping_defined_unverified","3","asiana hours | site:khangvuongbooking.com | số tổng đài asiana airlines"
"https://khangvuongbooking.com/bay-bamboo-airways-tam-biet-fa-khuyen-mai-mua-1-tang-1/","/bay-bamboo-airways-tam-biet-fa-khuyen-mai-mua-1-tang-1","0","6","0","67.33333333333333","true","/khuyen-mai","0","","mapping_defined_unverified","0",""
"https://khangvuongbooking.com/bamboo-airways-giam-gia-ve-may-bay-di-chau-au-1-198-000-vnd/","/bamboo-airways-giam-gia-ve-may-bay-di-chau-au-1-198-000-vnd","0","5","0","4.8","true","/khuyen-mai","0","","mapping_defined_unverified","0",""
"https://khangvuongbooking.com/du-lich-cuoi-tuan-sieu-tiet-kiem-voi-ve-jetstar-chi-tu-80-000d/","/du-lich-cuoi-tuan-sieu-tiet-kiem-voi-ve-jetstar-chi-tu-80-000d","0","5","0","7.4","true","/cam-nang-bay","0","","mapping_defined_unverified","0",""
"https://khangvuongbooking.com/dat-ve-cebu-som-gia-chi-tu-70-usd-uu-dai-nghi-duong-o-manila-khong-tom-kem/","/dat-ve-cebu-som-gia-chi-tu-70-usd-uu-dai-nghi-duong-o-manila-khong-tom-kem","0","5","0","8","true","/khuyen-mai","0","","mapping_defined_unverified","0",""
"https://khangvuongbooking.com/qatar-airways-uu-dai-giam-den-30-ve-khu-hoi-bay-khap-gioi/","/qatar-airways-uu-dai-giam-den-30-ve-khu-hoi-bay-khap-gioi","0","5","0","8.6","true","/khuyen-mai","0","","mapping_defined_unverified","0",""
"https://khangvuongbooking.com/san-ve-may-khuyen-mai-vietnam-airlines-thu-5-ruc-ro/","/san-ve-may-khuyen-mai-vietnam-airlines-thu-5-ruc-ro","0","5","0","9","true","/khuyen-mai","0","","mapping_defined_unverified","0",""
"https://khangvuongbooking.com/tag/ve-may-bay-khu-hoi/","/tag/ve-may-bay-khu-hoi","0","5","0","9.4","true","/ve-may-bay","0","","mapping_defined_unverified","0",""
"https://khangvuongbooking.com/tag/ve-may-bay-di-bali-gia-re/","/tag/ve-may-bay-di-bali-gia-re","0","5","0","9.6","true","/ve-may-bay","0","","mapping_defined_unverified","0",""
"https://khangvuongbooking.com/tag/ve-may-bay-di-thai-lan-air-asia/","/tag/ve-may-bay-di-thai-lan-air-asia","0","5","0","9.8","true","/ve-may-bay","0","","mapping_defined_unverified","2","12go.asia vé máy bay giá rẻ thái lan | vé máy bay đi thái lan air asia"
"https://khangvuongbooking.com/tag/asiana-airlines-km-ve-di-my-gia-re/","/tag/asiana-airlines-km-ve-di-my-gia-re","0","5","0","10.6","true","/hang-bay","0","","mapping_defined_unverified","1","vé máy bay đi mỹ hãng asiana airline"
"https://khangvuongbooking.com/den-bangkok-thai-lan-cung-air-asia-voi-gia-ve-1-chieu-chi-tu-35-usd/","/den-bangkok-thai-lan-cung-air-asia-voi-gia-ve-1-chieu-chi-tu-35-usd","0","5","0","11.4","true","/cam-nang-bay","0","","mapping_defined_unverified","1","thai airasia đi bangkok"
"https://khangvuongbooking.com/uu-dai-dac-biet-giam-30-ve-vietnam-airlines-hanh-trinh-ha-noi-sydney/","/uu-dai-dac-biet-giam-30-ve-vietnam-airlines-hanh-trinh-ha-noi-sydney","0","5","0","11.8","true","/khuyen-mai","0","","mapping_defined_unverified","0",""
"https://khangvuongbooking.com/cung-ve-air-asia-du-lich-mua-sam-tha-ga-gia-chi-tu-3-usd/","/cung-ve-air-asia-du-lich-mua-sam-tha-ga-gia-chi-tu-3-usd","0","5","0","18.6","true","/cam-nang-bay","0","","mapping_defined_unverified","0",""
"https://khangvuongbooking.com/tag/ve-may-bay-ha-noi-di-siem-reap/","/tag/ve-may-bay-ha-noi-di-siem-reap","0","5","0","19","true","/ve-may-bay","0","","mapping_defined_unverified","0",""
"https://khangvuongbooking.com/dich-vu-hang-khong/page/8/","/dich-vu-hang-khong/page/8","0","5","0","20","false","","0","","needs_mapping_review","0",""
"https://khangvuongbooking.com/bamboo-airways-giam-50-phi-mua-hanh-ly-tra-truoc-bay-di-thai/","/bamboo-airways-giam-50-phi-mua-hanh-ly-tra-truoc-bay-di-thai","0","5","0","22.6","true","/mua-them-hanh-ly-bamboo-airways","0","","mapping_defined_unverified","2","booking bamboo airways | đổi vé bamboo phí"
"https://khangvuongbooking.com/chia-se-kinh-nghiem-giup-ban-kham-pha-hue-tron-ven-nhat/","/chia-se-kinh-nghiem-giup-ban-kham-pha-hue-tron-ven-nhat","0","5","0","22.8","true","/cam-nang-bay","0","","mapping_defined_unverified","0",""
"https://khangvuongbooking.com/tag/chuong-trinh-khuyen-mai-cua-eva-air/","/tag/chuong-trinh-khuyen-mai-cua-eva-air","0","5","0","27.6","true","/khuyen-mai","0","","mapping_defined_unverified","3","711usd | 806usd | site:khangvuongbooking.com"
"https://khangvuongbooking.com/vietjet-air-uu-dai-ve-0-dong-chao-don-50-nam-ruc-ro/","/vietjet-air-uu-dai-ve-0-dong-chao-don-50-nam-ruc-ro","0","5","0","31.2","true","/khuyen-mai","0","","mapping_defined_unverified","1","vietjet ve 0 dong"
"https://khangvuongbooking.com/nhung-mon-ngon-o-nha-trang-khong-bo-lo/","/nhung-mon-ngon-o-nha-trang-khong-bo-lo","0","5","0","33.4","true","/cam-nang-bay","0","","mapping_defined_unverified","2","các món ăn ngon ở nha trang | những món ăn ngon ở nha trang"
"https://khangvuongbooking.com/tag/ve-may-bay-di-ha-noi-gia-re/","/tag/ve-may-bay-di-ha-noi-gia-re","0","5","0","37.4","true","/ve-may-bay","0","","mapping_defined_unverified","2","site:khangvuongbooking.com | ve may bay di ha noi gia re"
"https://khangvuongbooking.com/ve-jetstar-pacific-chi-tu-320d-cuc-re-nhan-dip-chao-don-may-bay-moi/","/ve-jetstar-pacific-chi-tu-320d-cuc-re-nhan-dip-chao-don-may-bay-moi","0","5","0","40.8","true","/cam-nang-bay","0","","mapping_defined_unverified","0",""
"https://khangvuongbooking.com/vietnam-airlines-nhan-doi-khuyen-mai-chuyen-bay-di-uc/","/vietnam-airlines-nhan-doi-khuyen-mai-chuyen-bay-di-uc","0","5","0","41.2","true","/khuyen-mai","0","","mapping_defined_unverified","1","site:khangvuongbooking.com"
"https://khangvuongbooking.com/vietjet-air-giam-gia-ve-may-bay-di-thanh-hoa-199k-dip-tet/","/vietjet-air-giam-gia-ve-may-bay-di-thanh-hoa-199k-dip-tet","0","5","0","46.4","true","/khuyen-mai","0","","mapping_defined_unverified","0",""
"https://khangvuongbooking.com/bamboo-airways-khuyen-mai-ve-may-bay-black-friday-2022/","/bamboo-airways-khuyen-mai-ve-may-bay-black-friday-2022","0","5","0","49","true","/khuyen-mai","0","","mapping_defined_unverified","0",""
"https://khangvuongbooking.com/vietnam-airlines-giam-15-ve-may-bay-ky-niem-19-nam-bong-sen-vang/","/vietnam-airlines-giam-15-ve-may-bay-ky-niem-19-nam-bong-sen-vang","0","5","0","53.2","true","/ve-may-bay","0","","mapping_defined_unverified","0",""
"https://khangvuongbooking.com/ve-may-bay-di-dai-bac/","/ve-may-bay-di-dai-bac","0","5","0","73","true","/ve-may-bay","0","","mapping_defined_unverified","3","giá vé máy bay hà nội đài bắc | vé máy bay khứ hồi từ tphcm đi đài loan | site:khangvuongbooking.com"
"https://khangvuongbooking.com/le-tinh-nhan-vietnam-airlines-khuyen-mai-giam-10-gia-ve/","/le-tinh-nhan-vietnam-airlines-khuyen-mai-giam-10-gia-ve","0","5","0","121.8","true","/khuyen-mai","0","","mapping_defined_unverified","1","site:khangvuongbooking.com"
"https://khangvuongbooking.com/bamboo-airways-mo-ban-ve-may-bay-tokyo-seoul-dai-bac/","/bamboo-airways-mo-ban-ve-may-bay-tokyo-seoul-dai-bac","0","5","0","177","true","/ve-may-bay","0","","mapping_defined_unverified","1","site:khangvuongbooking.com"
"https://khangvuongbooking.com/ve-may-bay-0-dong-tu-vietjet-air-chao-mung-duong-bay-moi/","/ve-may-bay-0-dong-tu-vietjet-air-chao-mung-duong-bay-moi","0","5","0","179.4","true","/ve-may-bay","0","","mapping_defined_unverified","1","site:khangvuongbooking.com"
"https://khangvuongbooking.com/chinh-sach-van-chuyen-giao-nhan/","/chinh-sach-van-chuyen-giao-nhan","0","4","0","1.25","true","/cam-nang-bay","0","","mapping_defined_unverified","0",""
"https://khangvuongbooking.com/tag/van-phong-khang-vuong-booking/","/tag/van-phong-khang-vuong-booking","0","4","0","5.25","false","","0","","needs_mapping_review","1","khang vuong booking"
"https://khangvuongbooking.com/ve-vietnam-airlines-uu-dai-giam-17-nhan-dip-sinh-nhat-bong-sen-vang/","/ve-vietnam-airlines-uu-dai-giam-17-nhan-dip-sinh-nhat-bong-sen-vang","0","4","0","5.25","true","/khuyen-mai","0","","mapping_defined_unverified","0",""
"https://khangvuongbooking.com/bamboo-airways-khuyen-mai-xa-cuong-chan-chi-tu-19k/","/bamboo-airways-khuyen-mai-xa-cuong-chan-chi-tu-19k","0","4","0","6","true","/khuyen-mai","0","","mapping_defined_unverified","0",""
"https://khangvuongbooking.com/du-khach-viet-duoc-luu-tru-toi-da-90-ngay-o-thai-lan-tu-thang-7/","/du-khach-viet-duoc-luu-tru-toi-da-90-ngay-o-thai-lan-tu-thang-7","0","4","0","6","true","/hang-bay","0","","mapping_defined_unverified","0",""
"https://khangvuongbooking.com/khuyen-mai-bamboo-airways-mung-sinh-nhat-flc-chi-tu-20-000-vnd/","/khuyen-mai-bamboo-airways-mung-sinh-nhat-flc-chi-tu-20-000-vnd","0","4","0","6.25","true","/khuyen-mai","0","","mapping_defined_unverified","0",""
"https://khangvuongbooking.com/tag/ve-may-bay-nok-air-gia-re/","/tag/ve-may-bay-nok-air-gia-re","0","4","0","6.25","true","/ve-may-bay","0","","mapping_defined_unverified","0",""
"https://khangvuongbooking.com/vietjet-khuyen-mai-99-gia-ve-may-bay-black-friday-2022/","/vietjet-khuyen-mai-99-gia-ve-may-bay-black-friday-2022","0","4","0","6.25","true","/khuyen-mai","0","","mapping_defined_unverified","0",""
"https://khangvuongbooking.com/tag/jetstar-pacific/","/tag/jetstar-pacific","0","4","0","7.5","true","/cam-nang-bay","0","","mapping_defined_unverified","0",""
"https://khangvuongbooking.com/sieu-re-ve-singapore-airlines-tu-151-usd-vong-quanh-the-gioi-mot-luot/","/sieu-re-ve-singapore-airlines-tu-151-usd-vong-quanh-the-gioi-mot-luot","0","4","0","8","true","/hang-bay","0","","mapping_defined_unverified","0",""
"https://khangvuongbooking.com/malaysia-airlines-uu-dai-nam-moi-diem-den-moi-voi-ve-chi-tu-797-000d/","/malaysia-airlines-uu-dai-nam-moi-diem-den-moi-voi-ve-chi-tu-797-000d","0","4","0","8.25","true","/khuyen-mai","0","","mapping_defined_unverified","0",""
"https://khangvuongbooking.com/tre-em-co-can-ho-chieu-khi-di-nuoc-ngoai-hay-khong/","/tre-em-co-can-ho-chieu-khi-di-nuoc-ngoai-hay-khong","0","4","0","9","true","/ho-chieu","0","","mapping_defined_unverified","0",""
"https://khangvuongbooking.com/khuyen-mai-mua-thu-ve-emirates-uu-dai-chi-tu-12290000d-khu-hoi-khap-gioi/","/khuyen-mai-mua-thu-ve-emirates-uu-dai-chi-tu-12290000d-khu-hoi-khap-gioi","0","4","0","9.25","true","/khuyen-mai","0","","mapping_defined_unverified","0",""
"https://khangvuongbooking.com/khuyen-mai-vietnam-airlines-giam-den-20-di-cang-dong-giam-cang-nhieu/","/khuyen-mai-vietnam-airlines-giam-den-20-di-cang-dong-giam-cang-nhieu","0","4","0","9.5","true","/khuyen-mai","0","","mapping_defined_unverified","0",""
"https://khangvuongbooking.com/tag/ve-may-bay-vietnam-airlines/","/tag/ve-may-bay-vietnam-airlines","0","4","0","9.5","true","/ve-may-bay","0","","mapping_defined_unverified","0",""
"https://khangvuongbooking.com/don-tet-cung-vietnam-airlines-gia-chi-tu-666k/","/don-tet-cung-vietnam-airlines-gia-chi-tu-666k","0","4","0","9.75","true","/hang-bay","0","","mapping_defined_unverified","0",""
"https://khangvuongbooking.com/tag/dat-ve-may-bay-di-ha-noi/","/tag/dat-ve-may-bay-di-ha-noi","0","4","0","10","true","/ve-may-bay","0","","mapping_defined_unverified","0",""
"https://khangvuongbooking.com/chi-tu-650-usd-ve-vietnam-airlines-uu-dai-bay-thang-ha-noi-sydney/","/chi-tu-650-usd-ve-vietnam-airlines-uu-dai-bay-thang-ha-noi-sydney","0","4","0","10.25","true","/khuyen-mai","0","","mapping_defined_unverified","0",""
"https://khangvuongbooking.com/tag/khuyen-mai-singapore-airline/","/tag/khuyen-mai-singapore-airline","0","4","0","11.25","true","/khuyen-mai","0","","mapping_defined_unverified","0",""
"https://khangvuongbooking.com/tag/eva-air-km-ve-may-bay-di-my-gia-re/","/tag/eva-air-km-ve-may-bay-di-my-gia-re","0","4","0","13.25","true","/ve-may-bay","0","","mapping_defined_unverified","1","ve may bay eva air di my"
"https://khangvuongbooking.com/tag/dat-ve-may-bay-di-duc/","/tag/dat-ve-may-bay-di-duc","0","4","0","13.5","true","/ve-may-bay","0","","mapping_defined_unverified","1","ve may bay di duc"
"https://khangvuongbooking.com/qatar-airways-uu-dai-ve-khu-hoi-bay-ngay-chi-tu-17-trieu-dong/","/qatar-airways-uu-dai-ve-khu-hoi-bay-ngay-chi-tu-17-trieu-dong","0","4","0","15","true","/khuyen-mai","0","","mapping_defined_unverified","2","22,000,000 vnd to usd | qatar airwqays"
"https://khangvuongbooking.com/top-5-dia-chi-du-lich-ma-khi-den-hong-kong-ban-nhat-dinh-nen-ghe-tham/","/top-5-dia-chi-du-lich-ma-khi-den-hong-kong-ban-nhat-dinh-nen-ghe-tham","0","4","0","18","true","/cam-nang-bay","0","","mapping_defined_unverified","0",""
"https://khangvuongbooking.com/ve-vietnam-airlines-sieu-tiet-kiem-chi-tu-69-usd-khu-hoi-di-quoc-te/","/ve-vietnam-airlines-sieu-tiet-kiem-chi-tu-69-usd-khu-hoi-di-quoc-te","0","4","0","19","true","/hang-bay","0","","mapping_defined_unverified","0",""
"https://khangvuongbooking.com/vietnam-airlines-uu-dai-ve-may-bay-gia-re-di-con-dao-thang-10/","/vietnam-airlines-uu-dai-ve-may-bay-gia-re-di-con-dao-thang-10","0","4","0","23.5","true","/khuyen-mai","0","","mapping_defined_unverified","0",""
"https://khangvuongbooking.com/hen-ho-cuoi-tuan-voi-uu-dai-jetstar-sieu-giam-gia-chi-tu-88-000d/","/hen-ho-cuoi-tuan-voi-uu-dai-jetstar-sieu-giam-gia-chi-tu-88-000d","0","4","0","28","true","/khuyen-mai","0","","mapping_defined_unverified","0",""
"https://khangvuongbooking.com/tag/ve-may-bay-di-cao-hung-gia-re/","/tag/ve-may-bay-di-cao-hung-gia-re","0","4","0","33.25","true","/ve-may-bay","0","","mapping_defined_unverified","0",""
"https://khangvuongbooking.com/khuyen-mai-giam-20-ve-may-bay-noi-dia-vietnam-airlines/","/khuyen-mai-giam-20-ve-may-bay-noi-dia-vietnam-airlines","0","4","0","34.5","true","/khuyen-mai","0","","mapping_defined_unverified","0",""
"https://khangvuongbooking.com/tuyen-dung-nhan-vien-content-pr-marketing/","/tuyen-dung-nhan-vien-content-pr-marketing","0","4","0","39","true","/cam-nang-bay","0","","mapping_defined_unverified","0",""
"https://khangvuongbooking.com/bay-thang-sai-gon-di-uc-ve-jetstar-cuoi-tuan-chi-tu-880-000d/","/bay-thang-sai-gon-di-uc-ve-jetstar-cuoi-tuan-chi-tu-880-000d","0","4","0","39.25","true","/hang-bay","0","","mapping_defined_unverified","1","vé máy bay đi úc jetstar"
"https://khangvuongbooking.com/bamboo-airways-tang-them-cac-chuyen-bay-tet-2023/","/bamboo-airways-tang-them-cac-chuyen-bay-tet-2023","0","4","0","40","true","/cam-nang-bay","0","","mapping_defined_unverified","0",""
"https://khangvuongbooking.com/san-ve-re-du-lich-suon-se-cung-singapore-airlines-uu-dai-chi-tu-139-usd-khu-hoi/","/san-ve-re-du-lich-suon-se-cung-singapore-airlines-uu-dai-chi-tu-139-usd-khu-hoi","0","4","0","41","true","/khuyen-mai","0","","mapping_defined_unverified","0",""
"https://khangvuongbooking.com/jetstar-tri-ve-cuoi-tuan-chi-tu-89-000d-sieu-khuyen-mai/","/jetstar-tri-ve-cuoi-tuan-chi-tu-89-000d-sieu-khuyen-mai","0","4","0","41.5","true","/khuyen-mai","0","","mapping_defined_unverified","0",""
"https://khangvuongbooking.com/chao-thu-4-bamboo-airways-khuyen-mai-bay-vo-tu-chi-tu-36-000-vnd/","/chao-thu-4-bamboo-airways-khuyen-mai-bay-vo-tu-chi-tu-36-000-vnd","0","4","0","44.5","true","/khuyen-mai","0","","mapping_defined_unverified","1","bamboo khuyến mãi thứ 4"
"https://khangvuongbooking.com/bay-quoc-te-vui-he-3d-cung-ve-0-dong-vietjet-air-sieu-khuyen-mai/","/bay-quoc-te-vui-he-3d-cung-ve-0-dong-vietjet-air-sieu-khuyen-mai","0","4","0","45.25","true","/khuyen-mai","0","","mapping_defined_unverified","1","vé máy bay 0 đồng"
"https://khangvuongbooking.com/vi-vu-khap-gioi-voi-ve-air-asia-mot-chieu-chi-tu-5-usd/","/vi-vu-khap-gioi-voi-ve-air-asia-mot-chieu-chi-tu-5-usd","0","4","0","54.25","true","/cam-nang-bay","0","","mapping_defined_unverified","1","đại lý air asia"
"https://khangvuongbooking.com/tag/san-ve-re-cua-cebu/","/tag/san-ve-re-cua-cebu","0","4","0","57.75","true","/cam-nang-bay","0","","mapping_defined_unverified","0",""
"https://khangvuongbooking.com/5-trieu-ve-0-dong-khuyen-mai-giang-sinh-tu-vietjet-air/","/5-trieu-ve-0-dong-khuyen-mai-giang-sinh-tu-vietjet-air","0","4","0","63.25","true","/khuyen-mai","0","","mapping_defined_unverified","0",""
"https://khangvuongbooking.com/kham-pha-hai-phong-thanh-pho-hoa-phuong/","/kham-pha-hai-phong-thanh-pho-hoa-phuong","0","4","0","68","true","/cam-nang-bay","0","","mapping_defined_unverified","3","con đường hoa phượng đỏ ở hải phòng | hải phòng hoa phượng đỏ | hải phòng thành phố hoa phượng đỏ"
"https://khangvuongbooking.com/nhung-dia-diem-hap-dan-khach-du-lich-khi-dat-chan-den-nuoc/","/nhung-dia-diem-hap-dan-khach-du-lich-khi-dat-chan-den-nuoc","0","4","0","73.75","true","/cam-nang-bay","0","","mapping_defined_unverified","1","suối yellowstone"
"https://khangvuongbooking.com/tag/ve-may-bay-di-seoul-gia-re/","/tag/ve-may-bay-di-seoul-gia-re","0","4","0","82.75","true","/ve-may-bay","0","","mapping_defined_unverified","1","site:khangvuongbooking.com"
"https://khangvuongbooking.com/bamboo-airways-khuyen-mai-chi-tu-30-000-vnd-nhan-dip-30-4-01-05/","/bamboo-airways-khuyen-mai-chi-tu-30-000-vnd-nhan-dip-30-4-01-05","0","4","0","246.5","true","/khuyen-mai","0","","mapping_defined_unverified","1","site:khangvuongbooking.com"
"https://khangvuongbooking.com/tag/mua-ve-may-bay-di-seattle-o-dau/","/tag/mua-ve-may-bay-di-seattle-o-dau","0","3","0","2","true","/ve-may-bay","0","","mapping_defined_unverified","0",""
"https://khangvuongbooking.com/tag/ve-may-bay-di-phu-quoc-gia-re/","/tag/ve-may-bay-di-phu-quoc-gia-re","0","3","0","4.333333333333334","true","/ve-may-bay","0","","mapping_defined_unverified","0",""
"https://khangvuongbooking.com/gia-khu-hoi-tu-564-usd-bay-au-my-trung-dong-cung-etihad-khong-ban-khoan/","/gia-khu-hoi-tu-564-usd-bay-au-my-trung-dong-cung-etihad-khong-ban-khoan","0","3","0","5.666666666666667","true","/cam-nang-bay","0","","mapping_defined_unverified","0",""
"https://khangvuongbooking.com/tag/korean-air-km-ve-khu-hoi-di-nhat-ban-chi-tu-505-usd/","/tag/korean-air-km-ve-khu-hoi-di-nhat-ban-chi-tu-505-usd","0","3","0","5.666666666666667","true","/cam-nang-bay","0","","mapping_defined_unverified","0",""
"https://khangvuongbooking.com/tag/ve-may-bay-di-kathmandu-gia-re-tu-viet-nam/","/tag/ve-may-bay-di-kathmandu-gia-re-tu-viet-nam","0","3","0","5.666666666666667","true","/ve-may-bay","0","","mapping_defined_unverified","0",""
"https://khangvuongbooking.com/tag/vietnam-airlines-km-ve-may-bay-di-uc-gia-re/","/tag/vietnam-airlines-km-ve-may-bay-di-uc-gia-re","0","3","0","5.666666666666667","true","/ve-may-bay","0","","mapping_defined_unverified","0",""
"https://khangvuongbooking.com/uu-dai-48h-bay-khong-doi-cho-voi-ve-qatar-airways-chi-tu-142-trieu-dong/","/uu-dai-48h-bay-khong-doi-cho-voi-ve-qatar-airways-chi-tu-142-trieu-dong","0","3","0","5.666666666666667","true","/khuyen-mai","0","","mapping_defined_unverified","0",""
"https://khangvuongbooking.com/khuyen-mai-hang-loat-ve-vietnam-airlines-khu-hoi-di-chau-au/","/khuyen-mai-hang-loat-ve-vietnam-airlines-khu-hoi-di-chau-au","0","3","0","6","true","/khuyen-mai","0","","mapping_defined_unverified","0",""
"https://khangvuongbooking.com/tag/nok-air-km-ve-may-bay-di-thai-lan-gia-re/","/tag/nok-air-km-ve-may-bay-di-thai-lan-gia-re","0","3","0","6","true","/ve-may-bay","0","","mapping_defined_unverified","0",""
"https://khangvuongbooking.com/lich-bay-chuyen-gia-tu-nuoc-ngoai-ve-viet-nam-thang-4-2021/","/lich-bay-chuyen-gia-tu-nuoc-ngoai-ve-viet-nam-thang-4-2021","0","3","0","6.333333333333333","true","/hang-bay","0","","mapping_defined_unverified","0",""
"https://khangvuongbooking.com/cung-ve-qatar-uu-dai-bay-cao-bay-xa-gia-chi-tu-4200000d-khu-hoi/","/cung-ve-qatar-uu-dai-bay-cao-bay-xa-gia-chi-tu-4200000d-khu-hoi","0","3","0","7","true","/khuyen-mai","0","","mapping_defined_unverified","0",""
"https://khangvuongbooking.com/bay-quoc-te-gia-re-voi-500-000-ve-0-dong-km-cua-vietjet-air/","/bay-quoc-te-gia-re-voi-500-000-ve-0-dong-km-cua-vietjet-air","0","3","0","7.333333333333333","true","/cam-nang-bay","0","","mapping_defined_unverified","0",""
"https://khangvuongbooking.com/tag/bong-sen-vang/","/tag/bong-sen-vang","0","3","0","7.333333333333333","true","/cam-nang-bay","0","","mapping_defined_unverified","0",""
"https://khangvuongbooking.com/cebu-pacific-tung-ve-cuc-re-di-philippines-chi-tu-59-usd/","/cebu-pacific-tung-ve-cuc-re-di-philippines-chi-tu-59-usd","0","3","0","7.666666666666667","true","/cam-nang-bay","0","","mapping_defined_unverified","0",""
"https://khangvuongbooking.com/tag/ve-may-bay-korean-air-bao-nhieu-tien/","/tag/ve-may-bay-korean-air-bao-nhieu-tien","0","3","0","8","true","/ve-may-bay","0","","mapping_defined_unverified","0",""
"https://khangvuongbooking.com/tag/vietnam-airlines-km-ve-chi-tu-399-000d/","/tag/vietnam-airlines-km-ve-chi-tu-399-000d","0","3","0","8","true","/hang-bay","0","","mapping_defined_unverified","0",""
"https://khangvuongbooking.com/thong-tin-quy-dinh-hanh-ly-dac-biet-vietnam-airlines/","/thong-tin-quy-dinh-hanh-ly-dac-biet-vietnam-airlines","0","3","0","8","true","/mua-them-hanh-ly-vietnam-airlines","0","","mapping_defined_unverified","0",""
"https://khangvuongbooking.com/cach-xin-visa-du-lich-phap-de-dang/","/cach-xin-visa-du-lich-phap-de-dang","0","3","0","8.333333333333332","true","/visa","0","","mapping_defined_unverified","0",""
"https://khangvuongbooking.com/tag/ve-may-bay-di-thai-lan-gia-re-cua-nok-air/","/tag/ve-may-bay-di-thai-lan-gia-re-cua-nok-air","0","3","0","8.333333333333332","true","/ve-may-bay","0","","mapping_defined_unverified","0",""
"https://khangvuongbooking.com/tag/vietnam-airlines-km-ve-di-uc-chi-tu-700-usd/","/tag/vietnam-airlines-km-ve-di-uc-chi-tu-700-usd","0","3","0","8.333333333333332","true","/hang-bay","0","","mapping_defined_unverified","0",""
"https://khangvuongbooking.com/uu-dai-tu-jetstar-gia-ve-mot-chieu-chi-tu-49-000-vnd/","/uu-dai-tu-jetstar-gia-ve-mot-chieu-chi-tu-49-000-vnd","0","3","0","8.333333333333332","true","/khuyen-mai","0","","mapping_defined_unverified","0",""
"https://khangvuongbooking.com/bamboo-airways-uu-dai-ve-may-bay-di-uc-gia-3-694-000d/","/bamboo-airways-uu-dai-ve-may-bay-di-uc-gia-3-694-000d","0","3","0","8.666666666666668","true","/khuyen-mai","0","","mapping_defined_unverified","0",""
"https://khangvuongbooking.com/bung-tinh-voi-sieu-km-ve-tu-319-usd-bay-seoul-han-quoc-cuoi-nam-cung-korean-air/","/bung-tinh-voi-sieu-km-ve-tu-319-usd-bay-seoul-han-quoc-cuoi-nam-cung-korean-air","0","3","0","8.666666666666668","true","/cam-nang-bay","0","","mapping_defined_unverified","0",""
"https://khangvuongbooking.com/luu-y-ve-suc-khoe-khi-di-may-bay-ma-ban-can-chu-y/","/luu-y-ve-suc-khoe-khi-di-may-bay-ma-ban-can-chu-y","0","3","0","9","true","/cam-nang-bay","0","","mapping_defined_unverified","0",""
"https://khangvuongbooking.com/tag/cebu-pacific-km-ve-di-tagbilaran-gia-re/","/tag/cebu-pacific-km-ve-di-tagbilaran-gia-re","0","3","0","9","true","/cam-nang-bay","0","","mapping_defined_unverified","0",""
"https://khangvuongbooking.com/tag/dat-ve-may-bay-di-nha-trang/","/tag/dat-ve-may-bay-di-nha-trang","0","3","0","9","true","/ve-may-bay","0","","mapping_defined_unverified","0",""
"https://khangvuongbooking.com/tag/ve-may-bay-malindo-air-gia-re/","/tag/ve-may-bay-malindo-air-gia-re","0","3","0","9","true","/ve-may-bay","0","","mapping_defined_unverified","0",""
"https://khangvuongbooking.com/tag/ve-may-bay-nok-air-bao-nhieu-tien/","/tag/ve-may-bay-nok-air-bao-nhieu-tien","0","3","0","9","true","/ve-may-bay","0","","mapping_defined_unverified","0",""
"https://khangvuongbooking.com/ve-air-asia-dat-ngay-bay-lien-khuyen-mai-cuoi-nam-chi-tu-6-usd/","/ve-air-asia-dat-ngay-bay-lien-khuyen-mai-cuoi-nam-chi-tu-6-usd","0","3","0","9","true","/khuyen-mai","0","","mapping_defined_unverified","0",""
"https://khangvuongbooking.com/all-nippon-airways-uu-dai-ve-khu-hoi-sang-nhat-chi-tu-16-376-000d-sieu-tiet-kiem/","/all-nippon-airways-uu-dai-ve-khu-hoi-sang-nhat-chi-tu-16-376-000d-sieu-tiet-kiem","0","3","0","9.333333333333334","true","/khuyen-mai","0","","mapping_defined_unverified","0",""
"https://khangvuongbooking.com/tag/ve-may-bay-di-y-gia-re/","/tag/ve-may-bay-di-y-gia-re","0","3","0","9.333333333333334","true","/ve-may-bay","0","","mapping_defined_unverified","0",""
"https://khangvuongbooking.com/ve-khu-hoi-chi-tu-197-usd-du-hi-dai-loan-cung-eva-air/","/ve-khu-hoi-chi-tu-197-usd-du-hi-dai-loan-cung-eva-air","0","3","0","9.333333333333334","true","/cam-nang-bay","0","","mapping_defined_unverified","0",""
"https://khangvuongbooking.com/tag/ve-may-bay-di-han-quoc-gia-re/","/tag/ve-may-bay-di-han-quoc-gia-re","0","3","0","9.666666666666666","true","/ve-may-bay","0","","mapping_defined_unverified","0",""
"https://khangvuongbooking.com/tag/ve-may-bay-di-malaysia/","/tag/ve-may-bay-di-malaysia","0","3","0","10","true","/ve-may-bay","0","","mapping_defined_unverified","0",""
"https://khangvuongbooking.com/chi-tu-88k-ve-jetstar-uu-dai-khung-cuoi-tuan-bay-khap-gioi/","/chi-tu-88k-ve-jetstar-uu-dai-khung-cuoi-tuan-bay-khap-gioi","0","3","0","10.333333333333334","true","/khuyen-mai","0","","mapping_defined_unverified","0",""
"https://khangvuongbooking.com/tag/dai-ly-asiana-airlines/","/tag/dai-ly-asiana-airlines","0","3","0","10.333333333333334","true","/hang-bay","0","","mapping_defined_unverified","0",""
"https://khangvuongbooking.com/tag/ve-may-bay-tphcm-di-han-quoc/","/tag/ve-may-bay-tphcm-di-han-quoc","0","3","0","10.333333333333334","true","/ve-may-bay","0","","mapping_defined_unverified","0",""
"https://khangvuongbooking.com/ung-pho-dich-covid-19-vietnam-airlines-tam-ngung-khai-thac-chuyen-bay-den-han-quoc/","/ung-pho-dich-covid-19-vietnam-airlines-tam-ngung-khai-thac-chuyen-bay-den-han-quoc","0","3","0","10.666666666666666","true","/hang-bay","0","","mapping_defined_unverified","0",""
"https://khangvuongbooking.com/vietjet-air-uu-dai-gia-ve-may-bay-di-uc-tu-5-500-000d/","/vietjet-air-uu-dai-gia-ve-may-bay-di-uc-tu-5-500-000d","0","3","0","10.666666666666666","true","/khuyen-mai","0","","mapping_defined_unverified","0",""
"https://khangvuongbooking.com/tu-seattle-di-chau-a-gia-ve-asiana-khu-hoi-uu-dai-chi-tu-662-usd/","/tu-seattle-di-chau-a-gia-ve-asiana-khu-hoi-uu-dai-chi-tu-662-usd","0","3","0","11.666666666666666","true","/khuyen-mai","0","","mapping_defined_unverified","0",""
"https://khangvuongbooking.com/vietnam-airlines-tang-175-chuyen-bay-noi-dia-phuc-vu-dip-3004-va-0105/","/vietnam-airlines-tang-175-chuyen-bay-noi-dia-phuc-vu-dip-3004-va-0105","0","3","0","11.666666666666666","true","/hang-bay","0","","mapping_defined_unverified","0",""
"https://khangvuongbooking.com/uu-dai-ve-vietnam-airlines-khuyen-mai-5-ngay-vang-di-quoc-te/","/uu-dai-ve-vietnam-airlines-khuyen-mai-5-ngay-vang-di-quoc-te","0","3","0","12","true","/khuyen-mai","0","","mapping_defined_unverified","0",""
"https://khangvuongbooking.com/tag/ve-may-bay-di-hue-gia-re/","/tag/ve-may-bay-di-hue-gia-re","0","3","0","13","true","/ve-may-bay","0","","mapping_defined_unverified","0",""
"https://khangvuongbooking.com/ve-may-bay-air-france/","/ve-may-bay-air-france","0","3","0","13","true","/ve-may-bay","0","","mapping_defined_unverified","0",""
"https://khangvuongbooking.com/chuong-trinh-khuyen-mai-lon-tu-vietjet-air-bay-0-dong-san-may-bay-vang/","/chuong-trinh-khuyen-mai-lon-tu-vietjet-air-bay-0-dong-san-may-bay-vang","0","3","0","13.333333333333334","true","/khuyen-mai","0","","mapping_defined_unverified","0",""
"https://khangvuongbooking.com/bay-theo-nhom-san-deal-hoi-cung-vietjet/","/bay-theo-nhom-san-deal-hoi-cung-vietjet","0","3","0","14","true","/cam-nang-bay","0","","mapping_defined_unverified","1","vietjet group booking"
"https://khangvuongbooking.com/tan-huong-ki-nghi-tuyet-voi-tai-manila-philippines-voi-ve-cebu-pacicfic-chi-tu-65-usd/","/tan-huong-ki-nghi-tuyet-voi-tai-manila-philippines-voi-ve-cebu-pacicfic-chi-tu-65-usd","0","3","0","16","true","/cam-nang-bay","0","","mapping_defined_unverified","2","cebu pacicfic | booking philippines"
"https://khangvuongbooking.com/thoa-suc-kham-pha-chau-au-voi-ve-singapore-airlines-uu-dai-chi-tu-718-usd-khu-hoi/","/thoa-suc-kham-pha-chau-au-voi-ve-singapore-airlines-uu-dai-chi-tu-718-usd-khu-hoi","0","3","0","16","true","/khuyen-mai","0","","mapping_defined_unverified","0",""
"https://khangvuongbooking.com/khuyen-mai-ngay-nhuan-sale-thuan-dong-gia-4-nam-co-1-vietnam-airlines/","/khuyen-mai-ngay-nhuan-sale-thuan-dong-gia-4-nam-co-1-vietnam-airlines","0","3","0","17.333333333333332","true","/khuyen-mai","0","","mapping_defined_unverified","0",""
"https://khangvuongbooking.com/tag/ve-may-bay-di-my-gia-re-cua-eva-air/","/tag/ve-may-bay-di-my-gia-re-cua-eva-air","0","3","0","18.333333333333332","true","/ve-may-bay","0","","mapping_defined_unverified","1","ve may bay eva air di my"
"https://khangvuongbooking.com/di-bangkok-gia-cuc-soc-chi-tu-36-usd-cung-sieu-khuyen-mai-cua-nok-air/","/di-bangkok-gia-cuc-soc-chi-tu-36-usd-cung-sieu-khuyen-mai-cua-nok-air","0","3","0","20","true","/khuyen-mai","0","","mapping_defined_unverified","0",""
"https://khangvuongbooking.com/tag/cathay-pacific/","/tag/cathay-pacific","0","3","0","22.666666666666668","true","/cam-nang-bay","0","","mapping_defined_unverified","0",""
"https://khangvuongbooking.com/mo-ban-ve-vietjet-air-0-dong-chao-mung-khai-truong-chang-ha-noi-singapore/","/mo-ban-ve-vietjet-air-0-dong-chao-mung-khai-truong-chang-ha-noi-singapore","0","3","0","25.333333333333332","true","/hang-bay","0","","mapping_defined_unverified","0",""
"https://khangvuongbooking.com/china-airlines-khuyen-mai-ve-di-my-chi-tu-250-usd/","/china-airlines-khuyen-mai-ve-di-my-chi-tu-250-usd","0","3","0","29","true","/khuyen-mai","0","","mapping_defined_unverified","1","ve may bay china airlines di my"
"https://khangvuongbooking.com/khuyen-mai-12-ve-0-dong-cung-vietjet-air-don-he-soi-dong/","/khuyen-mai-12-ve-0-dong-cung-vietjet-air-don-he-soi-dong","0","3","0","42.333333333333336","true","/khuyen-mai","0","","mapping_defined_unverified","0",""
"https://khangvuongbooking.com/vietnam-airlines-den-dong-nam-a-gia-ve-tam-tay-chi-tu-200-000d/","/vietnam-airlines-den-dong-nam-a-gia-ve-tam-tay-chi-tu-200-000d","0","3","0","51.666666666666664","true","/hang-bay","0","","mapping_defined_unverified","2","book vé vna | giá vé máy bay quốc tế vietnam airline"
"https://khangvuongbooking.com/tag/ve-vietnam-airlines-giam-gia-di-bangkok/","/tag/ve-vietnam-airlines-giam-gia-di-bangkok","0","3","0","72","true","/khuyen-mai","0","","mapping_defined_unverified","1","site:khangvuongbooking.com"
"https://khangvuongbooking.com/tag/korean-air-km-ve-khu-hoi-di-nhat-ban-gia-re/","/tag/korean-air-km-ve-khu-hoi-di-nhat-ban-gia-re","0","3","0","92.66666666666667","true","/cam-nang-bay","0","","mapping_defined_unverified","1","site:khangvuongbooking.com"
"https://khangvuongbooking.com/chi-tu-88-000d-ve-jetstar-cuoi-tuan-sieu-khuyen-mai/","/chi-tu-88-000d-ve-jetstar-cuoi-tuan-sieu-khuyen-mai","0","3","0","137.66666666666666","true","/khuyen-mai","0","","mapping_defined_unverified","1","site:khangvuongbooking.com"
"https://khangvuongbooking.com/khuyen-mai-ngay-10-10-vietnam-airlines-giam-10-gia-ve/","/khuyen-mai-ngay-10-10-vietnam-airlines-giam-10-gia-ve","0","3","0","159","true","/khuyen-mai","0","","mapping_defined_unverified","1","site:khangvuongbooking.com"
"https://khangvuongbooking.com/khang-vuong-booking-thong-bao-lich-nghi-tet-nguyen-dan-2021/","/khang-vuong-booking-thong-bao-lich-nghi-tet-nguyen-dan-2021","0","2","0","2","true","/hang-bay","0","","mapping_defined_unverified","0",""
"https://khangvuongbooking.com/tag/khuyen-mai-qatar-airways/","/tag/khuyen-mai-qatar-airways","0","2","0","2","true","/khuyen-mai","0","","mapping_defined_unverified","0",""
"https://khangvuongbooking.com/dat-mua-ve-may-bay-starlux-airlines-di-san-jose/","/dat-mua-ve-may-bay-starlux-airlines-di-san-jose","0","2","0","3","true","/ve-may-bay","0","","mapping_defined_unverified","0",""
"https://khangvuongbooking.com/tag/jetstar-km-ve-chi-tu-11-000d/","/tag/jetstar-km-ve-chi-tu-11-000d","0","2","0","3","true","/cam-nang-bay","0","","mapping_defined_unverified","0",""
"https://khangvuongbooking.com/ve-may-bay-quoc-te/ve-may-bay-di-thai-lan-gia-re/","/ve-may-bay-quoc-te/ve-may-bay-di-thai-lan-gia-re","0","2","0","3.5","true","/ve-may-bay","0","","mapping_defined_unverified","0",""
"https://khangvuongbooking.com/bay-ngay-voi-ve-etihad-airways-chi-tu-579-usd-khu-hoi-khap-the-gioi/","/bay-ngay-voi-ve-etihad-airways-chi-tu-579-usd-khu-hoi-khap-the-gioi","0","2","0","4","true","/cam-nang-bay","0","","mapping_defined_unverified","0",""
"https://khangvuongbooking.com/vietjet-air-khuyen-mai-ve-may-bay-di-dong-bac-a/","/vietjet-air-khuyen-mai-ve-may-bay-di-dong-bac-a","0","2","0","4","true","/khuyen-mai","0","","mapping_defined_unverified","0",""
"https://khangvuongbooking.com/khuyen-mai-vietnam-airlines-dong-gia-26-000-vnd-muon-van-tien-ich/","/khuyen-mai-vietnam-airlines-dong-gia-26-000-vnd-muon-van-tien-ich","0","2","0","4.5","true","/khuyen-mai","0","","mapping_defined_unverified","0",""
"https://khangvuongbooking.com/tag/khuyen-mai-cathay-pacific/","/tag/khuyen-mai-cathay-pacific","0","2","0","4.5","true","/khuyen-mai","0","","mapping_defined_unverified","0",""
"https://khangvuongbooking.com/chao-2017-ve-emirates-uu-dai-toan-mang-bay-gia-chi-tu-2-968-000d/","/chao-2017-ve-emirates-uu-dai-toan-mang-bay-gia-chi-tu-2-968-000d","0","2","0","5","true","/khuyen-mai","0","","mapping_defined_unverified","0",""
"https://khangvuongbooking.com/tag/cam-nang-hanh-ly-cam-van-chuyen-tren-chuyen-bay-vietjet-air/","/tag/cam-nang-hanh-ly-cam-van-chuyen-tren-chuyen-bay-vietjet-air","0","2","0","5","true","/mua-them-hanh-ly-vietjet-air","0","","mapping_defined_unverified","0",""
"https://khangvuongbooking.com/tag/quy-dinh-hoan-doi-ve-may-bay-vietjet-air-ban-nen-biet/","/tag/quy-dinh-hoan-doi-ve-may-bay-vietjet-air-ban-nen-biet","0","2","0","5","true","/doi-ngay-ve-vietjet-air","0","","mapping_defined_unverified","0",""
"https://khangvuongbooking.com/dich-vu-ho-tro-nguoi-khuyet-tat-khi-bay-cua-jetstar/","/dich-vu-ho-tro-nguoi-khuyet-tat-khi-bay-cua-jetstar","0","2","0","5.5","true","/cam-nang-bay","0","","mapping_defined_unverified","0",""
"https://khangvuongbooking.com/chi-tu-59-usd-ve-cebu-pacific-kham-pha-thien-nhien-philippines/","/chi-tu-59-usd-ve-cebu-pacific-kham-pha-thien-nhien-philippines","0","2","0","6","true","/cam-nang-bay","0","","mapping_defined_unverified","0",""
"https://khangvuongbooking.com/hang-hang-khong-air-asia-giam-20-gia-ve-may-bay-di-malaysia/","/hang-hang-khong-air-asia-giam-20-gia-ve-may-bay-di-malaysia","0","2","0","6","true","/ve-may-bay","0","","mapping_defined_unverified","0",""
"https://khangvuongbooking.com/phan-khich-voi-ve-tu-880-000d-mung-duong-bay-moi-nha-trang-seoul-cung-vietjet/","/phan-khich-voi-ve-tu-880-000d-mung-duong-bay-moi-nha-trang-seoul-cung-vietjet","0","2","0","6","true","/cam-nang-bay","0","","mapping_defined_unverified","0",""
"https://khangvuongbooking.com/tag/bay-dai-loan-chi-tu-0-dong/","/tag/bay-dai-loan-chi-tu-0-dong","0","2","0","6","true","/cam-nang-bay","0","","mapping_defined_unverified","0",""
"https://khangvuongbooking.com/tag/bung-no-23-000-ve-may-bay-co-vu-u23-viet-nam-gia-chi-tu-23-000d-cung-vietjet-air/","/tag/bung-no-23-000-ve-may-bay-co-vu-u23-viet-nam-gia-chi-tu-23-000d-cung-vietjet-air","0","2","0","6","true","/ve-may-bay","0","","mapping_defined_unverified","0",""
"https://khangvuongbooking.com/tag/dai-ly-scoot/","/tag/dai-ly-scoot","0","2","0","6","true","/cam-nang-bay","0","","mapping_defined_unverified","0",""
"https://khangvuongbooking.com/khuyen-mai-45-trieu-ve-may-bay-mua-le-hoi-tu-vietjet-air/","/khuyen-mai-45-trieu-ve-may-bay-mua-le-hoi-tu-vietjet-air","0","2","0","6.5","true","/khuyen-mai","0","","mapping_defined_unverified","0",""
"https://khangvuongbooking.com/tag/qatar-airways-km-ve-khu-hoi-chi-tu-16-100-000-vnd/","/tag/qatar-airways-km-ve-khu-hoi-chi-tu-16-100-000-vnd","0","2","0","6.5","true","/cam-nang-bay","0","","mapping_defined_unverified","0",""
"https://khangvuongbooking.com/tag/ve-may-bay-di-dong-hoi-gia-re/","/tag/ve-may-bay-di-dong-hoi-gia-re","0","2","0","6.5","true","/ve-may-bay","0","","mapping_defined_unverified","0",""
"https://khangvuongbooking.com/tu-39-usd-cung-vietnam-airlines-du-ngoan-dong-nam-a-khong-ton-kem/","/tu-39-usd-cung-vietnam-airlines-du-ngoan-dong-nam-a-khong-ton-kem","0","2","0","6.5","true","/hang-bay","0","","mapping_defined_unverified","0",""
"https://khangvuongbooking.com/vietjet-air-khai-thac-tro-lai-chang-bay-di-cao-hung-tu-ha-noi-tphcm/","/vietjet-air-khai-thac-tro-lai-chang-bay-di-cao-hung-tu-ha-noi-tphcm","0","2","0","6.5","true","/hang-bay","0","","mapping_defined_unverified","0",""
"https://khangvuongbooking.com/bay-khap-viet-nam-cung-km-vang-cua-vietnam-airlines-ve-chi-tu-399kchieu/","/bay-khap-viet-nam-cung-km-vang-cua-vietnam-airlines-ve-chi-tu-399kchieu","0","2","0","7","true","/hang-bay","0","","mapping_defined_unverified","0",""
"https://khangvuongbooking.com/tag/gia-ve-may-bay-di-trung-quoc-bao-nhieu-tien/","/tag/gia-ve-may-bay-di-trung-quoc-bao-nhieu-tien","0","2","0","7","true","/ve-may-bay","0","","mapping_defined_unverified","0",""
"https://khangvuongbooking.com/tag/jetstar-km-ve-chi-tu-48-000-vnd/","/tag/jetstar-km-ve-chi-tu-48-000-vnd","0","2","0","7","true","/cam-nang-bay","0","","mapping_defined_unverified","0",""
"https://khangvuongbooking.com/tag/ve-may-bay-air-asia-khuyen-mai/","/tag/ve-may-bay-air-asia-khuyen-mai","0","2","0","7","true","/khuyen-mai","0","","mapping_defined_unverified","0",""
"https://khangvuongbooking.com/tag/ve-may-bay-di-dai-bac-gia-re/","/tag/ve-may-bay-di-dai-bac-gia-re","0","2","0","7","true","/ve-may-bay","0","","mapping_defined_unverified","0",""
"https://khangvuongbooking.com/tag/ve-may-bay-thai-airways-gia-re/","/tag/ve-may-bay-thai-airways-gia-re","0","2","0","7","true","/ve-may-bay","0","","mapping_defined_unverified","0",""
"https://khangvuongbooking.com/bamboo-airways-giam-gia-ve-may-bay-tet-duong-lich-2023-theo-nhom/","/bamboo-airways-giam-gia-ve-may-bay-tet-duong-lich-2023-theo-nhom","0","2","0","7.5","true","/khuyen-mai","0","","mapping_defined_unverified","0",""
"https://khangvuongbooking.com/dai-loan-mien-visa-cho-viet-nam-tu-thang-9/","/dai-loan-mien-visa-cho-viet-nam-tu-thang-9","0","2","0","7.5","true","/visa","0","","mapping_defined_unverified","0",""
"https://khangvuongbooking.com/giam-10-gia-ve-may-bay-bamboo-airways-di-dong-bac-a/","/giam-10-gia-ve-may-bay-bamboo-airways-di-dong-bac-a","0","2","0","7.5","true","/ve-may-bay","0","","mapping_defined_unverified","0",""
"https://khangvuongbooking.com/tag/ve-may-bay-di-thai-lan-gia-re/page/1/","/tag/ve-may-bay-di-thai-lan-gia-re/page/1","0","2","0","7.5","false","","0","","needs_mapping_review","0",""
"https://khangvuongbooking.com/air-asia-tung-ve-sieu-re-chi-tu-4-usd-bay-khap-gioi/","/air-asia-tung-ve-sieu-re-chi-tu-4-usd-bay-khap-gioi","0","2","0","8","true","/cam-nang-bay","0","","mapping_defined_unverified","0",""
"https://khangvuongbooking.com/san-1-trieu-ve-vietjet-air-chi-tu-0-dong-bay-tha-ga-khap-nuoc-ta/","/san-1-trieu-ve-vietjet-air-chi-tu-0-dong-bay-tha-ga-khap-nuoc-ta","0","2","0","8","true","/cam-nang-bay","0","","mapping_defined_unverified","0",""
"https://khangvuongbooking.com/tag/ve-may-bay-gia-re-cua-scoot/","/tag/ve-may-bay-gia-re-cua-scoot","0","2","0","8","true","/ve-may-bay","0","","mapping_defined_unverified","0",""
"https://khangvuongbooking.com/tag/ve-may-bay-tphcm-di-seoul/","/tag/ve-may-bay-tphcm-di-seoul","0","2","0","8","true","/ve-may-bay","0","","mapping_defined_unverified","0",""
"https://khangvuongbooking.com/ve-may-bay-di-london-gia-re/","/ve-may-bay-di-london-gia-re","0","2","0","8","true","/ve-may-bay","0","","mapping_defined_unverified","0",""
"https://khangvuongbooking.com/ve-may-bay-di-pleiku/","/ve-may-bay-di-pleiku","0","2","0","8","true","/ve-may-bay","0","","mapping_defined_unverified","0",""
"https://khangvuongbooking.com/vietnam-airlines-khuyen-mai-chi-299-000-vnd-don-he-ruc-ro/","/vietnam-airlines-khuyen-mai-chi-299-000-vnd-don-he-ruc-ro","0","2","0","8","true","/khuyen-mai","0","","mapping_defined_unverified","0",""
"https://khangvuongbooking.com/vietnam-airlines-mien-phi-hanh-ly-ky-gui-23kg-cho-ve-pho-thong/","/vietnam-airlines-mien-phi-hanh-ly-ky-gui-23kg-cho-ve-pho-thong","0","2","0","8","true","/mua-them-hanh-ly-vietnam-airlines","0","","mapping_defined_unverified","0",""
"https://khangvuongbooking.com/di-du-lich-cung-singapore-airlines-khong-ton-kem-ve-khu-hoi-chi-tu-146-usd/","/di-du-lich-cung-singapore-airlines-khong-ton-kem-ve-khu-hoi-chi-tu-146-usd","0","2","0","8.5","true","/hang-bay","0","","mapping_defined_unverified","0",""
"https://khangvuongbooking.com/tag/mua-ve-may-bay-di-ha-noi-khu-hoi/","/tag/mua-ve-may-bay-di-ha-noi-khu-hoi","0","2","0","8.5","true","/ve-may-bay","0","","mapping_defined_unverified","0",""
"https://khangvuongbooking.com/tag/san-ve-may-bay-gia-re-cua-vietjet-air/","/tag/san-ve-may-bay-gia-re-cua-vietjet-air","0","2","0","8.5","true","/ve-may-bay","0","","mapping_defined_unverified","0",""
"https://khangvuongbooking.com/tag/ve-jetstar-0-dong/","/tag/ve-jetstar-0-dong","0","2","0","8.5","true","/cam-nang-bay","0","","mapping_defined_unverified","0",""
"https://khangvuongbooking.com/uu-dai-bay-cung-qatar-airways-gia-sieu-re-chi-tu-3400000d-khu-hoi/","/uu-dai-bay-cung-qatar-airways-gia-sieu-re-chi-tu-3400000d-khu-hoi","0","2","0","8.5","true","/khuyen-mai","0","","mapping_defined_unverified","0",""
"https://khangvuongbooking.com/chi-tu-90-usd-hanh-trinh-ha-noi-di-manila-ve-mot-chieu/","/chi-tu-90-usd-hanh-trinh-ha-noi-di-manila-ve-mot-chieu","0","2","0","9","true","/cam-nang-bay","0","","mapping_defined_unverified","0",""
"https://khangvuongbooking.com/giam-gia-cuc-sau-ve-emirates-di-chau-au-chi-tu-14229000d-khu-hoi/","/giam-gia-cuc-sau-ve-emirates-di-chau-au-chi-tu-14229000d-khu-hoi","0","2","0","9","true","/khuyen-mai","0","","mapping_defined_unverified","0",""
"https://khangvuongbooking.com/tag/dat-ve-may-bay-di-da-lat/","/tag/dat-ve-may-bay-di-da-lat","0","2","0","9","true","/ve-may-bay","0","","mapping_defined_unverified","0",""
"https://khangvuongbooking.com/tag/dat-ve-may-bay-di-han-quoc-bao-nhieu-tien/","/tag/dat-ve-may-bay-di-han-quoc-bao-nhieu-tien","0","2","0","9","true","/ve-may-bay","0","","mapping_defined_unverified","0",""
"https://khangvuongbooking.com/tag/mua-ve-may-bay-di-trung-quoc-bao-nhieu-tien/","/tag/mua-ve-may-bay-di-trung-quoc-bao-nhieu-tien","0","2","0","9","true","/ve-may-bay","0","","mapping_defined_unverified","0",""
"https://khangvuongbooking.com/tag/ve-may-bay-di-dai-loan-gia-re/","/tag/ve-may-bay-di-dai-loan-gia-re","0","2","0","9","true","/ve-may-bay","0","","mapping_defined_unverified","0",""
"https://khangvuongbooking.com/ve-may-bay-gia-re/","/ve-may-bay-gia-re","0","2","0","9","true","/ve-may-bay","0","","mapping_defined_unverified","0",""
"https://khangvuongbooking.com/ve-tiger-air-uu-dai-kham-pha-singapore-dau-nam-chi-tu-34-usd/","/ve-tiger-air-uu-dai-kham-pha-singapore-dau-nam-chi-tu-34-usd","0","2","0","9","true","/khuyen-mai","0","","mapping_defined_unverified","0",""
"https://khangvuongbooking.com/bamboo-airways-khuyen-mai-mung-ngay-thanh-lap-doan-chi-tu-26-000-vnd/","/bamboo-airways-khuyen-mai-mung-ngay-thanh-lap-doan-chi-tu-26-000-vnd","0","2","0","9.5","true","/khuyen-mai","0","","mapping_defined_unverified","0",""
"https://khangvuongbooking.com/ban-co-muon-trai-nghiem-thien-duong-nghi-duong-hang-dau-nhat-ban/","/ban-co-muon-trai-nghiem-thien-duong-nghi-duong-hang-dau-nhat-ban","0","2","0","9.5","true","/hang-bay","0","","mapping_defined_unverified","0",""
"https://khangvuongbooking.com/dat-mua-ve-may-bay-japan-airlines-di-san-francisco/","/dat-mua-ve-may-bay-japan-airlines-di-san-francisco","0","2","0","9.5","true","/ve-may-bay","0","","mapping_defined_unverified","0",""
"https://khangvuongbooking.com/kham-pha-bangkok-cung-ve-nok-air-mot-chieu-sieu-re-chi-tu-36-usd/","/kham-pha-bangkok-cung-ve-nok-air-mot-chieu-sieu-re-chi-tu-36-usd","0","2","0","9.5","true","/cam-nang-bay","0","","mapping_defined_unverified","0",""
"https://khangvuongbooking.com/khuyen-mai-mid-night-sale-vietnam-airlines-giam-den-20-gia-ve/","/khuyen-mai-mid-night-sale-vietnam-airlines-giam-den-20-gia-ve","0","2","0","9.5","true","/khuyen-mai","0","","mapping_defined_unverified","0",""
"https://khangvuongbooking.com/tag/ve-may-bay-di-da-nang/","/tag/ve-may-bay-di-da-nang","0","2","0","9.5","true","/ve-may-bay","0","","mapping_defined_unverified","0",""
"https://khangvuongbooking.com/vietjet-air-tung-ve-loc-phat-chi-tu-68-000d/","/vietjet-air-tung-ve-loc-phat-chi-tu-68-000d","0","2","0","9.5","true","/cam-nang-bay","0","","mapping_defined_unverified","0",""
"https://khangvuongbooking.com/vietnam-airlines-khuyen-mai-dau-thang-gia-tot-chi-tu-579-000-vnd/","/vietnam-airlines-khuyen-mai-dau-thang-gia-tot-chi-tu-579-000-vnd","0","2","0","9.5","true","/khuyen-mai","0","","mapping_defined_unverified","0",""
"https://khangvuongbooking.com/jetstar-chinh-thuc-mo-ban-ve-may-bay-tet-dinh-dau-2017-sieu-re/","/jetstar-chinh-thuc-mo-ban-ve-may-bay-tet-dinh-dau-2017-sieu-re","0","2","0","10","true","/ve-may-bay","0","","mapping_defined_unverified","0",""
"https://khangvuongbooking.com/mo-ban-300-000-ve-vietjet-air-chi-tu-0-dong-uu-dai-vui-bat-tan/","/mo-ban-300-000-ve-vietjet-air-chi-tu-0-dong-uu-dai-vui-bat-tan","0","2","0","10","true","/khuyen-mai","0","","mapping_defined_unverified","0",""
"https://khangvuongbooking.com/tag/scoot-khuyen-mai-ve-mot-chieu-chi-tu-31-usd/","/tag/scoot-khuyen-mai-ve-mot-chieu-chi-tu-31-usd","0","2","0","10","true","/khuyen-mai","0","","mapping_defined_unverified","0",""
"https://khangvuongbooking.com/tag/ve-11-000-d-cua-jetstar/","/tag/ve-11-000-d-cua-jetstar","0","2","0","10","true","/cam-nang-bay","0","","mapping_defined_unverified","0",""
"https://khangvuongbooking.com/tag/ve-may-bay-di-my-gia-re/","/tag/ve-may-bay-di-my-gia-re","0","2","0","10","true","/ve-may-bay","0","","mapping_defined_unverified","0",""
"https://khangvuongbooking.com/ve-may-bay-di-phu-quoc/","/ve-may-bay-di-phu-quoc","0","2","0","10","true","/ve-may-bay","0","","mapping_defined_unverified","0",""
"https://khangvuongbooking.com/vui-say-bay-gia-re-cung-ve-air-asia-chi-tu-31-usd-chieu/","/vui-say-bay-gia-re-cung-ve-air-asia-chi-tu-31-usd-chieu","0","2","0","10","true","/cam-nang-bay","0","","mapping_defined_unverified","0",""
"https://khangvuongbooking.com/co-hoi-kham-pha-gioi-muon-mau-cung-voi-ve-bay-chi-tu-43-usd-cung-air-asia/","/co-hoi-kham-pha-gioi-muon-mau-cung-voi-ve-bay-chi-tu-43-usd-cung-air-asia","0","2","0","10.5","true","/cam-nang-bay","0","","mapping_defined_unverified","0",""
"https://khangvuongbooking.com/tag/ve-bay-jetstar-chi-tu-23k-cung-an-mung-chien-thang-doi-tuyen-u23-viet-nam-buoc-vao-chung-ket/","/tag/ve-bay-jetstar-chi-tu-23k-cung-an-mung-chien-thang-doi-tuyen-u23-viet-nam-buoc-vao-chung-ket","0","2","0","10.5","true","/cam-nang-bay","0","","mapping_defined_unverified","0",""
"https://khangvuongbooking.com/du-lich-thoa-thich-voi-ve-vna-khu-hoi-ha-noi-bangkok-chi-tu-899-000d/","/du-lich-thoa-thich-voi-ve-vna-khu-hoi-ha-noi-bangkok-chi-tu-899-000d","0","2","0","11","true","/cam-nang-bay","0","","mapping_defined_unverified","1","vé vna"
"https://khangvuongbooking.com/malindo-air-uu-dai-khung-san-ve-thuong-gia-bay-tha-ga-chi-tu-74-usd/","/malindo-air-uu-dai-khung-san-ve-thuong-gia-bay-tha-ga-chi-tu-74-usd","0","2","0","11","true","/khuyen-mai","0","","mapping_defined_unverified","0",""
"https://khangvuongbooking.com/tag/ve-may-bay-di-hongkong-gia-re/","/tag/ve-may-bay-di-hongkong-gia-re","0","2","0","11","true","/ve-may-bay","0","","mapping_defined_unverified","0",""
"https://khangvuongbooking.com/tag/ve-may-bay-ha-noi-di-han-quoc/","/tag/ve-may-bay-ha-noi-di-han-quoc","0","2","0","11","true","/ve-may-bay","0","","mapping_defined_unverified","0",""
"https://khangvuongbooking.com/thai-lion-air-uu-dai-giua-nam-ve-mot-chieu-sieu-re-chi-tu-35-usd/","/thai-lion-air-uu-dai-giua-nam-ve-mot-chieu-sieu-re-chi-tu-35-usd","0","2","0","11","true","/khuyen-mai","0","","mapping_defined_unverified","0",""
"https://khangvuongbooking.com/thu-5-ruc-ro-vietnam-airlines-khuyen-mai-chi-tu-498-000-vnd/","/thu-5-ruc-ro-vietnam-airlines-khuyen-mai-chi-tu-498-000-vnd","0","2","0","11","true","/khuyen-mai","0","","mapping_defined_unverified","0",""
"https://khangvuongbooking.com/den-manila-voi-ve-may-bay-chi-tu-59-usd-kham-pha-vuong-quoc-nghin-dao-cung-cebu-pacific/","/den-manila-voi-ve-may-bay-chi-tu-59-usd-kham-pha-vuong-quoc-nghin-dao-cung-cebu-pacific","0","2","0","11.5","true","/ve-may-bay","0","","mapping_defined_unverified","0",""
"https://khangvuongbooking.com/dung-ngoi-khong-yen-ve-emirates-khu-hoi-den-au-my-trung-dong-chi-tu-12-300-000d/","/dung-ngoi-khong-yen-ve-emirates-khu-hoi-den-au-my-trung-dong-chi-tu-12-300-000d","0","2","0","11.5","true","/cam-nang-bay","0","","mapping_defined_unverified","0",""
"https://khangvuongbooking.com/dung-ngoi-khong-yen-voi-ve-air-asia-di-indonesia-gia-sieu-re-chi-tu-68-usd/","/dung-ngoi-khong-yen-voi-ve-air-asia-di-indonesia-gia-sieu-re-chi-tu-68-usd","0","2","0","11.5","true","/cam-nang-bay","0","","mapping_defined_unverified","0",""
"https://khangvuongbooking.com/khuyen-mai-giam-20-gia-ve-noi-dia-tu-vietnam-airlines/","/khuyen-mai-giam-20-gia-ve-noi-dia-tu-vietnam-airlines","0","2","0","11.5","true","/khuyen-mai","0","","mapping_defined_unverified","0",""
"https://khangvuongbooking.com/tag/dat-ve-may-bay-air-asia-gia-re/","/tag/dat-ve-may-bay-air-asia-gia-re","0","2","0","11.5","true","/ve-may-bay","0","","mapping_defined_unverified","0",""
"https://khangvuongbooking.com/bamboo-airways-khuyen-mai-tang-ve-tre-em-mung-tet-thieu-nhi/","/bamboo-airways-khuyen-mai-tang-ve-tre-em-mung-tet-thieu-nhi","0","2","0","12.5","true","/khuyen-mai","0","","mapping_defined_unverified","0",""
"https://khangvuongbooking.com/tag/nhung-quy-dinh-ba-bau-di-may-bay-vietnam-airlines/","/tag/nhung-quy-dinh-ba-bau-di-may-bay-vietnam-airlines","0","2","0","12.5","true","/hang-bay","0","","mapping_defined_unverified","0",""
"https://khangvuongbooking.com/tag/ve-may-bay-di-berlin-gia-re/","/tag/ve-may-bay-di-berlin-gia-re","0","2","0","13","true","/ve-may-bay","0","","mapping_defined_unverified","0",""
"https://khangvuongbooking.com/tag/qatar-airways-km-ve-may-bay-di-chau-au-gia-re/","/tag/qatar-airways-km-ve-may-bay-di-chau-au-gia-re","0","2","0","13.5","true","/ve-may-bay","0","","mapping_defined_unverified","0",""
"https://khangvuongbooking.com/chi-tu-45-usd-ve-mot-chieu-di-manila-cuc-re/","/chi-tu-45-usd-ve-mot-chieu-di-manila-cuc-re","0","2","0","14","true","/cam-nang-bay","0","","mapping_defined_unverified","0",""
"https://khangvuongbooking.com/vietnam-airlines-giam-20-phi-chon-cho-ngoi-ve-phuong-dong/","/vietnam-airlines-giam-20-phi-chon-cho-ngoi-ve-phuong-dong","0","2","0","14","true","/hang-bay","0","","mapping_defined_unverified","0",""
"https://khangvuongbooking.com/wp-content/uploads/2018/07/1450202_586194808118709_388579283_n-1-Copy.jpg","/wp-content/uploads/2018/07/1450202_586194808118709_388579283_n-1-Copy.jpg","0","2","0","14","false","","0","","needs_mapping_review","1","photo giấy tờ"
"https://khangvuongbooking.com/air-asia-mo-ban-ve-di-kuala-lumpur-tu-16-usd-kham-pha-ngay-malaysia/","/air-asia-mo-ban-ve-di-kuala-lumpur-tu-16-usd-kham-pha-ngay-malaysia","0","2","0","15","true","/cam-nang-bay","0","","mapping_defined_unverified","0",""
"https://khangvuongbooking.com/tag/ve-may-bay-0-dong-vietjet/","/tag/ve-may-bay-0-dong-vietjet","0","2","0","15.5","true","/ve-may-bay","0","","mapping_defined_unverified","0",""
"https://khangvuongbooking.com/khuyen-mai-mung-tuoi-moi-bamboo-airways-tung-trieu-ve-may-bay/","/khuyen-mai-mung-tuoi-moi-bamboo-airways-tung-trieu-ve-may-bay","0","2","0","16","true","/khuyen-mai","0","","mapping_defined_unverified","0",""
"https://khangvuongbooking.com/tag/ve-may-bay-di-uc-khu-hoi/","/tag/ve-may-bay-di-uc-khu-hoi","0","2","0","16","true","/ve-may-bay","0","","mapping_defined_unverified","0",""
"https://khangvuongbooking.com/tag/ve-may-bay-di-vienna-gia-re/","/tag/ve-may-bay-di-vienna-gia-re","0","2","0","19.5","true","/ve-may-bay","0","","mapping_defined_unverified","0",""
"https://khangvuongbooking.com/ve-may-bay-quoc-te/ve-may-bay-di-indonesia-gia-re/","/ve-may-bay-quoc-te/ve-may-bay-di-indonesia-gia-re","0","2","0","21","false","","0","","needs_mapping_review","1","vé máy bay đi indonesia"
"https://khangvuongbooking.com/dong-gia-6k-sieu-sale-thang-6-khuyen-mai-tu-bamboo-airways/","/dong-gia-6k-sieu-sale-thang-6-khuyen-mai-tu-bamboo-airways","0","2","0","22","true","/khuyen-mai","0","","mapping_defined_unverified","0",""
"https://khangvuongbooking.com/khuyen-mai-sieu-re-ve-air-asia-bay-khap-dong-nam-gia-chi-tu-35-usd/","/khuyen-mai-sieu-re-ve-air-asia-bay-khap-dong-nam-gia-chi-tu-35-usd","0","2","0","22","true","/khuyen-mai","0","","mapping_defined_unverified","1","booking asia"
"https://khangvuongbooking.com/tag/ve-may-bay-jetstar-pacific-gia-re/","/tag/ve-may-bay-jetstar-pacific-gia-re","0","2","0","24","true","/ve-may-bay","0","","mapping_defined_unverified","0",""
"https://khangvuongbooking.com/bay-chau-a-gia-cuc-da-cung-malindo-air-chi-tu-47-usd-sieu-tiet-kiem/","/bay-chau-a-gia-cuc-da-cung-malindo-air-chi-tu-47-usd-sieu-tiet-kiem","0","2","0","26","true","/cam-nang-bay","0","","mapping_defined_unverified","1","malindo air"
"https://khangvuongbooking.com/bay-dang-cap-gia-cuc-thap-voi-ve-chi-tu-299-000d-cua-vietnam-airlines/","/bay-dang-cap-gia-cuc-thap-voi-ve-chi-tu-299-000d-cua-vietnam-airlines","0","2","0","26","true","/hang-bay","0","","mapping_defined_unverified","0",""
"https://khangvuongbooking.com/tag/han-quoc-don-gian-hoa-thu-tuc-cap-visa-cho-du-khach-viet/","/tag/han-quoc-don-gian-hoa-thu-tuc-cap-visa-cho-du-khach-viet","0","2","0","26","true","/visa","0","","mapping_defined_unverified","0",""
"https://khangvuongbooking.com/khuyen-mai-hap-dan-bay-tu-ha-noi-di-bangkok-gia-chi-tu-4430-usd-cung-thai-lion-air/","/khuyen-mai-hap-dan-bay-tu-ha-noi-di-bangkok-gia-chi-tu-4430-usd-cung-thai-lion-air","0","2","0","27.5","true","/khuyen-mai","0","","mapping_defined_unverified","1","giá vé máy bay từ hà nội đi bangkok"
"https://khangvuongbooking.com/giam-30-cung-vietnam-airlines-kham-pha-di-san-the-gioi/","/giam-30-cung-vietnam-airlines-kham-pha-di-san-the-gioi","0","2","0","29","true","/hang-bay","0","","mapping_defined_unverified","0",""
"https://khangvuongbooking.com/https-aivivu-com-du-lich-tha-ga-cung-vietjet-air-voi-1-800-000-ve-0-dong/","/https-aivivu-com-du-lich-tha-ga-cung-vietjet-air-voi-1-800-000-ve-0-dong","0","2","0","30","true","/cam-nang-bay","0","","mapping_defined_unverified","0",""
"https://khangvuongbooking.com/uu-dai-ve-jetstar-cuoi-tuan-chi-tu-58-000d-mung-dai-le-3004/","/uu-dai-ve-jetstar-cuoi-tuan-chi-tu-58-000d-mung-dai-le-3004","0","2","0","30.5","true","/khuyen-mai","0","","mapping_defined_unverified","0",""
"https://khangvuongbooking.com/tag/dat-ve-may-bay-di-sai-gon/","/tag/dat-ve-may-bay-di-sai-gon","0","2","0","32.5","true","/ve-may-bay","0","","mapping_defined_unverified","0",""
"https://khangvuongbooking.com/tag/ve-may-bay-khu-hoi-di-nhat-ban/","/tag/ve-may-bay-khu-hoi-di-nhat-ban","0","2","0","32.5","true","/ve-may-bay","0","","mapping_defined_unverified","0",""
"https://khangvuongbooking.com/trai-nghiem-mua-tai-thai-lan-malaysia-chi-tu-8-usd/","/trai-nghiem-mua-tai-thai-lan-malaysia-chi-tu-8-usd","0","2","0","32.5","true","/cam-nang-bay","0","","mapping_defined_unverified","0",""
"https://khangvuongbooking.com/vo-tu-kham-khong-lo-ve-gia-cung-malindo-air-bay-khap-chau-voi-ve-bay-chi-tu-89-usd/","/vo-tu-kham-khong-lo-ve-gia-cung-malindo-air-bay-khap-chau-voi-ve-bay-chi-tu-89-usd","0","2","0","37.5","true","/cam-nang-bay","0","","mapping_defined_unverified","1","muavemaybay"
"https://khangvuongbooking.com/tag/gia-ve-may-bay-jetstar-khu-hoi/","/tag/gia-ve-may-bay-jetstar-khu-hoi","0","2","0","43","true","/ve-may-bay","0","","mapping_defined_unverified","1","book vé máy bay jetstar"
"https://khangvuongbooking.com/du-lich-philippines-voi-ve-cebu-pacific-sieu-re-chi-tu-59-usd/","/du-lich-philippines-voi-ve-cebu-pacific-sieu-re-chi-tu-59-usd","0","2","0","45.5","true","/cam-nang-bay","0","","mapping_defined_unverified","0",""
"https://khangvuongbooking.com/sinh-nhat-website-bamboo-airways-khuyen-mai-ngan-uu-dai/","/sinh-nhat-website-bamboo-airways-khuyen-mai-ngan-uu-dai","0","2","0","45.5","true","/khuyen-mai","0","","mapping_defined_unverified","1","website bamboo"
"https://khangvuongbooking.com/bamboo-airways-giam-gia-ve-may-bay-di-han-quoc-nhat-ban-dai-loan/","/bamboo-airways-giam-gia-ve-may-bay-di-han-quoc-nhat-ban-dai-loan","0","2","0","50.5","true","/khuyen-mai","0","","mapping_defined_unverified","1","săn vé máy bay 0 đồng bamboo"
"https://khangvuongbooking.com/sieu-khuyen-mai-300-000-ve-vietjet-0-dong-bay-khap-dong-nam/","/sieu-khuyen-mai-300-000-ve-vietjet-0-dong-bay-khap-dong-nam","0","2","0","50.5","true","/khuyen-mai","0","","mapping_defined_unverified","0",""
"https://khangvuongbooking.com/dia-diem-hen-ho-ly-tuong-cho-cac-cap-doi-tai-sai-gon/","/dia-diem-hen-ho-ly-tuong-cho-cac-cap-doi-tai-sai-gon","0","2","0","51.5","true","/cam-nang-bay","0","","mapping_defined_unverified","0",""
"https://khangvuongbooking.com/wp-content/uploads/2023/06/Kim-chi-Han-Quoc-ngon-xuyt-xoa.webp","/wp-content/uploads/2023/06/Kim-chi-Han-Quoc-ngon-xuyt-xoa.webp","0","2","0","51.5","false","","0","","needs_mapping_review","2","hình các món ăn | ảnh hàn quốc"
"https://khangvuongbooking.com/uu-dai-10-gia-ve-mung-sinh-nhat-vang-cung-vietnam-airlines/","/uu-dai-10-gia-ve-mung-sinh-nhat-vang-cung-vietnam-airlines","0","2","0","60","true","/khuyen-mai","0","","mapping_defined_unverified","0",""
"https://khangvuongbooking.com/khuyen-mai-tet-ruoc-loc-xuan-cung-bamboo-airways-chi-tu-36-000-vnd/","/khuyen-mai-tet-ruoc-loc-xuan-cung-bamboo-airways-chi-tu-36-000-vnd","0","2","0","65.5","true","/khuyen-mai","0","","mapping_defined_unverified","2","khuyến mãi tết dương lịch | săn vé máy bay giá rẻ tết 2021"
"https://khangvuongbooking.com/cuc-re-ve-jetstar-cuoi-tuan-sieu-khuyen-mai-chi-tu-88-000d/","/cuc-re-ve-jetstar-cuoi-tuan-sieu-khuyen-mai-chi-tu-88-000d","0","2","0","66","true","/khuyen-mai","0","","mapping_defined_unverified","0",""
"https://khangvuongbooking.com/tag/vietnam-airlineskm-ve-cho-hanh-trinh-noi-dia/","/tag/vietnam-airlineskm-ve-cho-hanh-trinh-noi-dia","0","2","0","73","true","/hang-bay","0","","mapping_defined_unverified","1","site:khangvuongbooking.com"
"https://khangvuongbooking.com/tag/hanh-ly-han-che-van-chuyen-vietnam-airlines/","/tag/hanh-ly-han-che-van-chuyen-vietnam-airlines","0","2","0","79","true","/mua-them-hanh-ly-vietnam-airlines","0","","mapping_defined_unverified","1","site:khangvuongbooking.com"
"https://khangvuongbooking.com/cung-asiana-du-xuan-voi-ve-khu-hoi-tiet-kiem-chi-tu-547-usd/","/cung-asiana-du-xuan-voi-ve-khu-hoi-tiet-kiem-chi-tu-547-usd","0","2","0","82","true","/cam-nang-bay","0","","mapping_defined_unverified","0",""
"https://khangvuongbooking.com/cebu-pacific-khuyen-mai-di-manila-cuoi-nam-chi-tu-75-usd/","/cebu-pacific-khuyen-mai-di-manila-cuoi-nam-chi-tu-75-usd","0","1","0","1","true","/khuyen-mai","0","","mapping_defined_unverified","1","dai ly cebu pacific"
"https://khangvuongbooking.com/doi-ve-may-bay-eva-air/)","/doi-ve-may-bay-eva-air/)","0","1","0","1","false","","0","","needs_mapping_review","1","phí đổi vé eva air"
"https://khangvuongbooking.com/tag/all-nippon-airways/","/tag/all-nippon-airways","0","1","0","1","true","/cam-nang-bay","0","","mapping_defined_unverified","0",""
"https://khangvuongbooking.com/tag/gia-ve-may-bay-di-anh-bao-nhieu-tien/","/tag/gia-ve-may-bay-di-anh-bao-nhieu-tien","0","1","0","1","true","/ve-may-bay","0","","mapping_defined_unverified","0",""
"https://khangvuongbooking.com/tag/scoot/","/tag/scoot","0","1","0","1","true","/cam-nang-bay","0","","mapping_defined_unverified","0",""
"https://khangvuongbooking.com/tag/ve-may-bay-korean-air-khu-hoi/","/tag/ve-may-bay-korean-air-khu-hoi","0","1","0","1","true","/ve-may-bay","0","","mapping_defined_unverified","0",""
"https://khangvuongbooking.com/tag/ve-may-bay-vietjet/","/tag/ve-may-bay-vietjet","0","1","0","1","true","/ve-may-bay","0","","mapping_defined_unverified","0",""
"https://khangvuongbooking.com/tan-huong-chuyen-nghi-mat-khap-chau-au-cung-ve-qatar-giam-30-cuc-uu-dai/","/tan-huong-chuyen-nghi-mat-khap-chau-au-cung-ve-qatar-giam-30-cuc-uu-dai","0","1","0","1","true","/khuyen-mai","0","","mapping_defined_unverified","0",""
"https://khangvuongbooking.com/tong-dai-so-dien-thoai-starlux-airlines/","/tong-dai-so-dien-thoai-starlux-airlines","0","1","0","1","false","","0","","needs_mapping_review","0",""
"https://khangvuongbooking.com/dai-khuyen-mai-3-ngay-vang-bay-khap-viet-nam-voi-ve-0-dong-cua-vietjet-air/","/dai-khuyen-mai-3-ngay-vang-bay-khap-viet-nam-voi-ve-0-dong-cua-vietjet-air","0","1","0","2","true","/khuyen-mai","0","","mapping_defined_unverified","0",""
"https://khangvuongbooking.com/dat-mua-ve-may-bay-air-china-di-washington/","/dat-mua-ve-may-bay-air-china-di-washington","0","1","0","2","true","/ve-may-bay","0","","mapping_defined_unverified","0",""
"https://khangvuongbooking.com/huong-dan-mua-them-hanh-ly-cac-hang-hang-kong/","/huong-dan-mua-them-hanh-ly-cac-hang-hang-kong","0","1","0","2","false","","0","","needs_mapping_review","0",""
"https://khangvuongbooking.com/khuyen-mai-night-sales-vietnam-airlines-giam-50-gia-ve-noi-dia/","/khuyen-mai-night-sales-vietnam-airlines-giam-50-gia-ve-noi-dia","0","1","0","2","true","/khuyen-mai","0","","mapping_defined_unverified","0",""
"https://khangvuongbooking.com/mua-them-hanh-ly-china-eastern-airlines.html","/mua-them-hanh-ly-china-eastern-airlines.html","0","1","0","2","false","","0","","needs_mapping_review","1","mua hanh ly china eastern"
"https://khangvuongbooking.com/mua-them-hanh-ly-hongkong-airlines/)","/mua-them-hanh-ly-hongkong-airlines/)","0","1","0","2","false","","0","","needs_mapping_review","0",""
"https://khangvuongbooking.com/mua-them-hanh-ly-ky-gui-air-china/","/mua-them-hanh-ly-ky-gui-air-china","0","1","0","2","false","","0","","needs_mapping_review","0",""
"https://khangvuongbooking.com/sung-so-ve-malindo-air-uu-dai-bat-ngo-gia-cuc-soc-chi-tu-49-usd/","/sung-so-ve-malindo-air-uu-dai-bat-ngo-gia-cuc-soc-chi-tu-49-usd","0","1","0","2","true","/khuyen-mai","0","","mapping_defined_unverified","0",""
"https://khangvuongbooking.com/tag/chuong-trinh-km-cua-qatar-airwqays/","/tag/chuong-trinh-km-cua-qatar-airwqays","0","1","0","2","true","/cam-nang-bay","0","","mapping_defined_unverified","1","qatar airwqays"
"https://khangvuongbooking.com/tag/mua-ve-may-bay-di-dai-loan-khu-hoi/","/tag/mua-ve-may-bay-di-dai-loan-khu-hoi","0","1","0","2","true","/ve-may-bay","0","","mapping_defined_unverified","0",""
"https://khangvuongbooking.com/tag/ve-may-bay-di-melbourne-gia-re/","/tag/ve-may-bay-di-melbourne-gia-re","0","1","0","2","true","/ve-may-bay","0","","mapping_defined_unverified","0",""
"https://khangvuongbooking.com/mua-them-hanh-ly-cac-hang-hang-khong/","/mua-them-hanh-ly-cac-hang-hang-khong","0","1","0","3","false","","0","","needs_mapping_review","0",""
"https://khangvuongbooking.com/quy-dinh-va-hinh-thuc-thanh-toan/","/quy-dinh-va-hinh-thuc-thanh-toan","0","1","0","3","true","/cam-nang-bay","0","","mapping_defined_unverified","0",""
"https://khangvuongbooking.com/tag/book-ve-may-bay-di-dai-loan/","/tag/book-ve-may-bay-di-dai-loan","0","1","0","3","true","/ve-may-bay","0","","mapping_defined_unverified","0",""
"https://khangvuongbooking.com/tag/quy-dinh-tre-em-di-may-bay-vietjet-air-ban-can-biet/","/tag/quy-dinh-tre-em-di-may-bay-vietjet-air-ban-can-biet","0","1","0","3","true","/cam-nang-bay","0","","mapping_defined_unverified","0",""
"https://khangvuongbooking.com/tag/ve-may-bay-di-quang-chau-bao-nhieu-tien/","/tag/ve-may-bay-di-quang-chau-bao-nhieu-tien","0","1","0","3","true","/ve-may-bay","0","","mapping_defined_unverified","0",""
"https://khangvuongbooking.com/tag/ve-may-bay-tphcm-di-hong-kong/","/tag/ve-may-bay-tphcm-di-hong-kong","0","1","0","3","true","/ve-may-bay","0","","mapping_defined_unverified","0",""
"https://khangvuongbooking.com/wp-content/uploads/2018/07/bangkok-thailand-2880x1800.jpg","/wp-content/uploads/2018/07/bangkok-thailand-2880x1800.jpg","0","1","0","3","false","","0","","needs_mapping_review","0",""
"https://khangvuongbooking.com/du-xuan-sieu-tiet-kiem-voi-ve-jetstar-chi-tu-68-000d/","/du-xuan-sieu-tiet-kiem-voi-ve-jetstar-chi-tu-68-000d","0","1","0","4","true","/cam-nang-bay","0","","mapping_defined_unverified","0",""
"https://khangvuongbooking.com/mo-ban-3-ngay-vang-vietjet-air-uu-dai-700-000-ve-0-dong-toan-mang-bay/","/mo-ban-3-ngay-vang-vietjet-air-uu-dai-700-000-ve-0-dong-toan-mang-bay","0","1","0","4","true","/khuyen-mai","0","","mapping_defined_unverified","0",""
"https://khangvuongbooking.com/nhan-ngay-thanh-lap-quan-doi-viet-nam-vietnam-airlines-giam-10-gia-ve/","/nhan-ngay-thanh-lap-quan-doi-viet-nam-vietnam-airlines-giam-10-gia-ve","0","1","0","4","true","/hang-bay","0","","mapping_defined_unverified","0",""
"https://khangvuongbooking.com/ron-rang-bay-chau-a-cung-ve-malindo-air-chi-tu-60-usd-da-thue-phi/","/ron-rang-bay-chau-a-cung-ve-malindo-air-chi-tu-60-usd-da-thue-phi","0","1","0","4","true","/cam-nang-bay","0","","mapping_defined_unverified","0",""
"https://khangvuongbooking.com/tag/5-ngay-vang-dau-thang-san-ve-may-bay-vietnam-airlines-gia-re-chi-tu-99-usd/","/tag/5-ngay-vang-dau-thang-san-ve-may-bay-vietnam-airlines-gia-re-chi-tu-99-usd","0","1","0","4","true","/ve-may-bay","0","","mapping_defined_unverified","0",""
"https://khangvuongbooking.com/tag/korenan-air-km-ve-di-bac-my-han-quoc/","/tag/korenan-air-km-ve-di-bac-my-han-quoc","0","1","0","4","true","/cam-nang-bay","0","","mapping_defined_unverified","0",""
"https://khangvuongbooking.com/tag/ve-may-bay-di-dai-bac/","/tag/ve-may-bay-di-dai-bac","0","1","0","4","true","/ve-may-bay","0","","mapping_defined_unverified","0",""
"https://khangvuongbooking.com/vietjet-air-khai-truong-duong-bay-moi-ha-noi-cao-hung-gia-chi-tu-0-dong/","/vietjet-air-khai-truong-duong-bay-moi-ha-noi-cao-hung-gia-chi-tu-0-dong","0","1","0","4","true","/cam-nang-bay","0","","mapping_defined_unverified","0",""
"https://khangvuongbooking.com/cebu-pacific-du-lich-he-sieu-re-den-philippines-chi-tu-75-usd/","/cebu-pacific-du-lich-he-sieu-re-den-philippines-chi-tu-75-usd","0","1","0","5","true","/cam-nang-bay","0","","mapping_defined_unverified","0",""
"https://khangvuongbooking.com/dai-khuyen-mai-1-trieu-ve-5000d-bay-noi-dia-cung-vietjet-air-don-thang-3/","/dai-khuyen-mai-1-trieu-ve-5000d-bay-noi-dia-cung-vietjet-air-don-thang-3","0","1","0","5","true","/khuyen-mai","0","","mapping_defined_unverified","0",""
"https://khangvuongbooking.com/dat-mua-ve-may-bay-china-southern-airlines-di-los-angeles/","/dat-mua-ve-may-bay-china-southern-airlines-di-los-angeles","0","1","0","5","true","/ve-may-bay","0","","mapping_defined_unverified","0",""
"https://khangvuongbooking.com/lam-nao-de-ngu-ngon-tren-may-bay/","/lam-nao-de-ngu-ngon-tren-may-bay","0","1","0","5","true","/cam-nang-bay","0","","mapping_defined_unverified","0",""
"https://khangvuongbooking.com/tag/dai-ly-ve-may-bay-gia-re-khang-vuong-booking/","/tag/dai-ly-ve-may-bay-gia-re-khang-vuong-booking","0","1","0","5","true","/ve-may-bay","0","","mapping_defined_unverified","0",""
"https://khangvuongbooking.com/tag/thai-airways-km-ve-khu-hoi-di-thai-lan-chi-tu-175-usd/","/tag/thai-airways-km-ve-khu-hoi-di-thai-lan-chi-tu-175-usd","0","1","0","5","true","/cam-nang-bay","0","","mapping_defined_unverified","0",""
"https://khangvuongbooking.com/uu-dai-cuoi-nam-ve-vietnam-airlines-chi-tu-399-000d/","/uu-dai-cuoi-nam-ve-vietnam-airlines-chi-tu-399-000d","0","1","0","5","true","/khuyen-mai","0","","mapping_defined_unverified","0",""
"https://khangvuongbooking.com/uu-dai-dac-biet-cung-vietjet-air-kham-pha-myanmar-chi-tu-205-000d/","/uu-dai-dac-biet-cung-vietjet-air-kham-pha-myanmar-chi-tu-205-000d","0","1","0","5","true","/khuyen-mai","0","","mapping_defined_unverified","0",""
"https://khangvuongbooking.com/vietjet-khai-truong-duong-bay-moi-ha-noi-busan-ve-chi-tu-920-000d/","/vietjet-khai-truong-duong-bay-moi-ha-noi-busan-ve-chi-tu-920-000d","0","1","0","5","true","/cam-nang-bay","0","","mapping_defined_unverified","0",""
"https://khangvuongbooking.com/bay-my-canada-dang-cap-nam-2018-gia-ve-eva-air-khu-hoi-cuc-thap-tu-806-usd/","/bay-my-canada-dang-cap-nam-2018-gia-ve-eva-air-khu-hoi-cuc-thap-tu-806-usd","0","1","0","6","true","/cam-nang-bay","0","","mapping_defined_unverified","0",""
"https://khangvuongbooking.com/bay-nhanh-cung-vietjet-air-khuyen-mai-giam-70-gia-ve/","/bay-nhanh-cung-vietjet-air-khuyen-mai-giam-70-gia-ve","0","1","0","6","true","/khuyen-mai","0","","mapping_defined_unverified","0",""
"https://khangvuongbooking.com/black-friday-vietnam-airlines-khuyen-mai-giam-15-gia-ve/","/black-friday-vietnam-airlines-khuyen-mai-giam-15-gia-ve","0","1","0","6","true","/khuyen-mai","0","","mapping_defined_unverified","0",""
"https://khangvuongbooking.com/chi-tu-113-usd-tan-huong-ky-nghi-tuyet-voi-o-uc/","/chi-tu-113-usd-tan-huong-ky-nghi-tuyet-voi-o-uc","0","1","0","6","true","/cam-nang-bay","0","","mapping_defined_unverified","0",""
"https://khangvuongbooking.com/dai-tiec-san-ve-vietjet-air-chi-tu-0-dong-bay-khap-the-gioi/","/dai-tiec-san-ve-vietjet-air-chi-tu-0-dong-bay-khap-the-gioi","0","1","0","6","true","/cam-nang-bay","0","","mapping_defined_unverified","0",""
"https://khangvuongbooking.com/san-ve-re-thang-10-chi-tu-39-usd-cung-air-asia-du-lich-chau-a-da-doi/","/san-ve-re-thang-10-chi-tu-39-usd-cung-air-asia-du-lich-chau-a-da-doi","0","1","0","6","true","/hang-bay","0","","mapping_defined_unverified","0",""
"https://khangvuongbooking.com/tag/air-asia-mo-duong-bay-thang-ha-noi-penang/","/tag/air-asia-mo-duong-bay-thang-ha-noi-penang","0","1","0","6","true","/cam-nang-bay","0","","mapping_defined_unverified","0",""
"https://khangvuongbooking.com/tag/dai-ly-vietjet-air/","/tag/dai-ly-vietjet-air","0","1","0","6","true","/cam-nang-bay","0","","mapping_defined_unverified","0",""
"https://khangvuongbooking.com/tag/dat-ve-may-bay-di-thai-lan/","/tag/dat-ve-may-bay-di-thai-lan","0","1","0","6","true","/ve-may-bay","0","","mapping_defined_unverified","0",""
"https://khangvuongbooking.com/tag/gia-ve-may-bay-di-singapore-bao-nhieu-tien/","/tag/gia-ve-may-bay-di-singapore-bao-nhieu-tien","0","1","0","6","true","/ve-may-bay","0","","mapping_defined_unverified","0",""
"https://khangvuongbooking.com/tag/jetstar/","/tag/jetstar","0","1","0","6","true","/cam-nang-bay","0","","mapping_defined_unverified","0",""
"https://khangvuongbooking.com/tag/ve-may-bay-thai-lion-air-gia-re/","/tag/ve-may-bay-thai-lion-air-gia-re","0","1","0","6","true","/ve-may-bay","0","","mapping_defined_unverified","0",""
"https://khangvuongbooking.com/vietjet-khuyen-mai-ve-may-bay-1402d-dip-le-tinh-nhan-14-2/","/vietjet-khuyen-mai-ve-may-bay-1402d-dip-le-tinh-nhan-14-2","0","1","0","6","true","/khuyen-mai","0","","mapping_defined_unverified","0",""
"https://khangvuongbooking.com/vietnam-airlines-giam-10-gia-ve-dip-valentine-14-2/","/vietnam-airlines-giam-10-gia-ve-dip-valentine-14-2","0","1","0","6","true","/hang-bay","0","","mapping_defined_unverified","0",""
"https://khangvuongbooking.com/vietnam-airlines-khuyen-mai-ngay-tang-qua-du-lich-tha-ga/","/vietnam-airlines-khuyen-mai-ngay-tang-qua-du-lich-tha-ga","0","1","0","6","true","/khuyen-mai","0","","mapping_defined_unverified","0",""
"https://khangvuongbooking.com/vu-tru-goi-moi-san-ngay-ve-vietjet-gia-hoi/","/vu-tru-goi-moi-san-ngay-ve-vietjet-gia-hoi","0","1","0","6","true","/cam-nang-bay","0","","mapping_defined_unverified","0",""
"https://khangvuongbooking.com/cebu-pacific-khuyen-mai-ve-mot-chieu-di-philippines-chi-tu-59-usd/","/cebu-pacific-khuyen-mai-ve-mot-chieu-di-philippines-chi-tu-59-usd","0","1","0","7","true","/khuyen-mai","0","","mapping_defined_unverified","0",""
"https://khangvuongbooking.com/chi-tu-704-usd-khu-hoi-sieu-khuyen-mai-etihad-di-chau-au/","/chi-tu-704-usd-khu-hoi-sieu-khuyen-mai-etihad-di-chau-au","0","1","0","7","true","/khuyen-mai","0","","mapping_defined_unverified","0",""
"https://khangvuongbooking.com/du-lich-philippines-tiet-kiem-nhat-voi-ve-cebu-den-manila-tu-70-usd/","/du-lich-philippines-tiet-kiem-nhat-voi-ve-cebu-den-manila-tu-70-usd","0","1","0","7","true","/cam-nang-bay","0","","mapping_defined_unverified","0",""
"https://khangvuongbooking.com/du-lich-thai-thoai-mai-cung-nok-air-nhan-uu-dai-giam-ngay-50-gia-hanh-trinh-bay-krabi/","/du-lich-thai-thoai-mai-cung-nok-air-nhan-uu-dai-giam-ngay-50-gia-hanh-trinh-bay-krabi","0","1","0","7","true","/khuyen-mai","0","","mapping_defined_unverified","0",""
"https://khangvuongbooking.com/etihad-khuyen-mai-cuoi-tuan-ve-dac-biet-chi-tu-836-usd-cuc-re/","/etihad-khuyen-mai-cuoi-tuan-ve-dac-biet-chi-tu-836-usd-cuc-re","0","1","0","7","true","/khuyen-mai","0","","mapping_defined_unverified","0",""
"https://khangvuongbooking.com/khuyen-mai-ve-0-dong-jetstar-chieu-ve-cuc-soc/","/khuyen-mai-ve-0-dong-jetstar-chieu-ve-cuc-soc","0","1","0","7","true","/khuyen-mai","0","","mapping_defined_unverified","0",""
"https://khangvuongbooking.com/korean-air-uu-dai-ve-khu-hoi-sieu-re-chi-tu-438-usd-bay-khap-gioi/","/korean-air-uu-dai-ve-khu-hoi-sieu-re-chi-tu-438-usd-bay-khap-gioi","0","1","0","7","true","/khuyen-mai","0","","mapping_defined_unverified","0",""
"https://khangvuongbooking.com/tag/5-ngay-vang-thang-11/","/tag/5-ngay-vang-thang-11","0","1","0","7","true","/cam-nang-bay","0","","mapping_defined_unverified","1","giovang.ay"
"https://khangvuongbooking.com/tag/cach-tranh-met-moi-khi-di-may-baym/","/tag/cach-tranh-met-moi-khi-di-may-baym","0","1","0","7","true","/cam-nang-bay","0","","mapping_defined_unverified","0",""
"https://khangvuongbooking.com/tag/cuoi-tuan-sieu-khuyen-mai-jetstar/","/tag/cuoi-tuan-sieu-khuyen-mai-jetstar","0","1","0","7","true","/khuyen-mai","0","","mapping_defined_unverified","0",""
"https://khangvuongbooking.com/tag/san-ve-may-bay-gia-re-cua-air-asia/","/tag/san-ve-may-bay-gia-re-cua-air-asia","0","1","0","7","true","/ve-may-bay","0","","mapping_defined_unverified","0",""
"https://khangvuongbooking.com/tag/ve-11k-cua-jetstar/","/tag/ve-11k-cua-jetstar","0","1","0","7","true","/cam-nang-bay","0","","mapping_defined_unverified","0",""
"https://khangvuongbooking.com/tag/ve-may-bay-abu-dhabi-gia-re/","/tag/ve-may-bay-abu-dhabi-gia-re","0","1","0","7","true","/ve-may-bay","0","","mapping_defined_unverified","0",""
"https://khangvuongbooking.com/tag/ve-may-bay-di-dai-bac-khu-hoi/","/tag/ve-may-bay-di-dai-bac-khu-hoi","0","1","0","7","true","/ve-may-bay","0","","mapping_defined_unverified","0",""
"https://khangvuongbooking.com/tag/ve-may-bay-di-lao-gia-re/","/tag/ve-may-bay-di-lao-gia-re","0","1","0","7","true","/ve-may-bay","0","","mapping_defined_unverified","0",""
"https://khangvuongbooking.com/tag/ve-may-bay-tphcm-di-melbourne/","/tag/ve-may-bay-tphcm-di-melbourne","0","1","0","7","true","/ve-may-bay","0","","mapping_defined_unverified","0",""
"https://khangvuongbooking.com/tag/vietnam-airlines-km-ngay-black-friday/","/tag/vietnam-airlines-km-ngay-black-friday","0","1","0","7","true","/hang-bay","0","","mapping_defined_unverified","0",""
"https://khangvuongbooking.com/tan-huong-uu-dai-ve-khu-hoi-tu-168-trieu-dong-du-lich-the-gioi-cung-qatar-airways/","/tan-huong-uu-dai-ve-khu-hoi-tu-168-trieu-dong-du-lich-the-gioi-cung-qatar-airways","0","1","0","7","true","/khuyen-mai","0","","mapping_defined_unverified","0",""
"https://khangvuongbooking.com/ve-may-bay-di-ha-lan/","/ve-may-bay-di-ha-lan","0","1","0","7","true","/ve-may-bay","0","","mapping_defined_unverified","0",""
"https://khangvuongbooking.com/wp-content/uploads/2023/06/Kimbap-tam-giac-Han-Quoc-duoc-gioi-tre-ua-chuong.webp","/wp-content/uploads/2023/06/Kimbap-tam-giac-Han-Quoc-duoc-gioi-tre-ua-chuong.webp","0","1","0","7","false","","0","","needs_mapping_review","0",""
"https://khangvuongbooking.com/air-asia-mo-ban-ve-di-thai-lan-cuoi-nam-chi-tu-36-usd-uu-dai/","/air-asia-mo-ban-ve-di-thai-lan-cuoi-nam-chi-tu-36-usd-uu-dai","0","1","0","8","true","/khuyen-mai","0","","mapping_defined_unverified","0",""
"https://khangvuongbooking.com/bamboo-airways-uu-dai-kien-hanh-ly-10kg-gia-chi-8k/","/bamboo-airways-uu-dai-kien-hanh-ly-10kg-gia-chi-8k","0","1","0","8","true","/mua-them-hanh-ly-bamboo-airways","0","","mapping_defined_unverified","0",""
"https://khangvuongbooking.com/chao-thang-6-bamboo-airways-khuyen-mai-dong-gia-chi-tu-6-000-vnd/","/chao-thang-6-bamboo-airways-khuyen-mai-dong-gia-chi-tu-6-000-vnd","0","1","0","8","true","/khuyen-mai","0","","mapping_defined_unverified","0",""
"https://khangvuongbooking.com/chi-tu-129-usd-cung-air-asia-den-perth-quay-tung-nuoc-uc/","/chi-tu-129-usd-cung-air-asia-den-perth-quay-tung-nuoc-uc","0","1","0","8","true","/cam-nang-bay","0","","mapping_defined_unverified","0",""
"https://khangvuongbooking.com/khai-truong-duong-bay-moi-di-osaka-ve-jetstar-uu-dai-chi-tu-1280000d/","/khai-truong-duong-bay-moi-di-osaka-ve-jetstar-uu-dai-chi-tu-1280000d","0","1","0","8","true","/khuyen-mai","0","","mapping_defined_unverified","0",""
"https://khangvuongbooking.com/luu-y-khi-di-may-bay-mua-cao-diem-tet-2019/","/luu-y-khi-di-may-bay-mua-cao-diem-tet-2019","0","1","0","8","true","/cam-nang-bay","0","","mapping_defined_unverified","0",""
"https://khangvuongbooking.com/mua-soi-dong-voi-ve-cebu-uu-dai-chi-tu-69-usd-di-philippines/","/mua-soi-dong-voi-ve-cebu-uu-dai-chi-tu-69-usd-di-philippines","0","1","0","8","true","/khuyen-mai","0","","mapping_defined_unverified","0",""
"https://khangvuongbooking.com/tag/5-ngoi-chua-tai-sai-gon-cau-gi-duoc-nay-ban-nen-den-dip-dau-xuan/","/tag/5-ngoi-chua-tai-sai-gon-cau-gi-duoc-nay-ban-nen-den-dip-dau-xuan","0","1","0","8","true","/cam-nang-bay","0","","mapping_defined_unverified","0",""
"https://khangvuongbooking.com/tag/book-ve-may-bay-di-hong-kong-khu-hoi/","/tag/book-ve-may-bay-di-hong-kong-khu-hoi","0","1","0","8","true","/ve-may-bay","0","","mapping_defined_unverified","0",""
"https://khangvuongbooking.com/tag/chuon-trinh-khuyen-mai-cua-vietjet-air/","/tag/chuon-trinh-khuyen-mai-cua-vietjet-air","0","1","0","8","true","/khuyen-mai","0","","mapping_defined_unverified","0",""
"https://khangvuongbooking.com/tag/dai-loan-mien-visa/","/tag/dai-loan-mien-visa","0","1","0","8","true","/visa","0","","mapping_defined_unverified","0",""
"https://khangvuongbooking.com/tag/mua-ve-may-bay-di-ha-lan-khu-hoi/","/tag/mua-ve-may-bay-di-ha-lan-khu-hoi","0","1","0","8","true","/ve-may-bay","0","","mapping_defined_unverified","0",""
"https://khangvuongbooking.com/tag/ve-88-000d-cua-jetstar/","/tag/ve-88-000d-cua-jetstar","0","1","0","8","true","/cam-nang-bay","0","","mapping_defined_unverified","0",""
"https://khangvuongbooking.com/tag/ve-may-bay-di-berlin-gia-re-nhat/","/tag/ve-may-bay-di-berlin-gia-re-nhat","0","1","0","8","true","/ve-may-bay","0","","mapping_defined_unverified","0",""
"https://khangvuongbooking.com/tag/ve-may-bay-di-quang-chau/","/tag/ve-may-bay-di-quang-chau","0","1","0","8","true","/ve-may-bay","0","","mapping_defined_unverified","0",""
"https://khangvuongbooking.com/tag/ve-may-bay-di-uc-bao-nhieu-tien/","/tag/ve-may-bay-di-uc-bao-nhieu-tien","0","1","0","8","true","/ve-may-bay","0","","mapping_defined_unverified","0",""
"https://khangvuongbooking.com/tag/ve-may-bay-di-uc-chi-tu-159-usd/","/tag/ve-may-bay-di-uc-chi-tu-159-usd","0","1","0","8","true","/ve-may-bay","0","","mapping_defined_unverified","0",""
"https://khangvuongbooking.com/tiger-air-uu-dai-ve-chi-tu-35-usd-bay-khap-16-diem-den-tren-the-gioi/","/tiger-air-uu-dai-ve-chi-tu-35-usd-bay-khap-16-diem-den-tren-the-gioi","0","1","0","8","true","/khuyen-mai","0","","mapping_defined_unverified","0",""
"https://khangvuongbooking.com/ve-chi-tu-576-usd-thoa-suc-bay-my-chau-a-cung-asiana-airlines/","/ve-chi-tu-576-usd-thoa-suc-bay-my-chau-a-cung-asiana-airlines","0","1","0","8","true","/hang-bay","0","","mapping_defined_unverified","0",""
"https://khangvuongbooking.com/ve-may-bay-di-hue/","/ve-may-bay-di-hue","0","1","0","8","true","/ve-may-bay","0","","mapping_defined_unverified","0",""
"https://khangvuongbooking.com/ve-may-bay-quoc-te/ve-may-bay-di-my-gia-re/page/1/","/ve-may-bay-quoc-te/ve-may-bay-di-my-gia-re/page/1","0","1","0","8","false","","0","","needs_mapping_review","0",""
"https://khangvuongbooking.com/ve-may-bay-quoc-te/ve-may-bay-di-singapore-gia-re/","/ve-may-bay-quoc-te/ve-may-bay-di-singapore-gia-re","0","1","0","8","true","/ve-may-bay","0","","mapping_defined_unverified","0",""
"https://khangvuongbooking.com/ve-vietnam-airlines-chi-tu-124-usd-5-ngay-vang-thang-10-di-quoc-te/","/ve-vietnam-airlines-chi-tu-124-usd-5-ngay-vang-thang-10-di-quoc-te","0","1","0","8","true","/hang-bay","0","","mapping_defined_unverified","0",""
"https://khangvuongbooking.com/vietjet-air-uu-dai-ve-tu-199k-mung-duong-bay-moi-hcm-phnom-penh/","/vietjet-air-uu-dai-ve-tu-199k-mung-duong-bay-moi-hcm-phnom-penh","0","1","0","8","true","/khuyen-mai","0","","mapping_defined_unverified","0",""
"https://khangvuongbooking.com/2-400-000-ve-0-dong-bay-cung-yeu-thuong-ngay-8-3/","/2-400-000-ve-0-dong-bay-cung-yeu-thuong-ngay-8-3","0","1","0","9","true","/cam-nang-bay","0","","mapping_defined_unverified","0",""
"https://khangvuongbooking.com/bay-dang-cap-cung-ve-thuong-gia-asiana-gia-thap-chi-tu-2289-usd-khu-hoi/","/bay-dang-cap-cung-ve-thuong-gia-asiana-gia-thap-chi-tu-2289-usd-khu-hoi","0","1","0","9","true","/cam-nang-bay","0","","mapping_defined_unverified","0",""
"https://khangvuongbooking.com/cebu-khuyen-mai-lon-mo-ban-ve-di-sydney-chi-tu-200-usd/","/cebu-khuyen-mai-lon-mo-ban-ve-di-sydney-chi-tu-200-usd","0","1","0","9","true","/khuyen-mai","0","","mapping_defined_unverified","0",""
"https://khangvuongbooking.com/cebu-pacific-uu-dai-ve-du-lich-boracay-gia-chi-tu-59-usd/","/cebu-pacific-uu-dai-ve-du-lich-boracay-gia-chi-tu-59-usd","0","1","0","9","true","/khuyen-mai","0","","mapping_defined_unverified","0",""
"https://khangvuongbooking.com/cung-air-asia-vuon-xa-gioi-voi-ve-mot-chieu-sieu-re-chi-tu-6-usd/","/cung-air-asia-vuon-xa-gioi-voi-ve-mot-chieu-sieu-re-chi-tu-6-usd","0","1","0","9","true","/cam-nang-bay","0","","mapping_defined_unverified","0",""
"https://khangvuongbooking.com/khang-vuong-booking-thong-bao-lich-nghi-tet-nham-dan-2022/","/khang-vuong-booking-thong-bao-lich-nghi-tet-nham-dan-2022","0","1","0","9","true","/hang-bay","0","","mapping_defined_unverified","0",""
"https://khangvuongbooking.com/khuyen-mai-don-thu-quyen-ru-vietnam-airlines-gia-ve-chi-tu-69-000-vnd/","/khuyen-mai-don-thu-quyen-ru-vietnam-airlines-gia-ve-chi-tu-69-000-vnd","0","1","0","9","true","/khuyen-mai","0","","mapping_defined_unverified","0",""
"https://khangvuongbooking.com/khuyen-mai/page/10/?filter_by=popular","/khuyen-mai/page/10","0","1","0","9","true","/khuyen-mai","0","","mapping_defined_unverified","0",""
"https://khangvuongbooking.com/ky-nghi-dong-nam-voi-ve-air-asia-gia-chi-tu-7-usd/","/ky-nghi-dong-nam-voi-ve-air-asia-gia-chi-tu-7-usd","0","1","0","9","true","/cam-nang-bay","0","","mapping_defined_unverified","0",""
"https://khangvuongbooking.com/tag/air-asia-km-ve-di-thai-lan-tu-36-usd/","/tag/air-asia-km-ve-di-thai-lan-tu-36-usd","0","1","0","9","true","/cam-nang-bay","0","","mapping_defined_unverified","0",""
"https://khangvuongbooking.com/tag/air-asia-km-ve-may-bay-di-bangkok-gia-re/","/tag/air-asia-km-ve-may-bay-di-bangkok-gia-re","0","1","0","9","true","/ve-may-bay","0","","mapping_defined_unverified","0",""
"https://khangvuongbooking.com/tag/cac-loai-mi-noi-tieng-o-nhat/","/tag/cac-loai-mi-noi-tieng-o-nhat","0","1","0","9","true","/cam-nang-bay","0","","mapping_defined_unverified","0",""
"https://khangvuongbooking.com/tag/dat-ve-may-bay-di-nhat-ban-khu-hoi/","/tag/dat-ve-may-bay-di-nhat-ban-khu-hoi","0","1","0","9","true","/ve-may-bay","0","","mapping_defined_unverified","0",""
"https://khangvuongbooking.com/tag/khuyen-mai-air-asia/","/tag/khuyen-mai-air-asia","0","1","0","9","true","/khuyen-mai","0","","mapping_defined_unverified","0",""
"https://khangvuongbooking.com/tag/khuyen-mai-thai-airways/","/tag/khuyen-mai-thai-airways","0","1","0","9","true","/khuyen-mai","0","","mapping_defined_unverified","0",""
"https://khangvuongbooking.com/tag/khuyen-mai-vietjet-air/","/tag/khuyen-mai-vietjet-air","0","1","0","9","true","/khuyen-mai","0","","mapping_defined_unverified","0",""
"https://khangvuongbooking.com/tag/le-hoi-songkran/","/tag/le-hoi-songkran","0","1","0","9","true","/cam-nang-bay","0","","mapping_defined_unverified","1","site:khangvuongbooking.com"
"https://khangvuongbooking.com/tag/ve-0-dong-cua-vietjet-air/","/tag/ve-0-dong-cua-vietjet-air","0","1","0","9","true","/cam-nang-bay","0","","mapping_defined_unverified","0",""
"https://khangvuongbooking.com/tag/ve-ho-chi-minh-di-berlin-gia-re/","/tag/ve-ho-chi-minh-di-berlin-gia-re","0","1","0","9","true","/cam-nang-bay","0","","mapping_defined_unverified","0",""
"https://khangvuongbooking.com/tag/ve-may-bay-cebu-pacific-gia-re/","/tag/ve-may-bay-cebu-pacific-gia-re","0","1","0","9","true","/ve-may-bay","0","","mapping_defined_unverified","0",""
"https://khangvuongbooking.com/tag/ve-may-bay-di-chiang-mai-gia-re/","/tag/ve-may-bay-di-chiang-mai-gia-re","0","1","0","9","true","/ve-may-bay","0","","mapping_defined_unverified","0",""
"https://khangvuongbooking.com/tag/ve-may-bay-di-indonesia-gia-re/","/tag/ve-may-bay-di-indonesia-gia-re","0","1","0","9","true","/ve-may-bay","0","","mapping_defined_unverified","0",""
"https://khangvuongbooking.com/tag/ve-may-bay-di-malaysia-airlines-gia-re/","/tag/ve-may-bay-di-malaysia-airlines-gia-re","0","1","0","9","true","/ve-may-bay","0","","mapping_defined_unverified","0",""
"https://khangvuongbooking.com/tag/ve-may-bay-di-uc-vietjet-air/","/tag/ve-may-bay-di-uc-vietjet-air","0","1","0","9","true","/ve-may-bay","0","","mapping_defined_unverified","1","vé máy bay đi úc vietjet"
"https://khangvuongbooking.com/tag/ve-may-may-khuyen-mai/","/tag/ve-may-may-khuyen-mai","0","1","0","9","true","/khuyen-mai","0","","mapping_defined_unverified","0",""
"https://khangvuongbooking.com/ve-dep-tu-49-usd-du-ngoan-khap-noi-cung-malaysia-airlines/","/ve-dep-tu-49-usd-du-ngoan-khap-noi-cung-malaysia-airlines","0","1","0","9","true","/hang-bay","0","","mapping_defined_unverified","0",""
"https://khangvuongbooking.com/ve-may-bay-di-dien-bien/","/ve-may-bay-di-dien-bien","0","1","0","9","true","/ve-may-bay","0","","mapping_defined_unverified","0",""
"https://khangvuongbooking.com/ve-tet-vietnam-airlines-chi-tu-299-000d/","/ve-tet-vietnam-airlines-chi-tu-299-000d","0","1","0","9","true","/hang-bay","0","","mapping_defined_unverified","0",""
"https://khangvuongbooking.com/wp-content/uploads/2018/02/Tan_Son_Nhat1.jpg","/wp-content/uploads/2018/02/Tan_Son_Nhat1.jpg","0","1","0","9","false","","0","","needs_mapping_review","0",""
"https://khangvuongbooking.com/air-asia-uu-dai-ve-may-bay-di-uc-gia-chi-tu-74-usd-cuc-re/","/air-asia-uu-dai-ve-may-bay-di-uc-gia-chi-tu-74-usd-cuc-re","0","1","0","10","true","/khuyen-mai","0","","mapping_defined_unverified","0",""
"https://khangvuongbooking.com/cathay-pacific-khuyen-mai-bay-den-va-canada-gia-sieu-re-chi-tu-541-usd-khu-hoi/","/cathay-pacific-khuyen-mai-bay-den-va-canada-gia-sieu-re-chi-tu-541-usd-khu-hoi","0","1","0","10","true","/khuyen-mai","0","","mapping_defined_unverified","0",""
"https://khangvuongbooking.com/chao-duong-bay-moi-vietjet-air-khuyen-mai-1-980-000-ve-0-dong/","/chao-duong-bay-moi-vietjet-air-khuyen-mai-1-980-000-ve-0-dong","0","1","0","10","true","/khuyen-mai","0","","mapping_defined_unverified","1","1.980.000"
"https://khangvuongbooking.com/chi-tu-31-usd-tung-bung-du-lich-chau-a-sieu-tiet-kiem-ve-air-asia/","/chi-tu-31-usd-tung-bung-du-lich-chau-a-sieu-tiet-kiem-ve-air-asia","0","1","0","10","true","/cam-nang-bay","0","","mapping_defined_unverified","0",""
"https://khangvuongbooking.com/chung-ket-aff-cup-cac-hang-hang-khong-tang-cuong-chuyen-bay-den-malaysia/","/chung-ket-aff-cup-cac-hang-hang-khong-tang-cuong-chuyen-bay-den-malaysia","0","1","0","10","true","/hang-bay","0","","mapping_defined_unverified","0",""
"https://khangvuongbooking.com/combo-khuyen-mai-4-ve-may-bay-chi-tu-800-000-vnd-tu-bamboo-airways/","/combo-khuyen-mai-4-ve-may-bay-chi-tu-800-000-vnd-tu-bamboo-airways","0","1","0","10","true","/khuyen-mai","0","","mapping_defined_unverified","1","800.000vnd"
"https://khangvuongbooking.com/dat-mua-ve-may-bay-china-eastern-airlines-di-los-angeles/","/dat-mua-ve-may-bay-china-eastern-airlines-di-los-angeles","0","1","0","10","true","/ve-may-bay","0","","mapping_defined_unverified","0",""
"https://khangvuongbooking.com/dich-vu-hang-khong/","/dich-vu-hang-khong","0","1","0","10","true","/hang-bay","0","","mapping_defined_unverified","0",""
"https://khangvuongbooking.com/du-hi-a-uc-cung-malaysia-airlines-ve-hap-dan-chi-tu-42-usd/","/du-hi-a-uc-cung-malaysia-airlines-ve-hap-dan-chi-tu-42-usd","0","1","0","10","true","/hang-bay","0","","mapping_defined_unverified","0",""
"https://khangvuongbooking.com/du-lich-han-quoc-mua-hoa-anh-dao-chi-tu-489-usd-khu-hoi/","/du-lich-han-quoc-mua-hoa-anh-dao-chi-tu-489-usd-khu-hoi","0","1","0","10","true","/cam-nang-bay","0","","mapping_defined_unverified","0",""
"https://khangvuongbooking.com/hang-trieu-ve-0-dong-vietjet-khuyen-mai-khung-thang-9/","/hang-trieu-ve-0-dong-vietjet-khuyen-mai-khung-thang-9","0","1","0","10","true","/khuyen-mai","0","","mapping_defined_unverified","0",""
"https://khangvuongbooking.com/jetstar-pacific-sieu-giam-gia-ve-may-bay-chi-con-90-000-vnd/","/jetstar-pacific-sieu-giam-gia-ve-may-bay-chi-con-90-000-vnd","0","1","0","10","true","/khuyen-mai","0","","mapping_defined_unverified","0",""
"https://khangvuongbooking.com/jetstar-uu-dai-bay-ngay-thang-9-ve-chi-tu-11-000d/","/jetstar-uu-dai-bay-ngay-thang-9-ve-chi-tu-11-000d","0","1","0","10","true","/khuyen-mai","0","","mapping_defined_unverified","0",""
"https://khangvuongbooking.com/malaysia-airlines-uu-dai-dac-biet-ve-mot-chieu-sieu-re-chi-tu-938-000d/","/malaysia-airlines-uu-dai-dac-biet-ve-mot-chieu-sieu-re-chi-tu-938-000d","0","1","0","10","true","/khuyen-mai","0","","mapping_defined_unverified","0",""
"https://khangvuongbooking.com/mua-som-gia-tot-ve-di-my-chi-tu-795-usd-khu-hoi-cua-korean-air/","/mua-som-gia-tot-ve-di-my-chi-tu-795-usd-khu-hoi-cua-korean-air","0","1","0","10","true","/cam-nang-bay","0","","mapping_defined_unverified","0",""
"https://khangvuongbooking.com/mua-ve-may-bay-vietnam-airlines-khong-hanh-ly-chi-tu-99-000-vnd/","/mua-ve-may-bay-vietnam-airlines-khong-hanh-ly-chi-tu-99-000-vnd","0","1","0","10","true","/mua-them-hanh-ly-vietnam-airlines","0","","mapping_defined_unverified","0",""
"https://khangvuongbooking.com/sau-ngay-01-04-cac-hang-hang-khong-dong-loat-tang-gia-ve/","/sau-ngay-01-04-cac-hang-hang-khong-dong-loat-tang-gia-ve","0","1","0","10","true","/hang-bay","0","","mapping_defined_unverified","0",""
"https://khangvuongbooking.com/sieu-khuyen-mai-sieu-giam-gia-bay-khap-chau-a-cung-jetstar-voi-ve-may-bay-chi-tu-88-000d/","/sieu-khuyen-mai-sieu-giam-gia-bay-khap-chau-a-cung-jetstar-voi-ve-may-bay-chi-tu-88-000d","0","1","0","10","true","/khuyen-mai","0","","mapping_defined_unverified","0",""
"https://khangvuongbooking.com/tag/chuong-trinh-khuyen-mai-vietnam-airlines/","/tag/chuong-trinh-khuyen-mai-vietnam-airlines","0","1","0","10","true","/khuyen-mai","0","","mapping_defined_unverified","0",""
"https://khangvuongbooking.com/tag/gia-ve-may-bay-di-duc-bao-nhieu-tien/","/tag/gia-ve-may-bay-di-duc-bao-nhieu-tien","0","1","0","10","true","/ve-may-bay","0","","mapping_defined_unverified","0",""
"https://khangvuongbooking.com/tag/khuyen-mai-china-southern-airlines/","/tag/khuyen-mai-china-southern-airlines","0","1","0","10","true","/khuyen-mai","0","","mapping_defined_unverified","0",""
"https://khangvuongbooking.com/tag/khuyen-mai-jetstar/","/tag/khuyen-mai-jetstar","0","1","0","10","true","/khuyen-mai","0","","mapping_defined_unverified","0",""
"https://khangvuongbooking.com/tag/malindo-air/","/tag/malindo-air","0","1","0","10","true","/cam-nang-bay","0","","mapping_defined_unverified","0",""
"https://khangvuongbooking.com/tag/quy-dinh-cua-jetstar-doi-voi-ba-bau-di-may-bay/","/tag/quy-dinh-cua-jetstar-doi-voi-ba-bau-di-may-bay","0","1","0","10","false","","0","","needs_mapping_review","0",""
"https://khangvuongbooking.com/tag/ve-may-bay-di-siem-reap-gia-re/","/tag/ve-may-bay-di-siem-reap-gia-re","0","1","0","10","true","/ve-may-bay","0","","mapping_defined_unverified","0",""
"https://khangvuongbooking.com/tag/ve-may-bay-di-vieng-chan/","/tag/ve-may-bay-di-vieng-chan","0","1","0","10","true","/ve-may-bay","0","","mapping_defined_unverified","0",""
"https://khangvuongbooking.com/tag/ve-may-bay-tiger-air-gia-re/","/tag/ve-may-bay-tiger-air-gia-re","0","1","0","10","true","/ve-may-bay","0","","mapping_defined_unverified","0",""
"https://khangvuongbooking.com/ve-emirates-uu-dai-khu-hoi-bay-dubai-chau-au-chi-tu-17169000d-sieu-tiet-kiem/","/ve-emirates-uu-dai-khu-hoi-bay-dubai-chau-au-chi-tu-17169000d-sieu-tiet-kiem","0","1","0","10","true","/khuyen-mai","0","","mapping_defined_unverified","0",""
"https://khangvuongbooking.com/ve-may-bay-di-canada-gia-re/b","/ve-may-bay-di-canada-gia-re/b","0","1","0","10","false","","0","","needs_mapping_review","0",""
"https://khangvuongbooking.com/ve-may-bay-quoc-te/ve-may-bay-di-macao-gia-re/","/ve-may-bay-quoc-te/ve-may-bay-di-macao-gia-re","0","1","0","10","true","/ve-may-bay","0","","mapping_defined_unverified","0",""
"https://khangvuongbooking.com/5-ngay-vang-thang-7-ve-khu-hoi-quoc-te-vietnam-airlines-chi-tu-124-usd-2/","/5-ngay-vang-thang-7-ve-khu-hoi-quoc-te-vietnam-airlines-chi-tu-124-usd-2","0","1","0","11","true","/hang-bay","0","","mapping_defined_unverified","0",""
"https://khangvuongbooking.com/asiana-uu-dai-hang-thuong-gia-chi-tu-2288-usd-sieu-tiet-kiem/","/asiana-uu-dai-hang-thuong-gia-chi-tu-2288-usd-sieu-tiet-kiem","0","1","0","11","true","/khuyen-mai","0","","mapping_defined_unverified","0",""
"https://khangvuongbooking.com/bamboo-airways-khuyen-mai-dong-gia-18-000-vnd/","/bamboo-airways-khuyen-mai-dong-gia-18-000-vnd","0","1","0","11","true","/khuyen-mai","0","","mapping_defined_unverified","0",""
"https://khangvuongbooking.com/chi-tu-38-usd-ve-tiger-air-de-dang-du-lich-singapore-thang-11/","/chi-tu-38-usd-ve-tiger-air-de-dang-du-lich-singapore-thang-11","0","1","0","11","true","/hang-bay","0","","mapping_defined_unverified","0",""
"https://khangvuongbooking.com/du-lich-han-quoc-sieu-tiet-kiem-cung-ve-cathay-pacific-khu-hoi-chi-tu-204-usd/","/du-lich-han-quoc-sieu-tiet-kiem-cung-ve-cathay-pacific-khu-hoi-chi-tu-204-usd","0","1","0","11","true","/cam-nang-bay","0","","mapping_defined_unverified","0",""
"https://khangvuongbooking.com/khuyen-mai/page/102/","/khuyen-mai/page/102","0","1","0","11","false","","0","","needs_mapping_review","0",""
"https://khangvuongbooking.com/sieu-khuyen-mai-ve-vietjet-air-chi-tu-205000d-don-duong-bay-moi-ha-noi-yangon/","/sieu-khuyen-mai-ve-vietjet-air-chi-tu-205000d-don-duong-bay-moi-ha-noi-yangon","0","1","0","11","true","/khuyen-mai","0","","mapping_defined_unverified","0",""
"https://khangvuongbooking.com/tag/chuong-trinh-khuyen-mai-cua-vietnam-airlines/","/tag/chuong-trinh-khuyen-mai-cua-vietnam-airlines","0","1","0","11","true","/khuyen-mai","0","","mapping_defined_unverified","0",""
"https://khangvuongbooking.com/tag/dai-ly-manlindo-air/","/tag/dai-ly-manlindo-air","0","1","0","11","true","/cam-nang-bay","0","","mapping_defined_unverified","0",""
"https://khangvuongbooking.com/tag/dai-ly-vietnam-airlines/","/tag/dai-ly-vietnam-airlines","0","1","0","11","true","/hang-bay","0","","mapping_defined_unverified","0",""
"https://khangvuongbooking.com/tag/dat-ve-may-bay-etihad-khu-hoi/","/tag/dat-ve-may-bay-etihad-khu-hoi","0","1","0","11","true","/ve-may-bay","0","","mapping_defined_unverified","0",""
"https://khangvuongbooking.com/tag/khuyen-mai-vietjet-ve-0-dong/","/tag/khuyen-mai-vietjet-ve-0-dong","0","1","0","11","true","/khuyen-mai","0","","mapping_defined_unverified","0",""
"https://khangvuongbooking.com/tag/ve-may-bay-di-malaysia-bao-nhieu-tien/","/tag/ve-may-bay-di-malaysia-bao-nhieu-tien","0","1","0","11","true","/ve-may-bay","0","","mapping_defined_unverified","0",""
"https://khangvuongbooking.com/tag/ve-may-bay-di-thanh-pho-ho-chi-minh-gia-re/","/tag/ve-may-bay-di-thanh-pho-ho-chi-minh-gia-re","0","1","0","11","true","/ve-may-bay","0","","mapping_defined_unverified","0",""
"https://khangvuongbooking.com/tag/ve-may-bay-di-thuy-sy-gia-re/","/tag/ve-may-bay-di-thuy-sy-gia-re","0","1","0","11","true","/ve-may-bay","0","","mapping_defined_unverified","0",""
"https://khangvuongbooking.com/tag/ve-may-bay-ha-noi-di-cao-hung-gia-re/","/tag/ve-may-bay-ha-noi-di-cao-hung-gia-re","0","1","0","11","true","/ve-may-bay","0","","mapping_defined_unverified","0",""
"https://khangvuongbooking.com/tag/ve-may-bay-tphcm-di-bangkok/","/tag/ve-may-bay-tphcm-di-bangkok","0","1","0","11","true","/ve-may-bay","0","","mapping_defined_unverified","0",""
"https://khangvuongbooking.com/tag/ve-may-bay-tphcm-di-uc/","/tag/ve-may-bay-tphcm-di-uc","0","1","0","11","true","/ve-may-bay","0","","mapping_defined_unverified","0",""
"https://khangvuongbooking.com/ve-cebu-pacific-uu-dai-bay-ngay-philippines-gia-chi-tu-70-usd/","/ve-cebu-pacific-uu-dai-bay-ngay-philippines-gia-chi-tu-70-usd","0","1","0","11","true","/khuyen-mai","0","","mapping_defined_unverified","0",""
"https://khangvuongbooking.com/vietjet-air-khuyen-mai-hang-trieu-ve-0-dong-black-friday/","/vietjet-air-khuyen-mai-hang-trieu-ve-0-dong-black-friday","0","1","0","11","true","/khuyen-mai","0","","mapping_defined_unverified","0",""
"https://khangvuongbooking.com/mo-ban-ve-may-bay-di-dai-bac-tokyo-tu-bamboo-airways/","/mo-ban-ve-may-bay-di-dai-bac-tokyo-tu-bamboo-airways","0","1","0","12","true","/ve-may-bay","0","","mapping_defined_unverified","0",""
"https://khangvuongbooking.com/tag/cebu-pacific-km-ve-di-manila-tu-70-usd/","/tag/cebu-pacific-km-ve-di-manila-tu-70-usd","0","1","0","12","true","/cam-nang-bay","0","","mapping_defined_unverified","0",""
"https://khangvuongbooking.com/tag/dat-ve-may-bay-di-tp-ho-chi-minh/","/tag/dat-ve-may-bay-di-tp-ho-chi-minh","0","1","0","12","true","/ve-may-bay","0","","mapping_defined_unverified","0",""
"https://khangvuongbooking.com/tag/khuyen-mai-malaysia-airlines/","/tag/khuyen-mai-malaysia-airlines","0","1","0","12","true","/khuyen-mai","0","","mapping_defined_unverified","0",""
"https://khangvuongbooking.com/tag/san-ve-re-cua-singapore-airlines/","/tag/san-ve-re-cua-singapore-airlines","0","1","0","12","true","/hang-bay","0","","mapping_defined_unverified","0",""
"https://khangvuongbooking.com/tag/thu-tuc-giay-to-danh-cho-ba-bau-di-may-bay-vietjet-air/","/tag/thu-tuc-giay-to-danh-cho-ba-bau-di-may-bay-vietjet-air","0","1","0","12","true","/cam-nang-bay","0","","mapping_defined_unverified","0",""
"https://khangvuongbooking.com/tag/ve-may-bay-vietnam-airlines-gia-re/","/tag/ve-may-bay-vietnam-airlines-gia-re","0","1","0","13","true","/ve-may-bay","0","","mapping_defined_unverified","0",""
"https://khangvuongbooking.com/chia-se-bi-quyet-han-che-u-tai-khi-di-may-bay/","/chia-se-bi-quyet-han-che-u-tai-khi-di-may-bay","0","1","0","14","true","/cam-nang-bay","0","","mapping_defined_unverified","0",""
"https://khangvuongbooking.com/tag/dai-ly-ve-may-bay-gia-re-jetstar/","/tag/dai-ly-ve-may-bay-gia-re-jetstar","0","1","0","14","true","/ve-may-bay","0","","mapping_defined_unverified","0",""
"https://khangvuongbooking.com/len-lich-kham-pha-philippines-dau-nam-voi-ve-cebu-uu-dai-chi-tu-60-usd/","/len-lich-kham-pha-philippines-dau-nam-voi-ve-cebu-uu-dai-chi-tu-60-usd","0","1","0","15","true","/khuyen-mai","0","","mapping_defined_unverified","0",""
"https://khangvuongbooking.com/tag/ve-may-bay-bamboo-airways/","/tag/ve-may-bay-bamboo-airways","0","1","0","15","true","/ve-may-bay","0","","mapping_defined_unverified","0",""
"https://khangvuongbooking.com/tag/ve-may-bay-china-southern-airlines-gia-re/","/tag/ve-may-bay-china-southern-airlines-gia-re","0","1","0","15","true","/ve-may-bay","0","","mapping_defined_unverified","0",""
"https://khangvuongbooking.com/tag/dai-ly-eva-air/","/tag/dai-ly-eva-air","0","1","0","16","true","/cam-nang-bay","0","","mapping_defined_unverified","1","dai ly eva air"
"https://khangvuongbooking.com/tag/dat-ve-may-bay-air-asia-khuyen-mai/","/tag/dat-ve-may-bay-air-asia-khuyen-mai","0","1","0","17","true","/khuyen-mai","0","","mapping_defined_unverified","0",""
"https://khangvuongbooking.com/tag/vietjet-mo-duong-bay-thang-viet-nam-den-uc/","/tag/vietjet-mo-duong-bay-thang-viet-nam-den-uc","0","1","0","17","true","/cam-nang-bay","0","","mapping_defined_unverified","0",""
"https://khangvuongbooking.com/wp-content/uploads/2025/09/Long-van-chuyen-cho-meo-di-may-bay_1.jpg","/wp-content/uploads/2025/09/Long-van-chuyen-cho-meo-di-may-bay_1.jpg","0","1","0","17","false","","0","","needs_mapping_review","0",""
"https://khangvuongbooking.com/ve-air-asia-giam-gia-sau-den-50-cho-hanh-trinh-bay-bangkok-tu-viet-nam/","/ve-air-asia-giam-gia-sau-den-50-cho-hanh-trinh-bay-bangkok-tu-viet-nam","0","1","0","18","true","/khuyen-mai","0","","mapping_defined_unverified","0",""
"https://khangvuongbooking.com/wp-content/uploads/2025/09/Ghe-hang-thuong-gia-hang-STARLUX-Airlines.png","/wp-content/uploads/2025/09/Ghe-hang-thuong-gia-hang-STARLUX-Airlines.png","0","1","0","18","false","","0","","needs_mapping_review","0",""
"https://khangvuongbooking.com/di-choi-tet-cung-jetstar-khoi-lo-xa-ve-chi-tu-11k-sieu-re/","/di-choi-tet-cung-jetstar-khoi-lo-xa-ve-chi-tu-11k-sieu-re","0","1","0","19","true","/cam-nang-bay","0","","mapping_defined_unverified","0",""
"https://khangvuongbooking.com/tag/hoan-doi-ve-thai-airways/","/tag/hoan-doi-ve-thai-airways","0","1","0","19","true","/doi-ngay-ve","0","","mapping_defined_unverified","0",""
"https://khangvuongbooking.com/tag/vietjet-air-mo-duong-bay-thang/","/tag/vietjet-air-mo-duong-bay-thang","0","1","0","19","true","/cam-nang-bay","0","","mapping_defined_unverified","0",""
"https://khangvuongbooking.com/tag/khong-su-dung-bang-lai-xe-lam-thu-tuc-di-may-bay/","/tag/khong-su-dung-bang-lai-xe-lam-thu-tuc-di-may-bay","0","1","0","20","true","/cam-nang-bay","0","","mapping_defined_unverified","0",""
"https://khangvuongbooking.com/wp-content/uploads/2025/03/Doi-ve-may-bay-Air-France.webp","/wp-content/uploads/2025/03/Doi-ve-may-bay-Air-France.webp","0","1","0","20","false","","0","","needs_mapping_review","0",""
"https://khangvuongbooking.com/tag/eva-air-km-ve-di-dai-loan-chi-tu-197-usd/","/tag/eva-air-km-ve-di-dai-loan-chi-tu-197-usd","0","1","0","21","true","/cam-nang-bay","0","","mapping_defined_unverified","1","daoi ve eva air"
"https://khangvuongbooking.com/wp-content/uploads/2025/03/Doi-ve-may-bay-KLM.webp","/wp-content/uploads/2025/03/Doi-ve-may-bay-KLM.webp","0","1","0","22","false","","0","","needs_mapping_review","0",""
"https://khangvuongbooking.com/mua-he-ruc-ro-voi-air-asia-chi-tu-40-usd/","/mua-he-ruc-ro-voi-air-asia-chi-tu-40-usd","0","1","0","23","true","/cam-nang-bay","0","","mapping_defined_unverified","0",""
"https://khangvuongbooking.com/wp-content/uploads/2018/02/san-bay-quoc-te-da-nang.jpg","/wp-content/uploads/2018/02/san-bay-quoc-te-da-nang.jpg","0","1","0","23","false","","0","","needs_mapping_review","0",""
"https://khangvuongbooking.com/ve-may-bay-air-asia/","/ve-may-bay-air-asia","0","1","0","24","true","/ve-may-bay","0","","mapping_defined_unverified","0",""
"https://khangvuongbooking.com/wp-content/uploads/2025/05/Xin-visa-du-hoc-Trung-Quoc-can-nhung-gi.webp","/wp-content/uploads/2025/05/Xin-visa-du-hoc-Trung-Quoc-can-nhung-gi.webp","0","1","0","24","false","","0","","needs_mapping_review","0",""
"https://khangvuongbooking.com/air-asia-tha-thinh-ve-di-thai-lan-cuoi-nam-chi-tu-33-usdchieu/","/air-asia-tha-thinh-ve-di-thai-lan-cuoi-nam-chi-tu-33-usdchieu","0","1","0","25","true","/cam-nang-bay","0","","mapping_defined_unverified","0",""
"https://khangvuongbooking.com/wp-content/uploads/2015/12/air-china2-e1449215644258.jpg","/wp-content/uploads/2015/12/air-china2-e1449215644258.jpg","0","1","0","25","false","","0","","needs_mapping_review","0",""
"https://khangvuongbooking.com/wp-content/uploads/2017/03/cd.jpg","/wp-content/uploads/2017/03/cd.jpg","0","1","0","25","false","","0","","needs_mapping_review","0",""
"https://khangvuongbooking.com/tag/ve-may-bay-di-myanmar-gia-re/","/tag/ve-may-bay-di-myanmar-gia-re","0","1","0","27","true","/ve-may-bay","0","","mapping_defined_unverified","0",""
"https://khangvuongbooking.com/mo-duong-bay-moi-ve-vietjet-air-chi-tu-500-000d-chang-ha-noi-singapore/","/mo-duong-bay-moi-ve-vietjet-air-chi-tu-500-000d-chang-ha-noi-singapore","0","1","0","29","true","/hang-bay","0","","mapping_defined_unverified","0",""
"https://khangvuongbooking.com/vietnam-airlines-khuyen-mai-chi-tu-593-000-vnd-thu-5-ruc-ro/","/vietnam-airlines-khuyen-mai-chi-tu-593-000-vnd-thu-5-ruc-ro","0","1","0","29","true","/khuyen-mai","0","","mapping_defined_unverified","0",""
"https://khangvuongbooking.com/tag/am-thuc-hue/","/tag/am-thuc-hue","0","1","0","30","true","/cam-nang-bay","0","","mapping_defined_unverified","0",""
"https://khangvuongbooking.com/wp-content/uploads/2018/02/san-bay-quoc-te-da-nang-2.jpg","/wp-content/uploads/2018/02/san-bay-quoc-te-da-nang-2.jpg","0","1","0","30","false","","0","","needs_mapping_review","0",""
"https://khangvuongbooking.com/wp-content/uploads/2023/06/Com-cuon-rong-bien-Kimbap-noi-tieng-khap-the-gioi.webp","/wp-content/uploads/2023/06/Com-cuon-rong-bien-Kimbap-noi-tieng-khap-the-gioi.webp","0","1","0","30","false","","0","","needs_mapping_review","0",""
"https://khangvuongbooking.com/wp-content/uploads/2025/05/Ve-may-bay-Ho-Chi-Minh-di-Vancouver-Canada.webp","/wp-content/uploads/2025/05/Ve-may-bay-Ho-Chi-Minh-di-Vancouver-Canada.webp","0","1","0","35","false","","0","","needs_mapping_review","0",""
"https://khangvuongbooking.com/tag/hanh-ly-tra-truoc-vietnam-airlines/","/tag/hanh-ly-tra-truoc-vietnam-airlines","0","1","0","37","true","/mua-them-hanh-ly-vietnam-airlines","0","","mapping_defined_unverified","0",""
"https://khangvuongbooking.com/tag/ve-may-bay-0-dong/","/tag/ve-may-bay-0-dong","0","1","0","37","true","/ve-may-bay","0","","mapping_defined_unverified","0",""
"https://khangvuongbooking.com/tag/ve-may-bay-ha-noi-di-malaysia/","/tag/ve-may-bay-ha-noi-di-malaysia","0","1","0","41","true","/ve-may-bay","0","","mapping_defined_unverified","0",""
"https://khangvuongbooking.com/dich-vu-hang-khong/page/7/","/dich-vu-hang-khong/page/7","0","1","0","42","false","","0","","needs_mapping_review","0",""
"https://khangvuongbooking.com/vietjet-air-tung-1-trieu-ve-0-dong-san-ve-ngay-bay-khap-viet-nam/","/vietjet-air-tung-1-trieu-ve-0-dong-san-ve-ngay-bay-khap-viet-nam","0","1","0","42","true","/cam-nang-bay","0","","mapping_defined_unverified","0",""
"https://khangvuongbooking.com/ve-may-bay-di-da-lat/","/ve-may-bay-di-da-lat","0","1","0","44","true","/ve-may-bay","0","","mapping_defined_unverified","0",""
"https://khangvuongbooking.com/vietjet-air-khuyen-mai-quoc-khanh-2-9-giam-50-gia-ve-may-bay/","/vietjet-air-khuyen-mai-quoc-khanh-2-9-giam-50-gia-ve-may-bay","0","1","0","46","true","/khuyen-mai","0","","mapping_defined_unverified","0",""
"https://khangvuongbooking.com/tag/ve-may-bay-asiana-airlines/","/tag/ve-may-bay-asiana-airlines","0","1","0","47","true","/ve-may-bay","0","","mapping_defined_unverified","1","đại lý vé máy bay asiana airlines"
"https://khangvuongbooking.com/ve-may-bay-di-con-dao/","/ve-may-bay-di-con-dao","0","1","0","47","true","/ve-may-bay","0","","mapping_defined_unverified","0",""
"https://khangvuongbooking.com/hanh-trinh-du-lich-voi-ve-cebu-chi-tu-59-usd-den-philippines/","/hanh-trinh-du-lich-voi-ve-cebu-chi-tu-59-usd-den-philippines","0","1","0","48","true","/cam-nang-bay","0","","mapping_defined_unverified","0",""
"https://khangvuongbooking.com/tag/book-ve-may-bay-di-han-quoc/","/tag/book-ve-may-bay-di-han-quoc","0","1","0","50","true","/ve-may-bay","0","","mapping_defined_unverified","0",""
"https://khangvuongbooking.com/tag/gia-ve-may-bay-di-hong-kong-bao-nhieu-tien/","/tag/gia-ve-may-bay-di-hong-kong-bao-nhieu-tien","0","1","0","50","true","/ve-may-bay","0","","mapping_defined_unverified","0",""
"https://khangvuongbooking.com/tag/ve-may-bay-di-phuket/","/tag/ve-may-bay-di-phuket","0","1","0","50","true","/ve-may-bay","0","","mapping_defined_unverified","0",""
"https://khangvuongbooking.com/wp-content/uploads/2022/10/Los-Angeles-con-duoc-biet-den-la-kinh-do-anh-sang-cua-Bang-California.webp","/wp-content/uploads/2022/10/Los-Angeles-con-duoc-biet-den-la-kinh-do-anh-sang-cua-Bang-California.webp","0","1","0","64","false","","0","","needs_mapping_review","0",""
"https://khangvuongbooking.com/khuyen-mai-vietnam-airlines-du-lich-tha-ga-don-mung-nam-moi/","/khuyen-mai-vietnam-airlines-du-lich-tha-ga-don-mung-nam-moi","0","1","0","66","true","/khuyen-mai","0","","mapping_defined_unverified","0",""
"https://khangvuongbooking.com/wp-content/uploads/2015/10/germany.jpg","/wp-content/uploads/2015/10/germany.jpg","0","1","0","70","false","","0","","needs_mapping_review","0",""
"https://khangvuongbooking.com/chao-mung-seagame-31-san-ve-re-cung-vietjet-air/","/chao-mung-seagame-31-san-ve-re-cung-vietjet-air","0","1","0","72","true","/cam-nang-bay","0","","mapping_defined_unverified","0",""
"https://khangvuongbooking.com/dich-vu-hang-khong/page/4/","/dich-vu-hang-khong/page/4","0","1","0","83","false","","0","","needs_mapping_review","1","site:khangvuongbooking.com"
"https://khangvuongbooking.com/thong-bao-lich-nghi-tet-at-ty-2025/","/thong-bao-lich-nghi-tet-at-ty-2025","0","1","0","83","true","/cam-nang-bay","0","","mapping_defined_unverified","1","site:khangvuongbooking.com"
"https://khangvuongbooking.com/uu-dai-mua-thu-ve-nok-air-bay-thai-lan-chi-tu-34-usd-sieu-km/","/uu-dai-mua-thu-ve-nok-air-bay-thai-lan-chi-tu-34-usd-sieu-km","0","1","0","85","true","/khuyen-mai","0","","mapping_defined_unverified","0",""
"https://khangvuongbooking.com/wp-content/uploads/2025/03/Doi-ve-may-bay-Delta-Airlines.webp","/wp-content/uploads/2025/03/Doi-ve-may-bay-Delta-Airlines.webp","0","1","0","94","false","","0","","needs_mapping_review","0",""
"https://khangvuongbooking.com/ve-tu-35-usd-den-kuala-lumpur-quay-tung-malaysia-cung-air-asia/","/ve-tu-35-usd-den-kuala-lumpur-quay-tung-malaysia-cung-air-asia","0","1","0","99","true","/cam-nang-bay","0","","mapping_defined_unverified","0",""
"https://khangvuongbooking.com/ve-may-bay-di-han-quoc/","/ve-may-bay-di-han-quoc","0","1","0","101","true","/ve-may-bay","0","","mapping_defined_unverified","0",""
"https://khangvuongbooking.com/tag/chuong-trinh-km-cua-cebu-pacific/","/tag/chuong-trinh-km-cua-cebu-pacific","0","1","0","108","true","/cam-nang-bay","0","","mapping_defined_unverified","0",""
"https://khangvuongbooking.com/tag/han-che-u-tai-khi-di-may-bay/","/tag/han-che-u-tai-khi-di-may-bay","0","1","0","146","true","/cam-nang-bay","0","","mapping_defined_unverified","1","site:khangvuongbooking.com"
